$MeshFormat
4.1 0 8
$EndMeshFormat
$Entities
0 0 1 0
1 -0.09457160000000001 0 -0.0618736 0.06093460000000001 0.186643 0.05868950000000001 0 0 
$EndEntities
$Nodes
1 8146 1 8146
2 1 0 8146
1
2
3
4
5
6
7
8
9
10
11
12
13
14
15
16
17
18
19
20
21
22
23
24
25
26
27
28
29
30
31
32
33
34
35
36
37
38
39
40
41
42
43
44
45
46
47
48
49
50
51
52
53
54
55
56
57
58
59
60
61
62
63
64
65
66
67
68
69
70
71
72
73
74
75
76
77
78
79
80
81
82
83
84
85
86
87
88
89
90
91
92
93
94
95
96
97
98
99
100
101
102
103
104
105
106
107
108
109
110
111
112
113
114
115
116
117
118
119
120
121
122
123
124
125
126
127
128
129
130
131
132
133
134
135
136
137
138
139
140
141
142
143
144
145
146
147
148
149
150
151
152
153
154
155
156
157
158
159
160
161
162
163
164
165
166
167
168
169
170
171
172
173
174
175
176
177
178
179
180
181
182
183
184
185
186
187
188
189
190
191
192
193
194
195
196
197
198
199
200
201
202
203
204
205
206
207
208
209
210
211
212
213
214
215
216
217
218
219
220
221
222
223
224
225
226
227
228
229
230
231
232
233
234
235
236
237
238
239
240
241
242
243
244
245
246
247
248
249
250
251
252
253
254
255
256
257
258
259
260
261
262
263
264
265
266
267
268
269
270
271
272
273
274
275
276
277
278
279
280
281
282
283
284
285
286
287
288
289
290
291
292
293
294
295
296
297
298
299
300
301
302
303
304
305
306
307
308
309
310
311
312
313
314
315
316
317
318
319
320
321
322
323
324
325
326
327
328
329
330
331
332
333
334
335
336
337
338
339
340
341
342
343
344
345
346
347
348
349
350
351
352
353
354
355
356
357
358
359
360
361
362
363
364
365
366
367
368
369
370
371
372
373
374
375
376
377
378
379
380
381
382
383
384
385
386
387
388
389
390
391
392
393
394
395
396
397
398
399
400
401
402
403
404
405
406
407
408
409
410
411
412
413
414
415
416
417
418
419
420
421
422
423
424
425
426
427
428
429
430
431
432
433
434
435
436
437
438
439
440
441
442
443
444
445
446
447
448
449
450
451
452
453
454
455
456
457
458
459
460
461
462
463
464
465
466
467
468
469
470
471
472
473
474
475
476
477
478
479
480
481
482
483
484
485
486
487
488
489
490
491
492
493
494
495
496
497
498
499
500
501
502
503
504
505
506
507
508
509
510
511
512
513
514
515
516
517
518
519
520
521
522
523
524
525
526
527
528
529
530
531
532
533
534
535
536
537
538
539
540
541
542
543
544
545
546
547
548
549
550
551
552
553
554
555
556
557
558
559
560
561
562
563
564
565
566
567
568
569
570
571
572
573
574
575
576
577
578
579
580
581
582
583
584
585
586
587
588
589
590
591
592
593
594
595
596
597
598
599
600
601
602
603
604
605
606
607
608
609
610
611
612
613
614
615
616
617
618
619
620
621
622
623
624
625
626
627
628
629
630
631
632
633
634
635
636
637
638
639
640
641
642
643
644
645
646
647
648
649
650
651
652
653
654
655
656
657
658
659
660
661
662
663
664
665
666
667
668
669
670
671
672
673
674
675
676
677
678
679
680
681
682
683
684
685
686
687
688
689
690
691
692
693
694
695
696
697
698
699
700
701
702
703
704
705
706
707
708
709
710
711
712
713
714
715
716
717
718
719
720
721
722
723
724
725
726
727
728
729
730
731
732
733
734
735
736
737
738
739
740
741
742
743
744
745
746
747
748
749
750
751
752
753
754
755
756
757
758
759
760
761
762
763
764
765
766
767
768
769
770
771
772
773
774
775
776
777
778
779
780
781
782
783
784
785
786
787
788
789
790
791
792
793
794
795
796
797
798
799
800
801
802
803
804
805
806
807
808
809
810
811
812
813
814
815
816
817
818
819
820
821
822
823
824
825
826
827
828
829
830
831
832
833
834
835
836
837
838
839
840
841
842
843
844
845
846
847
848
849
850
851
852
853
854
855
856
857
858
859
860
861
862
863
864
865
866
867
868
869
870
871
872
873
874
875
876
877
878
879
880
881
882
883
884
885
886
887
888
889
890
891
892
893
894
895
896
897
898
899
900
901
902
903
904
905
906
907
908
909
910
911
912
913
914
915
916
917
918
919
920
921
922
923
924
925
926
927
928
929
930
931
932
933
934
935
936
937
938
939
940
941
942
943
944
945
946
947
948
949
950
951
952
953
954
955
956
957
958
959
960
961
962
963
964
965
966
967
968
969
970
971
972
973
974
975
976
977
978
979
980
981
982
983
984
985
986
987
988
989
990
991
992
993
994
995
996
997
998
999
1000
1001
1002
1003
1004
1005
1006
1007
1008
1009
1010
1011
1012
1013
1014
1015
1016
1017
1018
1019
1020
1021
1022
1023
1024
1025
1026
1027
1028
1029
1030
1031
1032
1033
1034
1035
1036
1037
1038
1039
1040
1041
1042
1043
1044
1045
1046
1047
1048
1049
1050
1051
1052
1053
1054
1055
1056
1057
1058
1059
1060
1061
1062
1063
1064
1065
1066
1067
1068
1069
1070
1071
1072
1073
1074
1075
1076
1077
1078
1079
1080
1081
1082
1083
1084
1085
1086
1087
1088
1089
1090
1091
1092
1093
1094
1095
1096
1097
1098
1099
1100
1101
1102
1103
1104
1105
1106
1107
1108
1109
1110
1111
1112
1113
1114
1115
1116
1117
1118
1119
1120
1121
1122
1123
1124
1125
1126
1127
1128
1129
1130
1131
1132
1133
1134
1135
1136
1137
1138
1139
1140
1141
1142
1143
1144
1145
1146
1147
1148
1149
1150
1151
1152
1153
1154
1155
1156
1157
1158
1159
1160
1161
1162
1163
1164
1165
1166
1167
1168
1169
1170
1171
1172
1173
1174
1175
1176
1177
1178
1179
1180
1181
1182
1183
1184
1185
1186
1187
1188
1189
1190
1191
1192
1193
1194
1195
1196
1197
1198
1199
1200
1201
1202
1203
1204
1205
1206
1207
1208
1209
1210
1211
1212
1213
1214
1215
1216
1217
1218
1219
1220
1221
1222
1223
1224
1225
1226
1227
1228
1229
1230
1231
1232
1233
1234
1235
1236
1237
1238
1239
1240
1241
1242
1243
1244
1245
1246
1247
1248
1249
1250
1251
1252
1253
1254
1255
1256
1257
1258
1259
1260
1261
1262
1263
1264
1265
1266
1267
1268
1269
1270
1271
1272
1273
1274
1275
1276
1277
1278
1279
1280
1281
1282
1283
1284
1285
1286
1287
1288
1289
1290
1291
1292
1293
1294
1295
1296
1297
1298
1299
1300
1301
1302
1303
1304
1305
1306
1307
1308
1309
1310
1311
1312
1313
1314
1315
1316
1317
1318
1319
1320
1321
1322
1323
1324
1325
1326
1327
1328
1329
1330
1331
1332
1333
1334
1335
1336
1337
1338
1339
1340
1341
1342
1343
1344
1345
1346
1347
1348
1349
1350
1351
1352
1353
1354
1355
1356
1357
1358
1359
1360
1361
1362
1363
1364
1365
1366
1367
1368
1369
1370
1371
1372
1373
1374
1375
1376
1377
1378
1379
1380
1381
1382
1383
1384
1385
1386
1387
1388
1389
1390
1391
1392
1393
1394
1395
1396
1397
1398
1399
1400
1401
1402
1403
1404
1405
1406
1407
1408
1409
1410
1411
1412
1413
1414
1415
1416
1417
1418
1419
1420
1421
1422
1423
1424
1425
1426
1427
1428
1429
1430
1431
1432
1433
1434
1435
1436
1437
1438
1439
1440
1441
1442
1443
1444
1445
1446
1447
1448
1449
1450
1451
1452
1453
1454
1455
1456
1457
1458
1459
1460
1461
1462
1463
1464
1465
1466
1467
1468
1469
1470
1471
1472
1473
1474
1475
1476
1477
1478
1479
1480
1481
1482
1483
1484
1485
1486
1487
1488
1489
1490
1491
1492
1493
1494
1495
1496
1497
1498
1499
1500
1501
1502
1503
1504
1505
1506
1507
1508
1509
1510
1511
1512
1513
1514
1515
1516
1517
1518
1519
1520
1521
1522
1523
1524
1525
1526
1527
1528
1529
1530
1531
1532
1533
1534
1535
1536
1537
1538
1539
1540
1541
1542
1543
1544
1545
1546
1547
1548
1549
1550
1551
1552
1553
1554
1555
1556
1557
1558
1559
1560
1561
1562
1563
1564
1565
1566
1567
1568
1569
1570
1571
1572
1573
1574
1575
1576
1577
1578
1579
1580
1581
1582
1583
1584
1585
1586
1587
1588
1589
1590
1591
1592
1593
1594
1595
1596
1597
1598
1599
1600
1601
1602
1603
1604
1605
1606
1607
1608
1609
1610
1611
1612
1613
1614
1615
1616
1617
1618
1619
1620
1621
1622
1623
1624
1625
1626
1627
1628
1629
1630
1631
1632
1633
1634
1635
1636
1637
1638
1639
1640
1641
1642
1643
1644
1645
1646
1647
1648
1649
1650
1651
1652
1653
1654
1655
1656
1657
1658
1659
1660
1661
1662
1663
1664
1665
1666
1667
1668
1669
1670
1671
1672
1673
1674
1675
1676
1677
1678
1679
1680
1681
1682
1683
1684
1685
1686
1687
1688
1689
1690
1691
1692
1693
1694
1695
1696
1697
1698
1699
1700
1701
1702
1703
1704
1705
1706
1707
1708
1709
1710
1711
1712
1713
1714
1715
1716
1717
1718
1719
1720
1721
1722
1723
1724
1725
1726
1727
1728
1729
1730
1731
1732
1733
1734
1735
1736
1737
1738
1739
1740
1741
1742
1743
1744
1745
1746
1747
1748
1749
1750
1751
1752
1753
1754
1755
1756
1757
1758
1759
1760
1761
1762
1763
1764
1765
1766
1767
1768
1769
1770
1771
1772
1773
1774
1775
1776
1777
1778
1779
1780
1781
1782
1783
1784
1785
1786
1787
1788
1789
1790
1791
1792
1793
1794
1795
1796
1797
1798
1799
1800
1801
1802
1803
1804
1805
1806
1807
1808
1809
1810
1811
1812
1813
1814
1815
1816
1817
1818
1819
1820
1821
1822
1823
1824
1825
1826
1827
1828
1829
1830
1831
1832
1833
1834
1835
1836
1837
1838
1839
1840
1841
1842
1843
1844
1845
1846
1847
1848
1849
1850
1851
1852
1853
1854
1855
1856
1857
1858
1859
1860
1861
1862
1863
1864
1865
1866
1867
1868
1869
1870
1871
1872
1873
1874
1875
1876
1877
1878
1879
1880
1881
1882
1883
1884
1885
1886
1887
1888
1889
1890
1891
1892
1893
1894
1895
1896
1897
1898
1899
1900
1901
1902
1903
1904
1905
1906
1907
1908
1909
1910
1911
1912
1913
1914
1915
1916
1917
1918
1919
1920
1921
1922
1923
1924
1925
1926
1927
1928
1929
1930
1931
1932
1933
1934
1935
1936
1937
1938
1939
1940
1941
1942
1943
1944
1945
1946
1947
1948
1949
1950
1951
1952
1953
1954
1955
1956
1957
1958
1959
1960
1961
1962
1963
1964
1965
1966
1967
1968
1969
1970
1971
1972
1973
1974
1975
1976
1977
1978
1979
1980
1981
1982
1983
1984
1985
1986
1987
1988
1989
1990
1991
1992
1993
1994
1995
1996
1997
1998
1999
2000
2001
2002
2003
2004
2005
2006
2007
2008
2009
2010
2011
2012
2013
2014
2015
2016
2017
2018
2019
2020
2021
2022
2023
2024
2025
2026
2027
2028
2029
2030
2031
2032
2033
2034
2035
2036
2037
2038
2039
2040
2041
2042
2043
2044
2045
2046
2047
2048
2049
2050
2051
2052
2053
2054
2055
2056
2057
2058
2059
2060
2061
2062
2063
2064
2065
2066
2067
2068
2069
2070
2071
2072
2073
2074
2075
2076
2077
2078
2079
2080
2081
2082
2083
2084
2085
2086
2087
2088
2089
2090
2091
2092
2093
2094
2095
2096
2097
2098
2099
2100
2101
2102
2103
2104
2105
2106
2107
2108
2109
2110
2111
2112
2113
2114
2115
2116
2117
2118
2119
2120
2121
2122
2123
2124
2125
2126
2127
2128
2129
2130
2131
2132
2133
2134
2135
2136
2137
2138
2139
2140
2141
2142
2143
2144
2145
2146
2147
2148
2149
2150
2151
2152
2153
2154
2155
2156
2157
2158
2159
2160
2161
2162
2163
2164
2165
2166
2167
2168
2169
2170
2171
2172
2173
2174
2175
2176
2177
2178
2179
2180
2181
2182
2183
2184
2185
2186
2187
2188
2189
2190
2191
2192
2193
2194
2195
2196
2197
2198
2199
2200
2201
2202
2203
2204
2205
2206
2207
2208
2209
2210
2211
2212
2213
2214
2215
2216
2217
2218
2219
2220
2221
2222
2223
2224
2225
2226
2227
2228
2229
2230
2231
2232
2233
2234
2235
2236
2237
2238
2239
2240
2241
2242
2243
2244
2245
2246
2247
2248
2249
2250
2251
2252
2253
2254
2255
2256
2257
2258
2259
2260
2261
2262
2263
2264
2265
2266
2267
2268
2269
2270
2271
2272
2273
2274
2275
2276
2277
2278
2279
2280
2281
2282
2283
2284
2285
2286
2287
2288
2289
2290
2291
2292
2293
2294
2295
2296
2297
2298
2299
2300
2301
2302
2303
2304
2305
2306
2307
2308
2309
2310
2311
2312
2313
2314
2315
2316
2317
2318
2319
2320
2321
2322
2323
2324
2325
2326
2327
2328
2329
2330
2331
2332
2333
2334
2335
2336
2337
2338
2339
2340
2341
2342
2343
2344
2345
2346
2347
2348
2349
2350
2351
2352
2353
2354
2355
2356
2357
2358
2359
2360
2361
2362
2363
2364
2365
2366
2367
2368
2369
2370
2371
2372
2373
2374
2375
2376
2377
2378
2379
2380
2381
2382
2383
2384
2385
2386
2387
2388
2389
2390
2391
2392
2393
2394
2395
2396
2397
2398
2399
2400
2401
2402
2403
2404
2405
2406
2407
2408
2409
2410
2411
2412
2413
2414
2415
2416
2417
2418
2419
2420
2421
2422
2423
2424
2425
2426
2427
2428
2429
2430
2431
2432
2433
2434
2435
2436
2437
2438
2439
2440
2441
2442
2443
2444
2445
2446
2447
2448
2449
2450
2451
2452
2453
2454
2455
2456
2457
2458
2459
2460
2461
2462
2463
2464
2465
2466
2467
2468
2469
2470
2471
2472
2473
2474
2475
2476
2477
2478
2479
2480
2481
2482
2483
2484
2485
2486
2487
2488
2489
2490
2491
2492
2493
2494
2495
2496
2497
2498
2499
2500
2501
2502
2503
2504
2505
2506
2507
2508
2509
2510
2511
2512
2513
2514
2515
2516
2517
2518
2519
2520
2521
2522
2523
2524
2525
2526
2527
2528
2529
2530
2531
2532
2533
2534
2535
2536
2537
2538
2539
2540
2541
2542
2543
2544
2545
2546
2547
2548
2549
2550
2551
2552
2553
2554
2555
2556
2557
2558
2559
2560
2561
2562
2563
2564
2565
2566
2567
2568
2569
2570
2571
2572
2573
2574
2575
2576
2577
2578
2579
2580
2581
2582
2583
2584
2585
2586
2587
2588
2589
2590
2591
2592
2593
2594
2595
2596
2597
2598
2599
2600
2601
2602
2603
2604
2605
2606
2607
2608
2609
2610
2611
2612
2613
2614
2615
2616
2617
2618
2619
2620
2621
2622
2623
2624
2625
2626
2627
2628
2629
2630
2631
2632
2633
2634
2635
2636
2637
2638
2639
2640
2641
2642
2643
2644
2645
2646
2647
2648
2649
2650
2651
2652
2653
2654
2655
2656
2657
2658
2659
2660
2661
2662
2663
2664
2665
2666
2667
2668
2669
2670
2671
2672
2673
2674
2675
2676
2677
2678
2679
2680
2681
2682
2683
2684
2685
2686
2687
2688
2689
2690
2691
2692
2693
2694
2695
2696
2697
2698
2699
2700
2701
2702
2703
2704
2705
2706
2707
2708
2709
2710
2711
2712
2713
2714
2715
2716
2717
2718
2719
2720
2721
2722
2723
2724
2725
2726
2727
2728
2729
2730
2731
2732
2733
2734
2735
2736
2737
2738
2739
2740
2741
2742
2743
2744
2745
2746
2747
2748
2749
2750
2751
2752
2753
2754
2755
2756
2757
2758
2759
2760
2761
2762
2763
2764
2765
2766
2767
2768
2769
2770
2771
2772
2773
2774
2775
2776
2777
2778
2779
2780
2781
2782
2783
2784
2785
2786
2787
2788
2789
2790
2791
2792
2793
2794
2795
2796
2797
2798
2799
2800
2801
2802
2803
2804
2805
2806
2807
2808
2809
2810
2811
2812
2813
2814
2815
2816
2817
2818
2819
2820
2821
2822
2823
2824
2825
2826
2827
2828
2829
2830
2831
2832
2833
2834
2835
2836
2837
2838
2839
2840
2841
2842
2843
2844
2845
2846
2847
2848
2849
2850
2851
2852
2853
2854
2855
2856
2857
2858
2859
2860
2861
2862
2863
2864
2865
2866
2867
2868
2869
2870
2871
2872
2873
2874
2875
2876
2877
2878
2879
2880
2881
2882
2883
2884
2885
2886
2887
2888
2889
2890
2891
2892
2893
2894
2895
2896
2897
2898
2899
2900
2901
2902
2903
2904
2905
2906
2907
2908
2909
2910
2911
2912
2913
2914
2915
2916
2917
2918
2919
2920
2921
2922
2923
2924
2925
2926
2927
2928
2929
2930
2931
2932
2933
2934
2935
2936
2937
2938
2939
2940
2941
2942
2943
2944
2945
2946
2947
2948
2949
2950
2951
2952
2953
2954
2955
2956
2957
2958
2959
2960
2961
2962
2963
2964
2965
2966
2967
2968
2969
2970
2971
2972
2973
2974
2975
2976
2977
2978
2979
2980
2981
2982
2983
2984
2985
2986
2987
2988
2989
2990
2991
2992
2993
2994
2995
2996
2997
2998
2999
3000
3001
3002
3003
3004
3005
3006
3007
3008
3009
3010
3011
3012
3013
3014
3015
3016
3017
3018
3019
3020
3021
3022
3023
3024
3025
3026
3027
3028
3029
3030
3031
3032
3033
3034
3035
3036
3037
3038
3039
3040
3041
3042
3043
3044
3045
3046
3047
3048
3049
3050
3051
3052
3053
3054
3055
3056
3057
3058
3059
3060
3061
3062
3063
3064
3065
3066
3067
3068
3069
3070
3071
3072
3073
3074
3075
3076
3077
3078
3079
3080
3081
3082
3083
3084
3085
3086
3087
3088
3089
3090
3091
3092
3093
3094
3095
3096
3097
3098
3099
3100
3101
3102
3103
3104
3105
3106
3107
3108
3109
3110
3111
3112
3113
3114
3115
3116
3117
3118
3119
3120
3121
3122
3123
3124
3125
3126
3127
3128
3129
3130
3131
3132
3133
3134
3135
3136
3137
3138
3139
3140
3141
3142
3143
3144
3145
3146
3147
3148
3149
3150
3151
3152
3153
3154
3155
3156
3157
3158
3159
3160
3161
3162
3163
3164
3165
3166
3167
3168
3169
3170
3171
3172
3173
3174
3175
3176
3177
3178
3179
3180
3181
3182
3183
3184
3185
3186
3187
3188
3189
3190
3191
3192
3193
3194
3195
3196
3197
3198
3199
3200
3201
3202
3203
3204
3205
3206
3207
3208
3209
3210
3211
3212
3213
3214
3215
3216
3217
3218
3219
3220
3221
3222
3223
3224
3225
3226
3227
3228
3229
3230
3231
3232
3233
3234
3235
3236
3237
3238
3239
3240
3241
3242
3243
3244
3245
3246
3247
3248
3249
3250
3251
3252
3253
3254
3255
3256
3257
3258
3259
3260
3261
3262
3263
3264
3265
3266
3267
3268
3269
3270
3271
3272
3273
3274
3275
3276
3277
3278
3279
3280
3281
3282
3283
3284
3285
3286
3287
3288
3289
3290
3291
3292
3293
3294
3295
3296
3297
3298
3299
3300
3301
3302
3303
3304
3305
3306
3307
3308
3309
3310
3311
3312
3313
3314
3315
3316
3317
3318
3319
3320
3321
3322
3323
3324
3325
3326
3327
3328
3329
3330
3331
3332
3333
3334
3335
3336
3337
3338
3339
3340
3341
3342
3343
3344
3345
3346
3347
3348
3349
3350
3351
3352
3353
3354
3355
3356
3357
3358
3359
3360
3361
3362
3363
3364
3365
3366
3367
3368
3369
3370
3371
3372
3373
3374
3375
3376
3377
3378
3379
3380
3381
3382
3383
3384
3385
3386
3387
3388
3389
3390
3391
3392
3393
3394
3395
3396
3397
3398
3399
3400
3401
3402
3403
3404
3405
3406
3407
3408
3409
3410
3411
3412
3413
3414
3415
3416
3417
3418
3419
3420
3421
3422
3423
3424
3425
3426
3427
3428
3429
3430
3431
3432
3433
3434
3435
3436
3437
3438
3439
3440
3441
3442
3443
3444
3445
3446
3447
3448
3449
3450
3451
3452
3453
3454
3455
3456
3457
3458
3459
3460
3461
3462
3463
3464
3465
3466
3467
3468
3469
3470
3471
3472
3473
3474
3475
3476
3477
3478
3479
3480
3481
3482
3483
3484
3485
3486
3487
3488
3489
3490
3491
3492
3493
3494
3495
3496
3497
3498
3499
3500
3501
3502
3503
3504
3505
3506
3507
3508
3509
3510
3511
3512
3513
3514
3515
3516
3517
3518
3519
3520
3521
3522
3523
3524
3525
3526
3527
3528
3529
3530
3531
3532
3533
3534
3535
3536
3537
3538
3539
3540
3541
3542
3543
3544
3545
3546
3547
3548
3549
3550
3551
3552
3553
3554
3555
3556
3557
3558
3559
3560
3561
3562
3563
3564
3565
3566
3567
3568
3569
3570
3571
3572
3573
3574
3575
3576
3577
3578
3579
3580
3581
3582
3583
3584
3585
3586
3587
3588
3589
3590
3591
3592
3593
3594
3595
3596
3597
3598
3599
3600
3601
3602
3603
3604
3605
3606
3607
3608
3609
3610
3611
3612
3613
3614
3615
3616
3617
3618
3619
3620
3621
3622
3623
3624
3625
3626
3627
3628
3629
3630
3631
3632
3633
3634
3635
3636
3637
3638
3639
3640
3641
3642
3643
3644
3645
3646
3647
3648
3649
3650
3651
3652
3653
3654
3655
3656
3657
3658
3659
3660
3661
3662
3663
3664
3665
3666
3667
3668
3669
3670
3671
3672
3673
3674
3675
3676
3677
3678
3679
3680
3681
3682
3683
3684
3685
3686
3687
3688
3689
3690
3691
3692
3693
3694
3695
3696
3697
3698
3699
3700
3701
3702
3703
3704
3705
3706
3707
3708
3709
3710
3711
3712
3713
3714
3715
3716
3717
3718
3719
3720
3721
3722
3723
3724
3725
3726
3727
3728
3729
3730
3731
3732
3733
3734
3735
3736
3737
3738
3739
3740
3741
3742
3743
3744
3745
3746
3747
3748
3749
3750
3751
3752
3753
3754
3755
3756
3757
3758
3759
3760
3761
3762
3763
3764
3765
3766
3767
3768
3769
3770
3771
3772
3773
3774
3775
3776
3777
3778
3779
3780
3781
3782
3783
3784
3785
3786
3787
3788
3789
3790
3791
3792
3793
3794
3795
3796
3797
3798
3799
3800
3801
3802
3803
3804
3805
3806
3807
3808
3809
3810
3811
3812
3813
3814
3815
3816
3817
3818
3819
3820
3821
3822
3823
3824
3825
3826
3827
3828
3829
3830
3831
3832
3833
3834
3835
3836
3837
3838
3839
3840
3841
3842
3843
3844
3845
3846
3847
3848
3849
3850
3851
3852
3853
3854
3855
3856
3857
3858
3859
3860
3861
3862
3863
3864
3865
3866
3867
3868
3869
3870
3871
3872
3873
3874
3875
3876
3877
3878
3879
3880
3881
3882
3883
3884
3885
3886
3887
3888
3889
3890
3891
3892
3893
3894
3895
3896
3897
3898
3899
3900
3901
3902
3903
3904
3905
3906
3907
3908
3909
3910
3911
3912
3913
3914
3915
3916
3917
3918
3919
3920
3921
3922
3923
3924
3925
3926
3927
3928
3929
3930
3931
3932
3933
3934
3935
3936
3937
3938
3939
3940
3941
3942
3943
3944
3945
3946
3947
3948
3949
3950
3951
3952
3953
3954
3955
3956
3957
3958
3959
3960
3961
3962
3963
3964
3965
3966
3967
3968
3969
3970
3971
3972
3973
3974
3975
3976
3977
3978
3979
3980
3981
3982
3983
3984
3985
3986
3987
3988
3989
3990
3991
3992
3993
3994
3995
3996
3997
3998
3999
4000
4001
4002
4003
4004
4005
4006
4007
4008
4009
4010
4011
4012
4013
4014
4015
4016
4017
4018
4019
4020
4021
4022
4023
4024
4025
4026
4027
4028
4029
4030
4031
4032
4033
4034
4035
4036
4037
4038
4039
4040
4041
4042
4043
4044
4045
4046
4047
4048
4049
4050
4051
4052
4053
4054
4055
4056
4057
4058
4059
4060
4061
4062
4063
4064
4065
4066
4067
4068
4069
4070
4071
4072
4073
4074
4075
4076
4077
4078
4079
4080
4081
4082
4083
4084
4085
4086
4087
4088
4089
4090
4091
4092
4093
4094
4095
4096
4097
4098
4099
4100
4101
4102
4103
4104
4105
4106
4107
4108
4109
4110
4111
4112
4113
4114
4115
4116
4117
4118
4119
4120
4121
4122
4123
4124
4125
4126
4127
4128
4129
4130
4131
4132
4133
4134
4135
4136
4137
4138
4139
4140
4141
4142
4143
4144
4145
4146
4147
4148
4149
4150
4151
4152
4153
4154
4155
4156
4157
4158
4159
4160
4161
4162
4163
4164
4165
4166
4167
4168
4169
4170
4171
4172
4173
4174
4175
4176
4177
4178
4179
4180
4181
4182
4183
4184
4185
4186
4187
4188
4189
4190
4191
4192
4193
4194
4195
4196
4197
4198
4199
4200
4201
4202
4203
4204
4205
4206
4207
4208
4209
4210
4211
4212
4213
4214
4215
4216
4217
4218
4219
4220
4221
4222
4223
4224
4225
4226
4227
4228
4229
4230
4231
4232
4233
4234
4235
4236
4237
4238
4239
4240
4241
4242
4243
4244
4245
4246
4247
4248
4249
4250
4251
4252
4253
4254
4255
4256
4257
4258
4259
4260
4261
4262
4263
4264
4265
4266
4267
4268
4269
4270
4271
4272
4273
4274
4275
4276
4277
4278
4279
4280
4281
4282
4283
4284
4285
4286
4287
4288
4289
4290
4291
4292
4293
4294
4295
4296
4297
4298
4299
4300
4301
4302
4303
4304
4305
4306
4307
4308
4309
4310
4311
4312
4313
4314
4315
4316
4317
4318
4319
4320
4321
4322
4323
4324
4325
4326
4327
4328
4329
4330
4331
4332
4333
4334
4335
4336
4337
4338
4339
4340
4341
4342
4343
4344
4345
4346
4347
4348
4349
4350
4351
4352
4353
4354
4355
4356
4357
4358
4359
4360
4361
4362
4363
4364
4365
4366
4367
4368
4369
4370
4371
4372
4373
4374
4375
4376
4377
4378
4379
4380
4381
4382
4383
4384
4385
4386
4387
4388
4389
4390
4391
4392
4393
4394
4395
4396
4397
4398
4399
4400
4401
4402
4403
4404
4405
4406
4407
4408
4409
4410
4411
4412
4413
4414
4415
4416
4417
4418
4419
4420
4421
4422
4423
4424
4425
4426
4427
4428
4429
4430
4431
4432
4433
4434
4435
4436
4437
4438
4439
4440
4441
4442
4443
4444
4445
4446
4447
4448
4449
4450
4451
4452
4453
4454
4455
4456
4457
4458
4459
4460
4461
4462
4463
4464
4465
4466
4467
4468
4469
4470
4471
4472
4473
4474
4475
4476
4477
4478
4479
4480
4481
4482
4483
4484
4485
4486
4487
4488
4489
4490
4491
4492
4493
4494
4495
4496
4497
4498
4499
4500
4501
4502
4503
4504
4505
4506
4507
4508
4509
4510
4511
4512
4513
4514
4515
4516
4517
4518
4519
4520
4521
4522
4523
4524
4525
4526
4527
4528
4529
4530
4531
4532
4533
4534
4535
4536
4537
4538
4539
4540
4541
4542
4543
4544
4545
4546
4547
4548
4549
4550
4551
4552
4553
4554
4555
4556
4557
4558
4559
4560
4561
4562
4563
4564
4565
4566
4567
4568
4569
4570
4571
4572
4573
4574
4575
4576
4577
4578
4579
4580
4581
4582
4583
4584
4585
4586
4587
4588
4589
4590
4591
4592
4593
4594
4595
4596
4597
4598
4599
4600
4601
4602
4603
4604
4605
4606
4607
4608
4609
4610
4611
4612
4613
4614
4615
4616
4617
4618
4619
4620
4621
4622
4623
4624
4625
4626
4627
4628
4629
4630
4631
4632
4633
4634
4635
4636
4637
4638
4639
4640
4641
4642
4643
4644
4645
4646
4647
4648
4649
4650
4651
4652
4653
4654
4655
4656
4657
4658
4659
4660
4661
4662
4663
4664
4665
4666
4667
4668
4669
4670
4671
4672
4673
4674
4675
4676
4677
4678
4679
4680
4681
4682
4683
4684
4685
4686
4687
4688
4689
4690
4691
4692
4693
4694
4695
4696
4697
4698
4699
4700
4701
4702
4703
4704
4705
4706
4707
4708
4709
4710
4711
4712
4713
4714
4715
4716
4717
4718
4719
4720
4721
4722
4723
4724
4725
4726
4727
4728
4729
4730
4731
4732
4733
4734
4735
4736
4737
4738
4739
4740
4741
4742
4743
4744
4745
4746
4747
4748
4749
4750
4751
4752
4753
4754
4755
4756
4757
4758
4759
4760
4761
4762
4763
4764
4765
4766
4767
4768
4769
4770
4771
4772
4773
4774
4775
4776
4777
4778
4779
4780
4781
4782
4783
4784
4785
4786
4787
4788
4789
4790
4791
4792
4793
4794
4795
4796
4797
4798
4799
4800
4801
4802
4803
4804
4805
4806
4807
4808
4809
4810
4811
4812
4813
4814
4815
4816
4817
4818
4819
4820
4821
4822
4823
4824
4825
4826
4827
4828
4829
4830
4831
4832
4833
4834
4835
4836
4837
4838
4839
4840
4841
4842
4843
4844
4845
4846
4847
4848
4849
4850
4851
4852
4853
4854
4855
4856
4857
4858
4859
4860
4861
4862
4863
4864
4865
4866
4867
4868
4869
4870
4871
4872
4873
4874
4875
4876
4877
4878
4879
4880
4881
4882
4883
4884
4885
4886
4887
4888
4889
4890
4891
4892
4893
4894
4895
4896
4897
4898
4899
4900
4901
4902
4903
4904
4905
4906
4907
4908
4909
4910
4911
4912
4913
4914
4915
4916
4917
4918
4919
4920
4921
4922
4923
4924
4925
4926
4927
4928
4929
4930
4931
4932
4933
4934
4935
4936
4937
4938
4939
4940
4941
4942
4943
4944
4945
4946
4947
4948
4949
4950
4951
4952
4953
4954
4955
4956
4957
4958
4959
4960
4961
4962
4963
4964
4965
4966
4967
4968
4969
4970
4971
4972
4973
4974
4975
4976
4977
4978
4979
4980
4981
4982
4983
4984
4985
4986
4987
4988
4989
4990
4991
4992
4993
4994
4995
4996
4997
4998
4999
5000
5001
5002
5003
5004
5005
5006
5007
5008
5009
5010
5011
5012
5013
5014
5015
5016
5017
5018
5019
5020
5021
5022
5023
5024
5025
5026
5027
5028
5029
5030
5031
5032
5033
5034
5035
5036
5037
5038
5039
5040
5041
5042
5043
5044
5045
5046
5047
5048
5049
5050
5051
5052
5053
5054
5055
5056
5057
5058
5059
5060
5061
5062
5063
5064
5065
5066
5067
5068
5069
5070
5071
5072
5073
5074
5075
5076
5077
5078
5079
5080
5081
5082
5083
5084
5085
5086
5087
5088
5089
5090
5091
5092
5093
5094
5095
5096
5097
5098
5099
5100
5101
5102
5103
5104
5105
5106
5107
5108
5109
5110
5111
5112
5113
5114
5115
5116
5117
5118
5119
5120
5121
5122
5123
5124
5125
5126
5127
5128
5129
5130
5131
5132
5133
5134
5135
5136
5137
5138
5139
5140
5141
5142
5143
5144
5145
5146
5147
5148
5149
5150
5151
5152
5153
5154
5155
5156
5157
5158
5159
5160
5161
5162
5163
5164
5165
5166
5167
5168
5169
5170
5171
5172
5173
5174
5175
5176
5177
5178
5179
5180
5181
5182
5183
5184
5185
5186
5187
5188
5189
5190
5191
5192
5193
5194
5195
5196
5197
5198
5199
5200
5201
5202
5203
5204
5205
5206
5207
5208
5209
5210
5211
5212
5213
5214
5215
5216
5217
5218
5219
5220
5221
5222
5223
5224
5225
5226
5227
5228
5229
5230
5231
5232
5233
5234
5235
5236
5237
5238
5239
5240
5241
5242
5243
5244
5245
5246
5247
5248
5249
5250
5251
5252
5253
5254
5255
5256
5257
5258
5259
5260
5261
5262
5263
5264
5265
5266
5267
5268
5269
5270
5271
5272
5273
5274
5275
5276
5277
5278
5279
5280
5281
5282
5283
5284
5285
5286
5287
5288
5289
5290
5291
5292
5293
5294
5295
5296
5297
5298
5299
5300
5301
5302
5303
5304
5305
5306
5307
5308
5309
5310
5311
5312
5313
5314
5315
5316
5317
5318
5319
5320
5321
5322
5323
5324
5325
5326
5327
5328
5329
5330
5331
5332
5333
5334
5335
5336
5337
5338
5339
5340
5341
5342
5343
5344
5345
5346
5347
5348
5349
5350
5351
5352
5353
5354
5355
5356
5357
5358
5359
5360
5361
5362
5363
5364
5365
5366
5367
5368
5369
5370
5371
5372
5373
5374
5375
5376
5377
5378
5379
5380
5381
5382
5383
5384
5385
5386
5387
5388
5389
5390
5391
5392
5393
5394
5395
5396
5397
5398
5399
5400
5401
5402
5403
5404
5405
5406
5407
5408
5409
5410
5411
5412
5413
5414
5415
5416
5417
5418
5419
5420
5421
5422
5423
5424
5425
5426
5427
5428
5429
5430
5431
5432
5433
5434
5435
5436
5437
5438
5439
5440
5441
5442
5443
5444
5445
5446
5447
5448
5449
5450
5451
5452
5453
5454
5455
5456
5457
5458
5459
5460
5461
5462
5463
5464
5465
5466
5467
5468
5469
5470
5471
5472
5473
5474
5475
5476
5477
5478
5479
5480
5481
5482
5483
5484
5485
5486
5487
5488
5489
5490
5491
5492
5493
5494
5495
5496
5497
5498
5499
5500
5501
5502
5503
5504
5505
5506
5507
5508
5509
5510
5511
5512
5513
5514
5515
5516
5517
5518
5519
5520
5521
5522
5523
5524
5525
5526
5527
5528
5529
5530
5531
5532
5533
5534
5535
5536
5537
5538
5539
5540
5541
5542
5543
5544
5545
5546
5547
5548
5549
5550
5551
5552
5553
5554
5555
5556
5557
5558
5559
5560
5561
5562
5563
5564
5565
5566
5567
5568
5569
5570
5571
5572
5573
5574
5575
5576
5577
5578
5579
5580
5581
5582
5583
5584
5585
5586
5587
5588
5589
5590
5591
5592
5593
5594
5595
5596
5597
5598
5599
5600
5601
5602
5603
5604
5605
5606
5607
5608
5609
5610
5611
5612
5613
5614
5615
5616
5617
5618
5619
5620
5621
5622
5623
5624
5625
5626
5627
5628
5629
5630
5631
5632
5633
5634
5635
5636
5637
5638
5639
5640
5641
5642
5643
5644
5645
5646
5647
5648
5649
5650
5651
5652
5653
5654
5655
5656
5657
5658
5659
5660
5661
5662
5663
5664
5665
5666
5667
5668
5669
5670
5671
5672
5673
5674
5675
5676
5677
5678
5679
5680
5681
5682
5683
5684
5685
5686
5687
5688
5689
5690
5691
5692
5693
5694
5695
5696
5697
5698
5699
5700
5701
5702
5703
5704
5705
5706
5707
5708
5709
5710
5711
5712
5713
5714
5715
5716
5717
5718
5719
5720
5721
5722
5723
5724
5725
5726
5727
5728
5729
5730
5731
5732
5733
5734
5735
5736
5737
5738
5739
5740
5741
5742
5743
5744
5745
5746
5747
5748
5749
5750
5751
5752
5753
5754
5755
5756
5757
5758
5759
5760
5761
5762
5763
5764
5765
5766
5767
5768
5769
5770
5771
5772
5773
5774
5775
5776
5777
5778
5779
5780
5781
5782
5783
5784
5785
5786
5787
5788
5789
5790
5791
5792
5793
5794
5795
5796
5797
5798
5799
5800
5801
5802
5803
5804
5805
5806
5807
5808
5809
5810
5811
5812
5813
5814
5815
5816
5817
5818
5819
5820
5821
5822
5823
5824
5825
5826
5827
5828
5829
5830
5831
5832
5833
5834
5835
5836
5837
5838
5839
5840
5841
5842
5843
5844
5845
5846
5847
5848
5849
5850
5851
5852
5853
5854
5855
5856
5857
5858
5859
5860
5861
5862
5863
5864
5865
5866
5867
5868
5869
5870
5871
5872
5873
5874
5875
5876
5877
5878
5879
5880
5881
5882
5883
5884
5885
5886
5887
5888
5889
5890
5891
5892
5893
5894
5895
5896
5897
5898
5899
5900
5901
5902
5903
5904
5905
5906
5907
5908
5909
5910
5911
5912
5913
5914
5915
5916
5917
5918
5919
5920
5921
5922
5923
5924
5925
5926
5927
5928
5929
5930
5931
5932
5933
5934
5935
5936
5937
5938
5939
5940
5941
5942
5943
5944
5945
5946
5947
5948
5949
5950
5951
5952
5953
5954
5955
5956
5957
5958
5959
5960
5961
5962
5963
5964
5965
5966
5967
5968
5969
5970
5971
5972
5973
5974
5975
5976
5977
5978
5979
5980
5981
5982
5983
5984
5985
5986
5987
5988
5989
5990
5991
5992
5993
5994
5995
5996
5997
5998
5999
6000
6001
6002
6003
6004
6005
6006
6007
6008
6009
6010
6011
6012
6013
6014
6015
6016
6017
6018
6019
6020
6021
6022
6023
6024
6025
6026
6027
6028
6029
6030
6031
6032
6033
6034
6035
6036
6037
6038
6039
6040
6041
6042
6043
6044
6045
6046
6047
6048
6049
6050
6051
6052
6053
6054
6055
6056
6057
6058
6059
6060
6061
6062
6063
6064
6065
6066
6067
6068
6069
6070
6071
6072
6073
6074
6075
6076
6077
6078
6079
6080
6081
6082
6083
6084
6085
6086
6087
6088
6089
6090
6091
6092
6093
6094
6095
6096
6097
6098
6099
6100
6101
6102
6103
6104
6105
6106
6107
6108
6109
6110
6111
6112
6113
6114
6115
6116
6117
6118
6119
6120
6121
6122
6123
6124
6125
6126
6127
6128
6129
6130
6131
6132
6133
6134
6135
6136
6137
6138
6139
6140
6141
6142
6143
6144
6145
6146
6147
6148
6149
6150
6151
6152
6153
6154
6155
6156
6157
6158
6159
6160
6161
6162
6163
6164
6165
6166
6167
6168
6169
6170
6171
6172
6173
6174
6175
6176
6177
6178
6179
6180
6181
6182
6183
6184
6185
6186
6187
6188
6189
6190
6191
6192
6193
6194
6195
6196
6197
6198
6199
6200
6201
6202
6203
6204
6205
6206
6207
6208
6209
6210
6211
6212
6213
6214
6215
6216
6217
6218
6219
6220
6221
6222
6223
6224
6225
6226
6227
6228
6229
6230
6231
6232
6233
6234
6235
6236
6237
6238
6239
6240
6241
6242
6243
6244
6245
6246
6247
6248
6249
6250
6251
6252
6253
6254
6255
6256
6257
6258
6259
6260
6261
6262
6263
6264
6265
6266
6267
6268
6269
6270
6271
6272
6273
6274
6275
6276
6277
6278
6279
6280
6281
6282
6283
6284
6285
6286
6287
6288
6289
6290
6291
6292
6293
6294
6295
6296
6297
6298
6299
6300
6301
6302
6303
6304
6305
6306
6307
6308
6309
6310
6311
6312
6313
6314
6315
6316
6317
6318
6319
6320
6321
6322
6323
6324
6325
6326
6327
6328
6329
6330
6331
6332
6333
6334
6335
6336
6337
6338
6339
6340
6341
6342
6343
6344
6345
6346
6347
6348
6349
6350
6351
6352
6353
6354
6355
6356
6357
6358
6359
6360
6361
6362
6363
6364
6365
6366
6367
6368
6369
6370
6371
6372
6373
6374
6375
6376
6377
6378
6379
6380
6381
6382
6383
6384
6385
6386
6387
6388
6389
6390
6391
6392
6393
6394
6395
6396
6397
6398
6399
6400
6401
6402
6403
6404
6405
6406
6407
6408
6409
6410
6411
6412
6413
6414
6415
6416
6417
6418
6419
6420
6421
6422
6423
6424
6425
6426
6427
6428
6429
6430
6431
6432
6433
6434
6435
6436
6437
6438
6439
6440
6441
6442
6443
6444
6445
6446
6447
6448
6449
6450
6451
6452
6453
6454
6455
6456
6457
6458
6459
6460
6461
6462
6463
6464
6465
6466
6467
6468
6469
6470
6471
6472
6473
6474
6475
6476
6477
6478
6479
6480
6481
6482
6483
6484
6485
6486
6487
6488
6489
6490
6491
6492
6493
6494
6495
6496
6497
6498
6499
6500
6501
6502
6503
6504
6505
6506
6507
6508
6509
6510
6511
6512
6513
6514
6515
6516
6517
6518
6519
6520
6521
6522
6523
6524
6525
6526
6527
6528
6529
6530
6531
6532
6533
6534
6535
6536
6537
6538
6539
6540
6541
6542
6543
6544
6545
6546
6547
6548
6549
6550
6551
6552
6553
6554
6555
6556
6557
6558
6559
6560
6561
6562
6563
6564
6565
6566
6567
6568
6569
6570
6571
6572
6573
6574
6575
6576
6577
6578
6579
6580
6581
6582
6583
6584
6585
6586
6587
6588
6589
6590
6591
6592
6593
6594
6595
6596
6597
6598
6599
6600
6601
6602
6603
6604
6605
6606
6607
6608
6609
6610
6611
6612
6613
6614
6615
6616
6617
6618
6619
6620
6621
6622
6623
6624
6625
6626
6627
6628
6629
6630
6631
6632
6633
6634
6635
6636
6637
6638
6639
6640
6641
6642
6643
6644
6645
6646
6647
6648
6649
6650
6651
6652
6653
6654
6655
6656
6657
6658
6659
6660
6661
6662
6663
6664
6665
6666
6667
6668
6669
6670
6671
6672
6673
6674
6675
6676
6677
6678
6679
6680
6681
6682
6683
6684
6685
6686
6687
6688
6689
6690
6691
6692
6693
6694
6695
6696
6697
6698
6699
6700
6701
6702
6703
6704
6705
6706
6707
6708
6709
6710
6711
6712
6713
6714
6715
6716
6717
6718
6719
6720
6721
6722
6723
6724
6725
6726
6727
6728
6729
6730
6731
6732
6733
6734
6735
6736
6737
6738
6739
6740
6741
6742
6743
6744
6745
6746
6747
6748
6749
6750
6751
6752
6753
6754
6755
6756
6757
6758
6759
6760
6761
6762
6763
6764
6765
6766
6767
6768
6769
6770
6771
6772
6773
6774
6775
6776
6777
6778
6779
6780
6781
6782
6783
6784
6785
6786
6787
6788
6789
6790
6791
6792
6793
6794
6795
6796
6797
6798
6799
6800
6801
6802
6803
6804
6805
6806
6807
6808
6809
6810
6811
6812
6813
6814
6815
6816
6817
6818
6819
6820
6821
6822
6823
6824
6825
6826
6827
6828
6829
6830
6831
6832
6833
6834
6835
6836
6837
6838
6839
6840
6841
6842
6843
6844
6845
6846
6847
6848
6849
6850
6851
6852
6853
6854
6855
6856
6857
6858
6859
6860
6861
6862
6863
6864
6865
6866
6867
6868
6869
6870
6871
6872
6873
6874
6875
6876
6877
6878
6879
6880
6881
6882
6883
6884
6885
6886
6887
6888
6889
6890
6891
6892
6893
6894
6895
6896
6897
6898
6899
6900
6901
6902
6903
6904
6905
6906
6907
6908
6909
6910
6911
6912
6913
6914
6915
6916
6917
6918
6919
6920
6921
6922
6923
6924
6925
6926
6927
6928
6929
6930
6931
6932
6933
6934
6935
6936
6937
6938
6939
6940
6941
6942
6943
6944
6945
6946
6947
6948
6949
6950
6951
6952
6953
6954
6955
6956
6957
6958
6959
6960
6961
6962
6963
6964
6965
6966
6967
6968
6969
6970
6971
6972
6973
6974
6975
6976
6977
6978
6979
6980
6981
6982
6983
6984
6985
6986
6987
6988
6989
6990
6991
6992
6993
6994
6995
6996
6997
6998
6999
7000
7001
7002
7003
7004
7005
7006
7007
7008
7009
7010
7011
7012
7013
7014
7015
7016
7017
7018
7019
7020
7021
7022
7023
7024
7025
7026
7027
7028
7029
7030
7031
7032
7033
7034
7035
7036
7037
7038
7039
7040
7041
7042
7043
7044
7045
7046
7047
7048
7049
7050
7051
7052
7053
7054
7055
7056
7057
7058
7059
7060
7061
7062
7063
7064
7065
7066
7067
7068
7069
7070
7071
7072
7073
7074
7075
7076
7077
7078
7079
7080
7081
7082
7083
7084
7085
7086
7087
7088
7089
7090
7091
7092
7093
7094
7095
7096
7097
7098
7099
7100
7101
7102
7103
7104
7105
7106
7107
7108
7109
7110
7111
7112
7113
7114
7115
7116
7117
7118
7119
7120
7121
7122
7123
7124
7125
7126
7127
7128
7129
7130
7131
7132
7133
7134
7135
7136
7137
7138
7139
7140
7141
7142
7143
7144
7145
7146
7147
7148
7149
7150
7151
7152
7153
7154
7155
7156
7157
7158
7159
7160
7161
7162
7163
7164
7165
7166
7167
7168
7169
7170
7171
7172
7173
7174
7175
7176
7177
7178
7179
7180
7181
7182
7183
7184
7185
7186
7187
7188
7189
7190
7191
7192
7193
7194
7195
7196
7197
7198
7199
7200
7201
7202
7203
7204
7205
7206
7207
7208
7209
7210
7211
7212
7213
7214
7215
7216
7217
7218
7219
7220
7221
7222
7223
7224
7225
7226
7227
7228
7229
7230
7231
7232
7233
7234
7235
7236
7237
7238
7239
7240
7241
7242
7243
7244
7245
7246
7247
7248
7249
7250
7251
7252
7253
7254
7255
7256
7257
7258
7259
7260
7261
7262
7263
7264
7265
7266
7267
7268
7269
7270
7271
7272
7273
7274
7275
7276
7277
7278
7279
7280
7281
7282
7283
7284
7285
7286
7287
7288
7289
7290
7291
7292
7293
7294
7295
7296
7297
7298
7299
7300
7301
7302
7303
7304
7305
7306
7307
7308
7309
7310
7311
7312
7313
7314
7315
7316
7317
7318
7319
7320
7321
7322
7323
7324
7325
7326
7327
7328
7329
7330
7331
7332
7333
7334
7335
7336
7337
7338
7339
7340
7341
7342
7343
7344
7345
7346
7347
7348
7349
7350
7351
7352
7353
7354
7355
7356
7357
7358
7359
7360
7361
7362
7363
7364
7365
7366
7367
7368
7369
7370
7371
7372
7373
7374
7375
7376
7377
7378
7379
7380
7381
7382
7383
7384
7385
7386
7387
7388
7389
7390
7391
7392
7393
7394
7395
7396
7397
7398
7399
7400
7401
7402
7403
7404
7405
7406
7407
7408
7409
7410
7411
7412
7413
7414
7415
7416
7417
7418
7419
7420
7421
7422
7423
7424
7425
7426
7427
7428
7429
7430
7431
7432
7433
7434
7435
7436
7437
7438
7439
7440
7441
7442
7443
7444
7445
7446
7447
7448
7449
7450
7451
7452
7453
7454
7455
7456
7457
7458
7459
7460
7461
7462
7463
7464
7465
7466
7467
7468
7469
7470
7471
7472
7473
7474
7475
7476
7477
7478
7479
7480
7481
7482
7483
7484
7485
7486
7487
7488
7489
7490
7491
7492
7493
7494
7495
7496
7497
7498
7499
7500
7501
7502
7503
7504
7505
7506
7507
7508
7509
7510
7511
7512
7513
7514
7515
7516
7517
7518
7519
7520
7521
7522
7523
7524
7525
7526
7527
7528
7529
7530
7531
7532
7533
7534
7535
7536
7537
7538
7539
7540
7541
7542
7543
7544
7545
7546
7547
7548
7549
7550
7551
7552
7553
7554
7555
7556
7557
7558
7559
7560
7561
7562
7563
7564
7565
7566
7567
7568
7569
7570
7571
7572
7573
7574
7575
7576
7577
7578
7579
7580
7581
7582
7583
7584
7585
7586
7587
7588
7589
7590
7591
7592
7593
7594
7595
7596
7597
7598
7599
7600
7601
7602
7603
7604
7605
7606
7607
7608
7609
7610
7611
7612
7613
7614
7615
7616
7617
7618
7619
7620
7621
7622
7623
7624
7625
7626
7627
7628
7629
7630
7631
7632
7633
7634
7635
7636
7637
7638
7639
7640
7641
7642
7643
7644
7645
7646
7647
7648
7649
7650
7651
7652
7653
7654
7655
7656
7657
7658
7659
7660
7661
7662
7663
7664
7665
7666
7667
7668
7669
7670
7671
7672
7673
7674
7675
7676
7677
7678
7679
7680
7681
7682
7683
7684
7685
7686
7687
7688
7689
7690
7691
7692
7693
7694
7695
7696
7697
7698
7699
7700
7701
7702
7703
7704
7705
7706
7707
7708
7709
7710
7711
7712
7713
7714
7715
7716
7717
7718
7719
7720
7721
7722
7723
7724
7725
7726
7727
7728
7729
7730
7731
7732
7733
7734
7735
7736
7737
7738
7739
7740
7741
7742
7743
7744
7745
7746
7747
7748
7749
7750
7751
7752
7753
7754
7755
7756
7757
7758
7759
7760
7761
7762
7763
7764
7765
7766
7767
7768
7769
7770
7771
7772
7773
7774
7775
7776
7777
7778
7779
7780
7781
7782
7783
7784
7785
7786
7787
7788
7789
7790
7791
7792
7793
7794
7795
7796
7797
7798
7799
7800
7801
7802
7803
7804
7805
7806
7807
7808
7809
7810
7811
7812
7813
7814
7815
7816
7817
7818
7819
7820
7821
7822
7823
7824
7825
7826
7827
7828
7829
7830
7831
7832
7833
7834
7835
7836
7837
7838
7839
7840
7841
7842
7843
7844
7845
7846
7847
7848
7849
7850
7851
7852
7853
7854
7855
7856
7857
7858
7859
7860
7861
7862
7863
7864
7865
7866
7867
7868
7869
7870
7871
7872
7873
7874
7875
7876
7877
7878
7879
7880
7881
7882
7883
7884
7885
7886
7887
7888
7889
7890
7891
7892
7893
7894
7895
7896
7897
7898
7899
7900
7901
7902
7903
7904
7905
7906
7907
7908
7909
7910
7911
7912
7913
7914
7915
7916
7917
7918
7919
7920
7921
7922
7923
7924
7925
7926
7927
7928
7929
7930
7931
7932
7933
7934
7935
7936
7937
7938
7939
7940
7941
7942
7943
7944
7945
7946
7947
7948
7949
7950
7951
7952
7953
7954
7955
7956
7957
7958
7959
7960
7961
7962
7963
7964
7965
7966
7967
7968
7969
7970
7971
7972
7973
7974
7975
7976
7977
7978
7979
7980
7981
7982
7983
7984
7985
7986
7987
7988
7989
7990
7991
7992
7993
7994
7995
7996
7997
7998
7999
8000
8001
8002
8003
8004
8005
8006
8007
8008
8009
8010
8011
8012
8013
8014
8015
8016
8017
8018
8019
8020
8021
8022
8023
8024
8025
8026
8027
8028
8029
8030
8031
8032
8033
8034
8035
8036
8037
8038
8039
8040
8041
8042
8043
8044
8045
8046
8047
8048
8049
8050
8051
8052
8053
8054
8055
8056
8057
8058
8059
8060
8061
8062
8063
8064
8065
8066
8067
8068
8069
8070
8071
8072
8073
8074
8075
8076
8077
8078
8079
8080
8081
8082
8083
8084
8085
8086
8087
8088
8089
8090
8091
8092
8093
8094
8095
8096
8097
8098
8099
8100
8101
8102
8103
8104
8105
8106
8107
8108
8109
8110
8111
8112
8113
8114
8115
8116
8117
8118
8119
8120
8121
8122
8123
8124
8125
8126
8127
8128
8129
8130
8131
8132
8133
8134
8135
8136
8137
8138
8139
8140
8141
8142
8143
8144
8145
8146
-0.036872 0.127727 0.00440925
-0.0453607 0.128854 0.00114541
-0.0690069 0.151612 0.0366018
-0.00141056 0.130457 0.0218548
-0.0219615 0.12688 0.00739049
-0.0249937 0.126068 0.00744882
-0.0369523 0.127298 0.0011259
0.0332107 0.112707 0.0276827
0.0376631 0.110335 0.015948
-0.0245337 0.113316 0.0366355
0.0273834 0.121453 0.0217816
-0.06296209999999999 0.157636 -0.0163496
0.0398056 0.104885 0.0221648
0.0453537 0.0925038 0.0101615
-0.0332188 0.174606 -0.0021589
-0.0801578 0.135691 0.0502376
-0.07199419999999999 0.12602 0.0528428
-0.081456 0.136794 0.0487651
0.00723942 0.131453 0.0159115
0.0396968 0.107472 0.00738523
0.0367506 0.0989433 -0.0104908
-0.09046170000000001 0.139937 0.0221766
-0.0841942 0.109673 0.0253618
-0.06908309999999999 0.156293 0.0159063
-0.083872 0.15212 0.0282652
0.00443259 0.126028 0.0314466
0.0100059 0.12411 0.0329928
-0.030926 0.125696 0.00468602
-0.0498593 0.142183 0.0127221
-0.0774905 0.135852 0.0507242
-0.00408713 0.12832 0.0278047
-0.0451011 0.122606 0.0255557
-0.07855189999999999 0.0928457 -0.0111046
0.0241815 0.123907 0.0221541
-0.0898056 0.121973 0.00430305
0.0403433 0.102175 -0.00199417
0.041224 0.101389 -0.000814438
-0.0867853 0.116561 0.00146211
-0.0331274 0.177002 -0.00483795
-0.0778373 0.145811 0.0428538
-0.0220099 0.112673 0.0386462
-0.0198824 0.177632 -0.0230066
-0.0372005 0.168923 -0.0132541
-0.0310579 0.125979 0.00721728
0.010439 0.127664 0.0280789
-0.0465133 0.133219 0.0167001
-0.0252981 0.125653 0.00442121
0.0168297 0.12254 0.0310736
0.019244 0.122284 0.0308314
0.0342311 0.110964 0.0279182
0.0319557 0.113811 0.0283876
-0.0400189 0.165996 0.0033925
-0.0892893 0.130878 0.00424351
-0.0533121 0.142524 0.0255983
0.043095 0.0980072 0.0191617
0.0426687 0.101497 0.0101617
0.0407802 0.0957387 0.0284634
-0.0548952 0.154179 0.0161484
-0.0241701 0.156901 -0.00426647
-0.0692931 0.145985 0.0423909
-0.0725201 0.142118 0.0462527
-0.0693945 0.062569 0.0195198
-0.0899982 0.119277 0.00430267
-0.0754928 0.12815 0.0530334
-0.0635266 0.160483 -0.0191144
-0.0348136 0.126748 0.00215717
-0.0465056 0.133454 0.0137595
-0.0689953 0.155368 0.00430789
-0.0921328 0.116536 0.0394889
0.00690276 0.126003 0.031259
0.00710067 0.124263 0.0334306
-0.0328578 0.126298 0.00387463
-0.0630117 0.155983 0.0132322
0.030411 0.116236 0.0276463
-0.0305621 0.175087 -0.00437059
0.0397505 0.0955879 -0.00741681
-0.0715684 0.165044 -0.0167393
-0.007996049999999999 0.122417 0.035125
0.028952 0.0922538 0.0437602
-0.0130104 0.16317 -0.0131091
-0.0426872 0.166188 0.00402625
-0.0309507 0.125052 0.00157641
-0.0426764 0.16925 0.00161729
-0.019305 0.113254 0.0389368
-0.09065280000000001 0.134579 0.0224173
-0.0782501 0.171956 -0.0399465
-0.0775001 0.128152 0.0532681
-0.0860083 0.104213 0.0043883
-0.0502827 0.142686 0.0140563
0.0368526 0.110332 0.0222727
0.0312105 0.10167 0.0373992
-0.0336724 0.171996 -0.00166845
-0.0754937 0.141421 0.0471548
-0.07528700000000001 0.146433 0.0428582
-0.0395145 0.171107 0.0005317469999999999
0.0389567 0.107691 0.0191718
-0.0847271 0.109891 0.00418236
0.045273 0.0868776 0.0191673
0.0161783 0.127819 0.0220535
-0.000796254 0.0397918 0.0469141
0.00187943 0.0393203 0.0463141
-0.0162942 0.127944 0.00453169
-0.0514955 0.157154 0.00995744
-0.090827 0.135106 0.0192085
-0.0355139 0.176726 -0.007963629999999999
0.0406736 0.105269 0.0039184
-0.0918379 0.127631 0.0342487
0.040357 0.09868109999999999 -0.00493242
0.0418905 0.09843300000000001 -0.00168951
0.0456764 0.08690299999999999 0.0131662
-0.0306874 0.17784 -0.00499963
-0.0275611 0.177841 -0.00707927
-0.0724967 0.122506 0.0535371
-0.072504 0.146297 0.0429682
-0.0602543 0.130414 0.0392171
0.043117 0.0923689 0.0251649
-0.0102737 0.130014 0.0162233
-0.016051 0.12874 0.0130214
-0.0692832 0.155618 0.00759912
0.0130756 0.122567 0.0334426
-0.0104989 0.127083 0.0275586
-0.0658758 0.154207 0.0311417
-0.07212440000000001 0.154303 0.0306911
0.0190792 0.120745 0.0328333
-0.0424275 0.172011 -0.00409152
-0.0442176 0.170815 -0.00391429
-0.0576868 0.0400909 0.0464701
-0.0544735 0.0400779 0.0469118
-0.0751315 0.163136 -0.0158346
-0.0716007 0.16333 -0.0132917
0.0386938 0.107325 0.02189
0.0394876 0.107703 0.0131655
0.0424265 0.09227399999999999 -0.00480545
-0.0454996 0.163757 0.0054758
-0.0425671 0.16303 0.00496741
-0.0425873 0.0401744 0.0433261
-0.0693209 0.16689 -0.0219305
-0.0257127 0.08996609999999999 0.0490441
-0.0869934 0.139813 0.0071953
-0.0161243 0.124854 0.0277879
-0.0360017 0.17408 -0.0118959
-0.08908729999999999 0.09220730000000001 0.0104453
-0.064438 0.156744 -0.0107688
-0.06338009999999999 0.154464 -0.0106586
-0.07198160000000001 0.139169 -0.00727849
-0.0699588 0.142657 0.0449995
-0.0747713 0.165335 -0.0194825
-0.0767116 0.165247 -0.022942
0.0299465 0.114869 0.0300239
0.0401856 0.101783 0.0250338
0.0379096 0.108466 0.0225333
0.0406566 0.104931 0.0161634
-0.0164975 0.113405 0.0393851
-0.07229910000000001 0.116526 0.0523039
0.0139955 0.114018 0.0379472
0.0132438 0.112985 0.0386288
-0.08333119999999999 0.110422 0.0280161
-0.036487 0.171225 0.000545037
-0.062903 0.118763 -0.009528139999999999
-0.0708202 0.165912 -0.0479943
-0.0913559 0.14534 0.0246937
-0.0134927 0.113439 0.0402132
0.00434554 0.0394611 0.0458535
-0.022015 0.11404 0.0375133
-0.0894561 0.127438 0.00428229
0.0101897 0.113243 0.0391552
-0.0771998 0.171443 -0.0366613
0.0277081 0.118786 0.0275154
0.0314858 0.101735 -0.0144081
0.0423978 0.10147 0.00417354
0.00124502 0.113157 0.0417671
-0.0660196 0.14625 0.0401526
-0.0721927 0.127977 0.0521565
-0.0135205 0.129043 0.00729319
0.00451328 0.131694 0.0106384
-0.0636198 0.15111 0.0361987
0.0347481 0.113691 0.0218385
0.0223605 0.0398873 0.0397552
0.0168669 0.0931268 0.0488893
-0.0107352 0.113804 0.0407289
0.0376339 0.110576 0.0131483
-0.07846880000000001 0.0956999 -0.0107339
0.0415671 0.100387 0.0219118
0.0420967 0.10148 0.0161627
-0.0774543 0.113242 -0.00418172
-0.07797460000000001 0.136143 -0.00517306
0.00713626 0.10445 -0.0209648
0.0105452 0.104929 -0.0201787
0.0104502 0.130007 0.02185
0.00436678 0.131189 0.0192999
-0.0015012 0.131248 0.0162969
-0.0372153 0.126735 0.0184763
-0.0337148 0.126965 0.00721525
-0.0226513 0.123078 0.0257367
-0.06329419999999999 0.155347 0.00747969
-0.0467708 0.133038 0.0193069
-0.0396744 0.172503 -0.00160095
-0.0573738 0.0425623 0.0454071
-0.0544924 0.0427104 0.0457819
-0.0515209 0.0428189 0.0451566
-0.0045171 0.130737 0.00729818
-0.0903684 0.13445 0.0252143
-0.00751998 0.122629 -0.0109725
-0.0483363 0.0398652 0.0450556
-0.0457242 0.0398981 0.0443994
-0.0448448 0.0409249 0.0438358
-0.0628368 0.177738 -0.0604148
-0.0660936 0.16365 -0.0190883
-0.0339058 0.125809 0.0191899
-0.0810429 0.151122 0.0333512
-0.0662302 0.155351 0.00725164
-0.00137539 0.128214 0.0281632
-0.0897158 0.0922722 0.0164371
0.0217172 0.121182 0.0309293
-0.0656514 0.157838 -0.00996411
-0.0334272 0.125927 0.000954272
-0.0336645 0.125317 -0.00149515
-0.0361272 0.126262 -0.0018772
-0.0838343 0.107105 0.00123436
0.0390885 0.101191 0.0279462
0.0393075 0.107685 0.016165
-0.0484458 0.156908 0.009287429999999999
-0.009987950000000001 0.112783 0.0414292
-0.0366205 0.172976 -0.000779363
0.0418122 0.101063 0.0190214
0.0448865 0.0868507 0.0221635
-0.0309939 0.178916 -0.00699613
-0.0221452 0.15785 -0.00499434
0.0221188 0.122768 0.0280003
-0.00719402 0.130596 0.013645
0.0407384 0.102258 0.0223702
-0.0275104 0.115966 0.0330705
-0.024743 0.116174 0.0338717
-0.0218533 0.115865 0.0360585
-0.0195069 0.116132 0.0368525
-0.0753592 0.116582 0.0519674
-0.000987433 0.0423977 0.0467404
0.00140122 0.0419677 0.0462647
0.00450033 0.042038 0.0457367
0.00761783 0.042529 0.0453592
-0.0513407 0.16036 0.00747488
-0.0486967 0.160233 0.00774777
-0.045369 0.159979 0.00693595
-0.00749255 0.112785 0.041545
-0.0746062 0.130865 0.0522952
-0.060255 0.155633 0.0219491
0.0304835 0.118774 0.0216601
0.0378539 0.105425 -0.00230546
-0.0829332 0.137009 -0.000792421
0.0375745 0.101983 -0.00797775
-0.0368454 0.168847 0.00101734
-0.0750031 0.122491 0.0532363
0.03541 0.106759 -0.00702409
0.037393 0.104687 -0.00483898
0.0458849 0.0869152 0.0101674
-0.07181999999999999 0.092945 -0.0156192
-0.0688299 0.09301479999999999 -0.016469
-0.0753601 0.0928971 -0.0139994
-0.0275258 0.180583 -0.0076531
-0.026009 0.180672 -0.008424040000000001
-0.0543654 0.158572 0.00835465
-0.0597174 0.15627 0.00738716
-0.0629888 0.154914 0.0047108
-0.0361822 0.126278 0.0193476
-0.0238023 0.126609 0.0103579
-0.071645 0.149012 0.0400539
-0.0690148 0.154299 0.0310306
-0.0777278 0.0960024 0.0363437
0.0389146 0.0991234 -0.00731532
-0.0875792 0.134961 0.00324767
-0.0490465 0.0422442 0.0445627
-0.0482581 0.0435569 0.0436429
-0.0455055 0.0431833 0.043342
-0.042826 0.0429809 0.0426636
-0.039402 0.0426426 0.0417859
-0.0692145 0.162899 -0.0134452
-0.0678768 0.1616 -0.0125361
-0.0660125 0.159993 -0.0131063
-0.0308238 0.036653 0.0514916
-0.0284119 0.0428695 0.0518005
-0.0263289 0.0434924 0.0526862
-0.0249796 0.0424912 0.0537213
-0.0222412 0.0427584 0.0536777
0.0103437 0.13056 0.0191888
-0.0453155 0.165972 0.00417742
0.0219459 0.12433 0.0248924
-0.013382 0.0426306 0.0507732
-0.0114117 0.0426341 0.0500586
-0.009900920000000001 0.0426391 0.0496163
-0.00741572 0.0426443 0.0488069
-0.00444369 0.0426565 0.047847
-0.00246122 0.0426638 0.0471735
0.0102767 0.0427685 0.0449663
0.0192582 0.11342 0.0370816
-0.0160309 0.128277 0.0188497
-0.0532123 0.145616 0.0225965
-0.0620308 0.172133 -0.0543469
-0.0366553 0.171999 -0.0125745
-0.0537976 0.130782 0.0344993
-0.0656361 0.133264 0.0428614
0.0424751 0.101492 0.0131602
-0.0394981 0.168987 0.00224699
-0.0357696 0.174299 -0.00216471
-0.0931961 0.119445 0.0253024
0.0454986 0.0896974 0.0041768
-0.00424118 0.113144 0.0416614
-0.0457806 0.162941 -0.00822954
-0.0411454 0.162919 -0.0114149
-0.0517253 0.0686039 0.0377092
-0.0368251 0.0922012 -0.0237362
-0.0723548 0.139215 0.0478958
-0.0835515 0.151362 0.0305025
-0.0614074 0.155509 0.00654657
-0.0682932 0.165912 -0.0539994
-0.00115436 0.125741 0.0318814
-0.0250893 0.126216 0.00989222
-0.0399954 0.128364 0.00441119
-0.0748832 0.148932 0.0399455
-0.07197199999999999 0.162139 -0.0111328
-0.0586152 0.0437032 0.0440244
-0.0384894 0.0436513 0.0409963
-0.0133194 0.128942 0.0192447
-0.0225384 0.126277 0.00426916
-0.027808 0.124679 0.00135951
-0.0294793 0.0446083 0.0503994
-0.0276725 0.0451839 0.0506033
-0.0252713 0.0455635 0.0515588
-0.0222011 0.044782 0.0530601
-0.0194739 0.0452976 0.0522507
-0.016526 0.0453366 0.0509955
-0.0140374 0.0446002 0.0504479
-0.0132859 0.0455505 0.0495306
-0.0105354 0.0451386 0.0487831
-0.00751718 0.045062 0.0478253
-0.00517864 0.0447849 0.0473243
-0.00383574 0.0452115 0.0469878
-0.00150253 0.0449532 0.0467106
0.00149944 0.0441939 0.0459952
0.00450319 0.0441622 0.045879
0.007479 0.044961 0.0463313
-0.00145338 0.121901 0.0362483
0.0072862 0.113287 0.0402323
-0.0807374 0.149179 0.0368594
-0.08066089999999999 0.147648 0.0390395
-0.0777384 0.14832 0.0399209
-0.0444195 0.128035 0.0192794
-0.08087850000000001 0.130766 0.0522514
-0.050926 0.154272 0.011181
0.0380364 0.09905940000000001 -0.008801379999999999
0.045227 0.0896875 0.016163
0.00137243 0.104202 -0.0219836
-0.0741351 0.0897531 -0.0150127
-0.0718053 0.0900711 -0.0159569
-0.06880940000000001 0.0901455 -0.0168157
0.0257145 0.119595 0.0285852
-0.0387566 0.165813 0.00241151
-0.0042803 0.130948 0.0161438
-0.073451 0.135648 0.0501177
0.0073539 0.13047 0.0219805
-0.0660816 0.154974 0.00474794
-0.0668508 0.159243 -0.0102161
-0.022903 0.0901974 0.0526334
-0.0343621 0.127062 0.0047907
-0.00440906 0.09822409999999999 0.0518079
-0.0127755 0.126776 0.0267341
-0.0130991 0.127513 0.0249133
0.0483589 0.0690842 0.024971
-0.0574343 0.0456353 0.0429718
-0.054322 0.0458432 0.0430422
-0.0515063 0.0459067 0.0425334
-0.0485065 0.0451932 0.0424075
-0.0454974 0.0451822 0.0419791
-0.0424943 0.0451532 0.0414759
-0.0404955 0.0451407 0.0414639
-0.0392964 0.0459029 0.0406573
-0.037139 0.0457117 0.0405398
-0.06958689999999999 0.156648 -0.00153024
-0.0875358 0.152002 0.0227594
-0.07209260000000001 0.15526 0.027633
-0.07495789999999999 0.15553 0.025024
-0.00701164 0.0983416 0.0514931
0.0300791 0.11567 -0.00430465
-0.0922347 0.116787 0.0338097
-0.0304875 0.0456626 0.0486695
-0.0224914 0.0462018 0.0522667
0.00150897 0.0458216 0.0476705
0.00450134 0.0459456 0.0484197
0.00697428 0.0459131 0.0481061
0.0107518 0.0454313 0.0453255
-0.0364932 0.115238 0.0328306
-0.0335117 0.115278 0.0330325
-0.0489155 0.115605 0.0332377
-0.00149351 0.113496 0.0417975
0.0432245 0.0839003 -0.00479118
-0.0074915 0.114163 0.0409095
-0.06733160000000001 0.145485 0.0417227
-0.0391023 0.174019 -0.0042372
0.0189609 0.125515 0.0248664
-0.0163004 0.128532 0.0100376
-0.02215 0.124823 0.0219674
0.0402676 0.104921 0.019168
0.0306858 0.0431069 0.0299706
0.0337645 0.0427794 0.0286322
-0.0480952 0.156871 -0.00689889
-0.0275145 0.174647 -0.0181127
0.027563 0.0894055 -0.0218268
-0.0308231 0.0923023 -0.0246377
-0.0899836 0.15099 0.0160116
0.0341156 0.113265 0.0251677
0.0375374 0.107688 0.0255265
-0.0245384 0.180974 -0.00974598
0.0274831 0.0921125 0.0448026
0.00736928 0.128281 0.0278011
-0.0279195 0.125778 0.0103218
-0.088715 0.121942 0.00179672
-0.00418679 0.0996055 0.0495995
-0.06414069999999999 0.153959 -0.00765007
-0.024387 0.0897746 0.0511071
-0.0484988 0.046487 0.0409526
-0.0454981 0.0464887 0.0408382
-0.0424979 0.0464841 0.0407247
-0.0255118 0.09361949999999999 -0.0293755
-0.0308378 0.124257 -0.0011667
-0.0279896 0.0475815 0.0485532
-0.0249519 0.0474009 0.0505208
-0.0224904 0.0474721 0.0510288
-0.0195122 0.0474133 0.0505759
-0.0165082 0.048223 0.0484152
-0.0134992 0.0479231 0.0482254
-0.0104945 0.0479734 0.0485647
-0.00750831 0.0471504 0.0479255
-0.00449384 0.0473294 0.0488688
-0.00148602 0.047434 0.0493516
0.00150801 0.0474379 0.0498257
0.00430027 0.0483565 0.050781
0.00549435 0.0474709 0.0500045
0.00748504 0.0473851 0.0493363
0.0103492 0.0483156 0.0483718
-0.0779717 0.137243 0.0498017
-0.0582857 0.15168 0.0329447
-0.00499122 0.114187 0.0410592
-0.07500419999999999 0.137262 0.0497016
-0.0720688 0.136456 0.0490662
-0.069394 0.148768 0.0400997
-0.0666625 0.148582 0.0392684
-0.0814752 0.093028 -0.00807067
-0.0783032 0.142701 0.0456689
-0.0749138 0.150821 0.0370847
0.0336467 0.0457272 0.0303297
0.0365708 0.0457333 0.0306027
0.0396019 0.0459958 0.0308818
-0.0423513 0.16014 0.00446418
0.0320031 0.117036 0.0224701
-0.0414995 0.168206 0.00296291
0.0390176 0.10482 0.0253312
-0.0253234 0.182998 -0.0108168
-0.0230508 0.183235 -0.0110157
-0.0100515 0.130162 0.0134674
-0.0192759 0.127782 0.0104014
0.00140012 0.128165 0.0281871
0.0103851 0.122612 0.0343589
-0.0689992 0.150311 0.0384044
-0.07525030000000001 0.161034 -0.0122331
-0.06872979999999999 0.16074 -0.0101595
-0.00439827 0.130263 0.0218801
-0.0634094 0.151486 -0.00434684
-0.0665063 0.157072 -0.00730956
-0.0694278 0.159648 -0.00754605
-0.0571968 0.0475157 0.0397055
-0.0546475 0.0480988 0.0394196
-0.0515349 0.0478413 0.0394931
-0.0482505 0.048113 0.0393058
-0.0455025 0.0484846 0.0393932
-0.0425023 0.0485345 0.0398664
-0.0394927 0.0485198 0.0397354
-0.0363451 0.0483238 0.039555
-0.0691041 0.164051 -0.0158813
-0.0667093 0.162677 -0.016194
-0.065405 0.161065 -0.015951
-0.0254824 0.0486657 0.0489485
-0.0224926 0.0486821 0.0491865
-0.0194948 0.0486404 0.0485565
-0.00748555 0.0488807 0.0501696
-0.00449053 0.0488974 0.050426
-0.00149381 0.0489078 0.0507257
0.00150569 0.0489887 0.0512995
0.00749386 0.0488814 0.0504785
-0.0104944 0.122392 0.0345773
0.0451171 0.09248099999999999 0.00417963
-0.0901869 0.112447 0.0165307
-0.057431 0.155602 0.0132804
-0.07744280000000001 0.122362 0.0522187
-0.0645196 0.148285 0.0383203
-0.0632061 0.149044 0.0373488
-0.0604804 0.148979 0.0361837
-0.0894301 0.142777 0.0309474
-0.0774923 0.131671 0.0526847
-0.00131797 0.131367 0.0132602
0.0442769 0.0922086 0.0214922
0.0435126 0.09802660000000001 0.0161591
-0.042867 0.128889 0.00432825
-0.0622338 0.148315 -0.00476761
-0.0643494 0.153359 -0.00540282
-0.0681652 0.158429 -0.00684039
-0.0718606 0.160138 -0.0074355
-0.054365 0.0490594 0.0368531
0.00398194 0.112774 0.0413296
-0.0518176 0.0491067 0.0366017
-0.0490065 0.0490616 0.0379516
-0.0337522 0.0493023 0.039633
-0.036706 0.127219 0.016096
-0.00718983 0.100925 0.0453625
-0.0423782 0.128685 0.0134518
-0.07203089999999999 0.15835 -0.00444698
-0.0278288 0.0494035 0.0456913
-0.0249947 0.0498825 0.046615
-0.0224972 0.0498888 0.046659
-0.0195044 0.0498872 0.0465941
-0.0175003 0.0499225 0.0470061
-0.0162331 0.0511258 0.0483718
-0.014152 0.0506294 0.0492752
-0.0128165 0.05122 0.0504214
-0.0104967 0.0510218 0.050934
-0.00749549 0.0510965 0.0516516
-0.00474434 0.0507996 0.0522108
-0.001496 0.050527 0.0528434
0.00150355 0.0508103 0.0524674
0.00450406 0.0504654 0.0523724
0.00749683 0.051108 0.0517035
0.0103649 0.0516352 0.0508219
-0.0624299 0.148319 -0.0105731
-0.0907895 0.122007 0.00628508
-0.0271248 0.091726 -0.0306077
-0.0703512 0.170836 -0.0520339
-0.0744918 0.128144 0.0527271
-0.0606295 0.142501 -0.00455213
-0.09457160000000001 0.122145 0.0192773
0.0336719 0.113256 -0.00158678
-0.0525699 0.139152 0.0252078
-0.00724387 0.121389 0.0361312
-0.0123985 0.129698 0.0128025
-0.0616383 0.155306 -0.024583
-0.0854747 0.107008 0.0213502
-0.0895469 0.139977 0.0311825
-0.027726 0.124388 0.0192279
-0.0281266 0.125255 0.00425518
0.0335584 0.0487468 0.031576
0.0364963 0.0491297 0.0315587
0.0392927 0.0490395 0.0321471
0.0427947 0.0487664 0.03186
-0.0396913 0.115849 0.0331444
-0.08814710000000001 0.121927 0.000301817
-0.06391230000000001 0.155057 -0.0395684
-0.06978380000000001 0.122568 0.0531819
0.0281796 0.101696 0.040034
-0.0875417 0.118943 0.000591994
-0.0277681 0.181167 -0.0130912
-0.045823 0.168335 0.00110778
-0.06299979999999999 0.151426 -0.00756301
-0.0747434 0.09523429999999999 0.0393396
0.0161268 0.128524 0.0190758
-0.0157053 0.0979675 0.0481271
-0.0088618 0.129865 0.0208462
-0.0395835 0.125235 0.0221657
-0.0511748 0.0507964 0.0338221
-0.0504457 0.0504177 0.0359476
-0.048481 0.0510741 0.0368615
-0.0465178 0.0511939 0.0379748
-0.0450078 0.0512506 0.0386229
-0.0425119 0.05131 0.0393091
-0.0394915 0.0513094 0.0393374
-0.0364841 0.0512594 0.0387561
-0.0334962 0.0505766 0.0383338
0.0333257 0.115556 0.0220219
-0.0271726 0.051059 0.0421175
-0.0248049 0.0513648 0.0426571
-0.0229443 0.0516786 0.0433895
-0.0214533 0.0518153 0.0447822
-0.0201666 0.0517109 0.0459831
-0.0187998 0.0523426 0.0475444
-0.00400408 0.0519558 0.0533608
-0.00149822 0.0520262 0.0540733
0.00150248 0.0519583 0.0532259
0.00450041 0.0519571 0.0531976
0.0427022 0.0951227 -0.00180449
0.0445562 0.0924599 0.0191603
-0.07731440000000001 0.125144 0.0526019
-0.08386200000000001 0.113076 0.0458678
-0.0915276 0.116855 0.00797846
-0.07274600000000001 0.133568 0.0505338
-0.0746416 0.133622 0.0513858
-0.0774929 0.133768 0.0518149
-0.0922959 0.116663 0.0103123
-0.00448884 0.121713 0.0362976
0.0161293 0.128788 0.0162185
0.0404983 0.0499404 0.0324741
0.0420057 0.0499348 0.0324733
-0.06935230000000001 0.116648 0.0519337
0.0219853 0.125277 0.0220496
0.0220097 0.125743 0.0190274
0.0395229 0.107855 0.0101013
-0.0159851 0.160449 -0.0101953
-0.0774111 0.147953 -0.00487105
-0.0867072 0.121872 -0.00171438
-0.06560100000000001 0.154536 -0.00441621
0.013037 0.127161 0.0278465
-0.0158041 0.12615 0.0256815
-0.0424788 0.171063 -0.00116781
-0.0719031 0.155824 0.025355
-0.039971 0.123181 0.0259152
0.0154535 0.124116 0.0301631
-0.0334791 0.0518831 0.0377191
-0.0306569 0.0521453 0.0372838
-0.0642108 0.159812 -0.0164725
-0.0365968 0.121742 0.0280497
-0.0336624 0.118955 0.0302719
-0.0257698 0.0522499 0.039945
-0.0171359 0.0534823 0.0495702
-0.0162156 0.0546834 0.0504528
-0.0134805 0.0538283 0.0507952
-0.0104948 0.0539372 0.0520293
-0.008162300000000001 0.053766 0.052649
-0.00683245 0.0542778 0.0531792
-0.00449712 0.0541194 0.0539142
-0.0014947 0.0541986 0.0547075
0.00151214 0.0541122 0.0538473
0.00450298 0.054073 0.0534362
0.00749955 0.0539881 0.0525219
0.0105506 0.0541668 0.0520798
-0.0136923 0.121798 0.0341081
-0.0631332 0.172134 -0.0513812
-0.0572264 0.115782 0.0368517
0.00473172 0.113803 0.0407909
-0.0425015 0.115955 0.0330605
-0.0795039 0.128149 0.0531412
0.0372083 0.0956061 -0.0105542
-0.0258751 0.181106 -0.0162727
-0.063261 0.163586 -0.027642
-0.0808309 0.133601 0.0510462
-0.00143774 0.13135 0.010349
-0.08056969999999999 0.142271 0.0448648
0.0288527 0.120128 0.02271
-0.0308845 0.12612 0.010212
0.0345923 0.0516356 0.0322494
0.0365153 0.0519914 0.0316746
0.0392898 0.0521885 0.0320825
0.0404949 0.0513767 0.0324659
0.042504 0.0520836 0.03256
-0.0841359 0.149151 0.0337693
-0.06556720000000001 0.149686 0.0379738
0.0345123 0.101758 0.0342843
0.0307494 0.113437 0.0305647
0.0426426 0.101485 0.00716658
-0.0307727 0.124886 0.019232
-0.0304905 0.116921 0.0319257
-0.0455002 0.130917 0.0190771
0.0141975 0.125836 0.0292023
0.013289 0.124918 0.0309354
-0.07193239999999999 0.151456 0.0365938
-0.0602571 0.153869 0.030703
-0.07217369999999999 0.155653 0.00690505
-0.07195500000000001 0.156172 0.0129495
-0.0481256 0.0536625 0.0362191
-0.0460891 0.0538163 0.0378489
-0.044686 0.0542571 0.0386822
-0.0425066 0.0541327 0.0394164
-0.0394903 0.0541278 0.0394543
-0.0364829 0.0540699 0.0387844
-0.03348 0.0539707 0.0376503
-0.0306887 0.0540312 0.0367227
-0.0603816 0.155605 0.00376902
-0.0885483 0.124661 0.00178077
-0.0691452 0.15529 0.0280289
-0.0254964 0.0543361 0.0396258
-0.0230727 0.0545045 0.0431112
-0.0215109 0.0550585 0.0454651
-0.020414 0.0541289 0.0465389
-0.0189331 0.0550487 0.0484319
-0.0807261 0.125338 0.05218
-0.0785092 0.126003 0.0529555
-0.0455013 0.115251 0.0333469
-0.0340938 0.175872 -0.00369088
-0.0813827 0.128051 0.0524738
-0.0367453 0.175193 -0.00433922
-0.0620498 0.154534 -0.016584
-0.00960891 0.178004 -0.0277666
0.0364952 0.0893655 -0.0156329
0.0442054 0.09736060000000001 0.0101617
0.0386835 0.106917 0.00117467
-0.08944390000000001 0.0990032 0.0134061
0.0019904 0.114172 0.0410912
0.0444807 0.0526489 0.0324592
0.0167462 0.113653 0.0376447
0.0256935 0.122629 0.022291
-0.08766359999999999 0.101724 0.00720603
-0.0748173 0.161961 -0.0131862
-0.018941 0.127657 0.00733273
-0.07240829999999999 0.147561 0.0417581
-0.06627959999999999 0.155196 0.028207
-0.0690458 0.153337 0.0334045
-0.00721132 0.129872 0.0223122
-0.0629859 0.155754 0.010486
-0.0664259 0.151232 0.0368411
-0.0749203 0.155127 0.00461771
-0.0162007 0.128394 0.00732085
-0.0573515 0.153822 0.0279767
-0.0251837 0.125013 0.00125944
-0.0277913 0.0541847 0.036983
-0.0104805 0.12909 0.0224441
-0.0278893 0.125369 0.0162205
-0.0780436 0.155663 0.0194248
-0.078836 0.169054 -0.0395267
-0.0776148 0.09830750000000001 -0.010489
-0.0133 0.128668 0.00419163
-0.00142299 0.131131 0.00744062
0.00158042 0.131591 0.010557
0.0132188 0.130041 0.0133536
-0.016367 0.0575932 0.0511865
-0.0134267 0.0573046 0.0518887
-0.0110097 0.05606 0.0525411
-0.0102447 0.057196 0.0532946
-0.00749996 0.0568995 0.0539049
-0.00449831 0.0568979 0.053953
-0.0015062 0.0569416 0.0543963
0.00150714 0.0569316 0.054246
0.00450923 0.0568516 0.0534924
0.00726007 0.0571617 0.0530961
0.00800321 0.0561014 0.0528243
0.0103103 0.0568422 0.0526417
0.00450162 0.122414 0.034881
0.00143562 0.122879 0.034746
0.0407385 0.0838415 -0.0105735
0.0103012 0.13088 0.0161397
-0.07565769999999999 0.113287 -0.0056818
-0.0337092 0.113341 0.0344928
-0.0549106 0.15391 0.0190492
0.00414339 0.128418 0.0277222
-0.00435419 0.131039 0.0132458
0.00721553 0.131146 0.0187593
-0.0280994 0.125618 0.00733178
0.0368024 0.0543569 0.0316884
0.0395014 0.0548365 0.0317293
0.0422432 0.0552337 0.0321655
0.0429975 0.0541985 0.0324337
0.0450242 0.0541305 0.0324324
-0.0774813 0.139331 0.0484916
-0.0279865 0.09248049999999999 -0.0275887
-0.0307071 0.119647 -0.0102932
-0.0474174 0.157905 0.00867917
-0.0204551 0.0879984 0.0554627
0.0196419 0.126164 0.0221358
0.0392354 0.101934 -0.00476454
0.0286486 0.11706 0.0288243
-0.0751816 0.159827 -0.0101556
-0.0660555 0.156292 0.0195435
-0.0747826 0.153956 0.0308755
-0.0604527 0.155822 0.010149
-0.0100262 0.128413 0.025086
0.0280831 0.114069 -0.008107960000000001
-0.0369961 0.127743 0.0132019
-0.0448225 0.0574297 0.0389439
-0.0425082 0.0569831 0.0398512
-0.0394962 0.0569976 0.0400429
-0.0364903 0.056936 0.0393536
-0.0341514 0.057083 0.0384093
-0.0328287 0.0565623 0.0377482
-0.0303514 0.0570142 0.0368835
-0.0278183 0.0571061 0.0370129
-0.0248608 0.122913 0.0245429
0.0159921 0.127188 0.0248436
-0.0811056 0.154664 0.0221932
-0.0942162 0.126925 0.021759
-0.0107016 0.129177 0.00356576
0.0191259 0.127472 0.0158984
-0.0371628 0.175568 -0.00760094
-0.030256 0.115616 0.0332502
-0.0193575 0.122009 0.0306737
-0.017033 0.122576 0.0310173
-0.0682907 0.163081 -0.0539751
-0.0252408 0.125708 0.0161455
-0.0364926 0.113195 0.0344636
-0.0637065 0.157256 -0.0135218
-0.0189996 0.120893 0.0325991
0.0398506 0.105042 0.000962545
-0.0517373 0.148573 0.0164044
0.0259145 0.102099 0.0411479
-0.016248 0.121287 0.0333639
-0.0615165 0.15114 0.0355512
0.0407854 0.105637 0.0101636
-0.09241480000000001 0.124881 0.0312645
0.0457769 0.0551539 0.0321819
-0.0778539 0.0689824 0.0133483
-0.07488060000000001 0.166558 -0.0221031
-0.0397295 0.128045 0.00157578
-0.00964283 0.174942 -0.0247708
-0.0220298 0.184257 -0.0127109
-0.00708255 0.0997782 0.0490589
-0.0751465 0.0867385 0.0392813
-0.0541178 0.0545778 0.010629
-0.00731788 0.125598 0.0311382
-0.0662505 0.156244 0.0222327
-0.00138174 0.09986970000000001 0.0490789
-0.0600693 0.151716 0.0342398
-0.0192965 0.12717 0.00443336
-0.0221447 0.127079 0.01315
-0.081042 0.154153 0.0251865
-0.0220605 0.124964 -0.00117903
-0.0250168 0.124152 -0.00185285
-0.0312035 0.177796 -0.0133521
-0.0100059 0.129589 0.0050267
0.0102842 0.130998 0.0130527
-0.0135044 0.060502 0.0535916
-0.0104969 0.0597536 0.05464
-0.00749945 0.0598042 0.0553302
-0.00449682 0.0597622 0.0547779
-0.00168672 0.0596591 0.0549372
0.00150163 0.0591007 0.0550546
0.00470317 0.0596405 0.0550724
0.00772192 0.0600057 0.0540324
0.0108585 0.0601376 0.0523352
-0.0124881 0.120998 0.0354929
-0.0515954 0.115976 0.0336011
0.00749924 0.122407 0.0350716
0.0329327 0.115081 0.0247241
-0.0397585 0.128147 0.0133589
-0.065608 0.155648 0.0261056
0.00444502 0.131573 0.0164663
0.0395302 0.0576026 0.0311025
0.0424921 0.0576609 0.031589
0.0455125 0.0576619 0.0319817
0.0484251 0.0575091 0.0311931
0.0445567 0.0952747 0.0131616
0.0445537 0.0951158 0.00438019
-0.08024149999999999 0.122536 0.0507118
-0.08618240000000001 0.110188 0.00721773
-0.0723549 0.145081 -0.0157277
-0.061968 0.154355 -0.0277851
-0.08062279999999999 0.09604219999999999 0.0338852
-0.0778074 0.092734 0.0368333
-0.0283656 0.119908 0.0286776
-0.0540469 0.151401 0.0252712
-0.07177070000000001 0.153519 0.0328387
-0.0701097 0.156012 0.00122102
-0.0223372 0.125742 0.00175473
-0.0782043 0.154945 0.0252491
-0.0428149 0.060088 0.0401732
-0.0394971 0.0598689 0.0407119
-0.0364945 0.0598285 0.0402079
-0.0334879 0.0597023 0.0388448
-0.0305052 0.0603049 0.03766
-0.0278973 0.0605621 0.0373923
-0.0265815 0.0594972 0.0384092
-0.0806259 0.09830460000000001 -0.0073855
0.0222282 0.125839 0.015723
0.0290761 0.120316 0.0197043
-0.0166302 0.0607813 0.052107
-0.014244 0.0599906 0.0527674
-0.000492298 0.0605899 0.0560413
0.00150444 0.0605842 0.0560519
0.00349883 0.0605728 0.0559342
0.010667 0.11909 0.0364096
-0.0162922 0.118759 0.0359161
0.00149625 0.119671 0.0377961
-0.09425310000000001 0.120115 0.0192881
-0.0251242 0.121262 0.0279085
-0.0224925 0.120781 0.0306403
-0.0394883 0.113916 0.0345773
-0.0221794 0.122377 0.0279483
-0.0749976 0.142816 0.0461253
-0.0539603 0.145448 0.025404
-0.0805829 0.155114 0.0162124
0.013303 0.129941 0.0162324
-0.0622138 0.154323 -0.0307782
-0.0456287 0.125669 -0.00784027
0.0419771 0.101261 0.00130802
-0.0689726 0.136262 -0.0081949
-0.0843043 0.113458 0.00107291
-0.0231235 0.159546 -0.00245109
-0.08620120000000001 0.139786 0.00419323
-0.06401560000000001 0.171609 -0.0483508
-0.074326 0.156134 0.0138105
-0.08091329999999999 0.111383 0.0448341
-0.0625917 0.151302 -0.0246778
-0.07215000000000001 0.166026 -0.0188751
-0.0358099 0.123057 0.0259345
-0.0101232 0.129795 0.0189413
0.0223325 0.119891 0.0318673
-0.0812744 0.154172 0.0101326
-0.00723432 0.127759 0.0279837
-0.0780549 0.155396 0.0223465
-0.0508014 0.13387 0.0286747
-0.00738092 0.12999 0.00465244
0.00751398 0.131471 0.0103077
0.0162895 0.128831 0.0135279
0.0276166 0.121646 0.0191598
0.0333703 0.115932 0.0191918
-0.00750737 0.12904 0.0251181
-0.0154642 0.0617228 0.0531313
-0.0133479 0.0632926 0.0542202
-0.010496 0.063301 0.0554289
-0.00750241 0.06265950000000001 0.0561296
-0.00474661 0.0630154 0.0561616
-0.00399541 0.0619521 0.0557285
-0.00149811 0.0626985 0.0564811
0.00150258 0.0627114 0.0566839
0.00451628 0.06267979999999999 0.0563137
0.00725867 0.0635696 0.0554772
-0.0135022 0.118966 0.0369446
-0.00149636 0.119691 0.0380961
-0.00448944 0.119675 0.0378735
-0.00774464 0.119338 0.0377201
-0.0659143 0.121647 -0.008906030000000001
-0.0398245 0.09215520000000001 -0.0232979
-0.0944863 0.122157 0.0222829
-0.010488 0.121008 0.0359843
-0.09385499999999999 0.119311 0.0224987
-0.0942113 0.120123 0.0212925
-0.0522881 0.0563553 0.0193135
-0.0626607 0.151633 -0.0103981
0.0438757 0.0955853 0.0194097
-0.0884982 0.09849670000000001 0.02194
0.0371512 0.107547 -0.00182974
-0.033849 0.0979204 -0.0229341
0.0417531 0.09778489999999999 0.024962
0.0400762 0.0984173 0.0279848
0.0397389 0.0605245 0.030705
0.0425072 0.0603725 0.0302275
0.0454972 0.0604284 0.0310038
0.0485152 0.0604061 0.0308416
0.0512856 0.0603458 0.0298908
0.0407085 0.0956949 -0.00580768
0.0405178 0.089671 -0.0103152
-0.0245741 0.092108 -0.033189
0.015999 0.11262 0.0383947
-0.07582 0.155857 0.013046
-0.057808 0.059641 0.0221412
-0.0576182 0.0611829 0.0254136
-0.0538158 0.0607533 0.0273646
-0.0219031 0.126628 0.00522918
-0.0482855 0.136309 0.016459
0.00155211 0.0981153 0.0513793
0.0159658 0.121326 0.0330488
0.0257614 0.123159 0.0191763
-0.0430807 0.0628674 0.0405661
-0.0394965 0.0627494 0.0413945
-0.0371615 0.06296649999999999 0.04127
-0.0358276 0.0624581 0.0408021
-0.0333646 0.0628819 0.0394434
-0.031495 0.061765 0.0382603
-0.0267851 0.0635675 0.0388955
0.00134141 0.131395 0.00760487
-0.0170116 0.0632547 0.0523145
-0.0158234 0.0640419 0.0532949
0.0132968 0.118752 0.0358712
-0.01049 0.118964 0.0375951
-0.0874699 0.151238 0.0250419
-0.0750073 0.139342 0.0484611
0.0443771 0.09511699999999999 0.0159567
-0.0615794 0.157637 -0.0305889
-0.06260159999999999 0.145071 -0.0073943
0.00122156 0.121293 0.0363756
-0.079998 0.139167 0.047915
-0.0133077 0.124306 0.0309832
-0.0155877 0.12376 0.0304582
0.0436892 0.0953335 0.000988999
-0.00405723 0.127157 0.029861
0.0361348 0.10734 -0.00462517
-0.0209136 0.186076 -0.0153785
0.0218948 0.113088 0.03627
-0.042958 0.128449 0.00139103
-0.0659797 0.154409 0.00174131
0.0141752 0.129253 0.0198831
-0.0371188 0.162956 -0.0135574
-0.0430614 0.153974 -0.00773936
-0.0576354 0.0622829 0.0280968
-0.0555013 0.0623754 0.0293782
-0.0543586 0.0629542 0.0309319
-0.0520433 0.0626467 0.0318202
-0.0511102 0.06367689999999999 0.0339797
-0.06877759999999999 0.155508 0.00141773
0.0018951 0.125958 0.0316318
-0.0183396 0.126605 0.021835
-0.0414812 0.06344669999999999 0.0412468
-0.0311621 0.0641335 0.0385585
-0.0298295 0.0636094 0.037981
-0.0281673 0.06360300000000001 0.037889
0.0246223 0.124267 0.0166143
-0.0464682 0.133199 0.011081
-0.00710345 0.06557350000000001 0.0560525
-0.00450144 0.06615600000000001 0.0563683
-0.00149916 0.06617969999999999 0.0566687
0.00150639 0.06616089999999999 0.0563696
0.00417881 0.0656857 0.0562152
-0.0766317 0.154442 -0.00463084
-0.07372140000000001 0.15443 -0.027653
-0.08468879999999999 0.09881719999999999 -0.00178643
-0.07797850000000001 0.175344 -0.0482634
0.00153095 0.131542 0.0162118
-0.0175015 0.119559 0.0348485
0.00469329 0.119083 0.0374161
0.00749733 0.118949 0.0372343
-0.0205115 0.114066 0.0379617
-0.0192064 0.186643 -0.018928
0.0419375 0.0837992 -0.00778085
-0.0456489 0.121232 0.0274097
-0.0920521 0.11612 0.0363114
-0.0101964 0.125371 0.0305677
-0.0516859 0.122095 -0.0106153
0.0189486 0.107426 -0.0168007
-0.0940898 0.122116 0.0152787
0.0403412 0.0635164 0.0304271
0.0424195 0.0633692 0.0285111
0.0454878 0.062459 0.0297479
0.0485099 0.0624707 0.0300431
0.0510375 0.0624294 0.0296079
0.0363248 0.110008 0.0250951
-0.0482455 0.166259 -0.00442334
-0.0481044 0.133526 0.00432426
-0.0927176 0.119368 0.0102989
-0.0865249 0.0960853 0.00143185
-0.0779967 0.163518 -0.0248646
0.00144758 0.131158 0.0190488
-0.0423707 0.127694 -0.00162338
-0.00143176 0.129867 0.0244015
-0.0246065 0.07451339999999999 0.0486939
-0.059884 0.104747 -0.0181932
-0.07441780000000001 0.112905 -0.00683204
-0.0628165 0.0903204 -0.0189703
-0.031387 0.0895499 -0.0251395
-0.0539809 0.06415659999999999 0.0330758
-0.0482756 0.0638064 0.0365793
-0.0220086 0.127074 0.0102814
-0.0214319 0.123974 0.0244351
-0.00458549 0.129198 0.0257765
-0.0430904 0.06593259999999999 0.0408575
-0.0418274 0.0662541 0.0413335
-0.0394957 0.0655806 0.0416769
-0.0369958 0.0655695 0.0415583
-0.0354996 0.0655309 0.0411031
-0.033628 0.0663451 0.040355
0.0454999 0.06830799999999999 0.0250343
-0.0163591 0.0667343 0.0537523
-0.0132021 0.06649289999999999 0.0540624
-0.0104996 0.06674040000000001 0.055061
-0.007996100000000001 0.0668005 0.0557416
0.00518279 0.0670279 0.0557332
0.00751056 0.0667532 0.0552032
0.0105008 0.0665685 0.0542069
0.0160004 0.118175 0.0356302
0.0165963 0.11966 0.0344519
0.0192759 0.118546 0.0346156
-0.039509 0.127367 -0.00137505
-0.0240344 0.118097 0.0328424
-0.0197054 0.118986 0.0344044
-0.0225483 0.119525 0.0321637
-0.021856 0.118595 0.033646
-0.0475796 0.121576 0.0283852
0.0130855 0.12977 0.0190526
-0.0487301 0.122796 -0.0107972
0.0436069 0.0980222 0.00417362
0.0454891 0.06379120000000001 0.0288172
0.0485029 0.06381100000000001 0.0293294
0.0518618 0.06316529999999999 0.0289719
-0.0689606 0.156339 0.0188555
-0.0211124 0.182965 -0.0210132
0.0379359 0.108302 0.00116977
0.0392332 0.107622 0.00436539
-0.060341 0.07188990000000001 0.0393922
-0.0615426 0.157643 -0.0275878
0.0132728 0.128975 0.0225497
-0.0612204 0.15599 0.0196654
-0.06561599999999999 0.0901183 -0.0182993
-0.0721526 0.11322 -0.008218110000000001
-0.0371597 0.165937 -0.0136851
-0.0458763 0.153773 -0.00678745
-0.0548135 0.0891232 -0.0220915
-0.0428244 0.08917940000000001 -0.022175
-0.0516448 0.0662512 0.0362251
-0.0488091 0.06601269999999999 0.0373959
-0.045139 0.131259 0.009883579999999999
0.00425064 0.126891 0.0299592
-0.045363 0.0665473 0.0397579
-0.0304992 0.0667517 0.0389625
-0.0277365 0.0665944 0.0390365
0.030677 0.118894 0.0189839
-0.07515520000000001 0.154994 0.0016365
0.0242425 0.121412 0.0278978
-0.08086309999999999 0.154791 0.013195
-0.0487003 0.118681 0.0310831
-0.0914745 0.140611 0.0191763
0.0357654 0.11023 -0.00129906
-0.0909901 0.145931 0.0256754
-0.0721364 0.156299 0.0191898
-0.0551745 0.15345 0.0245271
-0.0250626 0.119264 0.0310328
-0.0364964 0.118685 0.0308529
-0.0508509 0.145501 0.0134059
-0.0691959 0.06363439999999999 0.0220199
-0.0500946 0.145525 0.0114885
-0.07766530000000001 0.15763 -0.0159128
-0.0104786 0.1237 0.0330498
-0.087057 0.10977 0.0163449
-0.0877129 0.104319 0.0103831
0.042506 0.0660193 0.0276099
0.0456887 0.0656559 0.0274892
0.0484983 0.0658238 0.0280191
0.0516401 0.06566660000000001 0.0278247
0.0539086 0.0653682 0.0271692
-0.0876353 0.128063 0.000533521
0.0443622 0.0868099 0.024151
0.0449672 0.089671 0.0191647
-0.0773176 0.15736 -0.0130811
-0.0071095 0.130522 0.0165525
-0.0138907 0.129323 0.0139497
-0.0779044 0.15425 0.028003
-0.0806871 0.153646 0.0275416
-0.0807628 0.133009 -0.00399059
-0.0398682 0.104937 -0.0203863
-0.0599864 0.0901526 -0.0198515
-0.0338214 0.0893968 -0.0245442
-0.08409659999999999 0.116707 -0.001355
-0.0104677 0.09009399999999999 -0.0366076
-0.007893610000000001 0.08984200000000001 -0.0363492
-0.0716449 0.0639169 0.0190603
-0.0596661 0.112906 -0.0150816
0.0132272 0.107651 -0.0188772
-0.00485546 0.103816 -0.0230927
-0.0423525 0.0695008 0.0417738
-0.0394968 0.0690992 0.0417777
-0.0365009 0.0690958 0.0417039
-0.0264702 0.0676761 0.0408217
0.0356348 0.112277 0.0221639
-0.0163366 0.127466 0.0216689
-0.0190644 0.127936 0.0133818
-0.06774280000000001 0.164471 -0.018256
-0.0164881 0.0694853 0.0545087
-0.0134972 0.0694704 0.0545231
-0.0106977 0.0694046 0.0553388
-0.00850916 0.0688709 0.0557558
-0.00730512 0.0697701 0.0565384
-0.00450298 0.06965490000000001 0.0569332
-0.00149042 0.06965590000000001 0.0568646
0.0013155 0.0697506 0.0562899
0.0025057 0.0688921 0.0558596
0.00450655 0.0695728 0.0557626
0.00750935 0.0695542 0.0555529
0.0102531 0.06935330000000001 0.0547665
0.00173237 0.131645 0.0134731
-0.0603916 0.155199 0.0250545
0.0189479 0.127222 0.0189658
-0.0337726 0.177593 -0.00732283
-0.08259710000000001 0.103328 -0.00360734
-0.0932193 0.127538 0.0132533
-0.030556 0.153881 -0.00438333
-0.07500279999999999 0.156855 -0.00453337
0.0437936 0.09804160000000001 0.01316
-0.0920479 0.127622 0.0312504
0.0445305 0.0664178 0.0264316
0.0364684 0.104588 -0.00754479
-0.0904553 0.134349 0.0102187
0.0437565 0.0867366 0.0256693
-0.00153322 0.130935 0.0191556
-0.0692325 0.161954 -0.0115912
-0.0597815 0.155739 0.0187316
-0.059941 0.122238 -0.00874729
-0.0217297 0.104845 -0.0228435
-0.0366173 0.08948390000000001 -0.0239731
-0.0831498 0.114466 -0.00120313
-0.0368569 0.156835 -0.010766
-0.060166 0.037021 0.0454028
-0.00479741 0.09017269999999999 -0.0357749
0.009999579999999999 0.103362 -0.0207599
-0.0460293 0.06945460000000001 0.0407359
-0.0345047 0.0697783 0.0414733
-0.0329997 0.0697089 0.0406928
-0.030501 0.06961249999999999 0.0395924
-0.0280288 0.069648 0.0398621
-0.0264962 0.0690788 0.0415599
-0.07812520000000001 0.151905 0.0339945
-0.0690265 0.16568 -0.0194572
-0.00948303 0.07032330000000001 0.0561585
0.0191464 0.115864 0.0361302
0.0164998 0.116088 0.0365939
0.0133039 0.116163 0.036976
0.004493 0.116227 0.0396147
-0.07833859999999999 0.104361 -0.00779668
-0.0454966 0.117968 0.0306379
-0.0425025 0.118661 0.0304744
0.00349251 0.118288 0.0385113
-0.00699945 0.118323 0.0383829
-0.00448763 0.118304 0.0389204
-0.0890441 0.0990178 0.019396
-0.0138463 0.129182 0.0103536
-0.0132446 0.115853 0.0388372
-0.00705792 0.123946 0.0337332
-0.0889196 0.101696 0.016383
-0.0895073 0.137243 0.0371844
-0.06894500000000001 0.129688 -0.00900716
-0.0750142 0.135846 0.050515
-0.0769778 0.144205 0.0447487
0.0424016 0.06882779999999999 0.0277105
0.0435722 0.0692748 0.0260005
0.0489975 0.0678241 0.0264987
0.0510079 0.0678219 0.0265002
0.0514815 0.0692739 0.025041
0.0541906 0.0688106 0.0247473
-0.08786289999999999 0.137756 0.00720133
-0.0918321 0.127638 0.0367471
-0.0894498 0.0956415 0.0164185
0.0135035 0.128105 0.0250558
-0.0574605 0.157795 0.00724605
-0.0479856 0.136346 0.0135133
-0.0750427 0.152238 0.0347407
-0.0689386 0.127505 -0.00902439
-0.0570596 0.145178 -0.00178478
-0.0780575 0.115454 -0.00486119
-0.071871 0.115739 -0.00770603
-0.07209889999999999 0.107337 -0.0109302
-0.06597210000000001 0.160173 -0.0568523
-0.00240792 0.0897765 -0.0354788
-0.0689538 0.133327 -0.00842412
-0.0449848 0.0705118 0.0417062
-0.0131991 0.128423 0.0219078
-0.0574745 0.155319 0.0161843
0.0444004 0.0721209 0.0240382
-0.0543211 0.15447 0.0134696
-0.0166514 0.07214429999999999 0.0550242
-0.0137056 0.0721947 0.0552637
-0.0115057 0.0716604 0.0558672
-0.0102922 0.07256749999999999 0.0565971
-0.00749743 0.0725224 0.0577996
-0.00450202 0.07255159999999999 0.0583711
-0.0014806 0.0725141 0.0580017
0.00152571 0.0724185 0.0567541
0.00450297 0.0723895 0.0562291
0.00731069 0.0725264 0.0562155
0.008519799999999999 0.0716538 0.0557746
0.0102134 0.07197249999999999 0.0550911
0.0103694 0.116258 0.0378116
-0.00449126 0.116248 0.0400734
-0.00149408 0.116261 0.0403849
-0.0485161 0.163802 0.0050901
-0.0423644 0.121307 -0.0122981
-0.0725012 0.119687 0.0534484
-0.0394995 0.118695 0.0308206
-0.0533282 0.152524 0.0169996
-0.0285473 0.090018 -0.0308469
-0.0749932 0.144203 0.0449833
-0.0926225 0.124908 0.0367637
-0.0102625 0.169014 -0.0190405
-0.0937236 0.122099 0.0132844
-0.0456119 0.166251 -0.00745509
-0.0514316 0.15992 -0.00411875
-0.0687333 0.180897 -0.0576121
-0.024711 0.123963 0.0217801
-0.0204987 0.184182 -0.0139438
0.0421238 0.0894272 -0.00779856
-0.0637621 0.168285 -0.0424531
0.00583381 0.129313 0.0261699
-0.0336515 0.124453 0.0220368
-0.0105349 0.129736 0.00752466
0.00418304 0.0901782 -0.0331856
-0.0185646 0.178128 -0.0240798
-0.0281297 0.165989 -0.0167421
-0.0511146 0.15684 -0.00478814
-0.0749493 0.130361 -0.00773846
-0.07787280000000001 0.0721253 0.0247263
-0.0575234 0.07207860000000001 0.0401274
-0.0101737 0.104533 -0.023236
0.0101278 0.107993 -0.0196032
-0.0530851 0.151641 -0.00314317
-0.0719529 0.133311 -0.007999340000000001
-0.00763175 0.10404 -0.023138
-0.00185691 0.10377 -0.0226482
-0.0487288 0.0717724 0.0405608
-0.0454928 0.07263120000000001 0.0419903
-0.042498 0.0726575 0.0423635
-0.0394978 0.07263070000000001 0.0420468
-0.0364964 0.0726263 0.0420049
-0.0340061 0.0725821 0.0414529
-0.0325015 0.07252069999999999 0.0407274
-0.0304978 0.07248499999999999 0.0401866
-0.0282506 0.0722251 0.0406585
-0.0173447 0.186609 -0.0192183
-0.0661875 0.156238 0.0165945
-0.0192082 0.0721629 0.0538486
-0.0125037 0.0730609 0.0559849
-0.0140139 0.116907 0.0380331
-0.016509 0.116157 0.0375289
-0.0718389 0.175524 -0.0537062
0.00149547 0.116247 0.0401485
-0.081105 0.121681 0.0496094
-0.07501529999999999 0.118963 0.0528751
-0.0250368 0.0932156 -0.0308819
0.0429333 0.09797119999999999 0.00118246
-0.06281970000000001 0.148598 -0.0163933
0.0414629 0.104244 0.00716534
-0.0839482 0.10681 0.0254895
-0.0576272 0.122676 -0.00832335
-0.052917 0.144693 0.0213981
-0.0943663 0.122129 0.0167781
0.0425648 0.0979788 0.0221626
0.044819 0.0952814 0.00716689
0.0447285 0.0952757 0.0101607
-0.0190658 0.183963 -0.016069
-0.0945399 0.124852 0.0192623
-0.0450732 0.130892 0.0157782
-0.00138249 0.100405 0.0474744
-0.0437411 0.129574 0.0133639
-0.0104387 0.177984 -0.0295848
-0.00738151 0.130516 0.0107001
-0.0102533 0.130012 0.0105113
-0.0634024 0.0654622 0.0311007
-0.0518029 0.08912680000000001 -0.0219112
-0.0542243 0.0721917 0.0402194
-0.0514009 0.073308 0.041654
-0.0485043 0.07326680000000001 0.0416132
-0.0271202 0.07205259999999999 0.042264
-0.0191612 0.124776 0.0250897
0.0044619 0.124314 0.0333898
-0.019273 0.0749592 0.0545749
-0.0166955 0.07499169999999999 0.0556459
-0.0134946 0.07520209999999999 0.0565757
-0.0105016 0.0752274 0.0569775
-0.00751155 0.07529370000000001 0.0578569
-0.00450607 0.07536030000000001 0.0586895
-0.00148639 0.0753511 0.0585928
0.00152356 0.07523970000000001 0.0571881
0.00450488 0.0751917 0.0564744
0.0075058 0.0751835 0.0563652
-0.0309068 0.11829 0.0304503
-0.07015299999999999 0.119917 0.053217
-0.0277667 0.155137 -0.00416331
-0.0610923 0.168956 -0.0603471
-0.0875954 0.142604 0.010164
-0.0936922 0.12756 0.0162525
0.0249634 0.101237 0.0424129
0.0134337 0.09271799999999999 0.051645
-0.0629435 0.166569 -0.0422374
-0.063084 0.160696 -0.0485895
0.0366667 0.110309 0.0012272
-0.0897365 0.139966 0.0281802
-0.07518950000000001 0.145112 -0.00738241
-0.0720259 0.157137 -0.00169773
-0.0244124 0.183841 -0.0135068
-0.0551119 0.153775 0.022026
-0.0568543 0.151857 0.030853
0.010356 0.125592 0.0310957
-0.00452822 0.130966 0.0103109
-0.00935861 0.100149 0.0474465
-0.0807181 0.071925 0.0135127
-0.0635183 0.0748833 0.0404597
-0.0612611 0.0741566 0.0409015
-0.060187 0.0752857 0.0418023
-0.0574957 0.0754731 0.042402
-0.0544979 0.0754498 0.0422774
-0.0514936 0.07551389999999999 0.0427887
-0.0484973 0.0754818 0.0427903
-0.0454958 0.0754577 0.0422764
-0.0424913 0.0755117 0.0428358
-0.0395008 0.0754808 0.0425134
-0.0365002 0.0754344 0.0419969
-0.0337054 0.0755403 0.04156
-0.032492 0.0746402 0.0409516
-0.0305255 0.0753162 0.040799
-0.0283193 0.0752391 0.042627
-0.0691026 0.156329 0.0219504
-0.0397066 0.12146 0.0282591
-0.06337230000000001 0.156104 0.0160011
-0.0154881 0.0758696 0.0561745
0.0101582 0.0747786 0.0553592
-0.0275004 0.113896 0.0350195
-0.0335001 0.116625 0.0321039
0.00750071 0.11589 0.038991
-0.0104898 0.116221 0.0393745
-0.0859433 0.151349 0.027438
-0.0895812 0.133996 0.0396945
-0.0638537 0.174397 -0.0523023
-0.0632511 0.160509 -0.0516394
0.0388655 0.0895821 -0.0125208
-0.0718292 0.0958213 -0.0153097
-0.0633256 0.0369091 0.0425511
-0.0543455 0.121647 -0.00992025
0.0414766 0.104252 0.0101617
-0.0855696 0.139064 0.00222203
-0.0617185 0.155298 -0.026582
-0.074271 0.163458 -0.0367287
-0.0489243 0.139385 0.0103976
-0.0490511 0.166515 -0.00196431
-0.0482146 0.162424 0.00630854
0.0407343 0.105286 0.0134134
-0.0718463 0.163117 -0.042957
0.0251847 0.12195 0.0254854
-0.0278503 0.121637 0.0251118
-0.0628055 0.0874419 -0.0191115
-0.0624979 0.07608910000000001 0.0414437
-0.081105 0.154904 0.019258
-0.019727 0.0775622 0.055421
-0.0164982 0.0779644 0.0564507
-0.0134989 0.0780004 0.0569361
-0.010508 0.0780619 0.0577329
-0.00750289 0.07806539999999999 0.0577734
-0.00450717 0.078116 0.0582835
-0.00148966 0.0781081 0.0582944
0.00152416 0.0780274 0.0572905
0.00431215 0.0778017 0.0561241
0.00750796 0.0772499 0.056095
0.0103576 0.0779484 0.0550936
-0.0384792 0.116679 0.0322191
-0.0364954 0.116627 0.0319573
-0.0249407 0.121634 -0.00767015
-0.0686631 0.119325 0.0526733
-0.0615869 0.155311 -0.0220824
-0.0838681 0.1107 0.0340123
-0.0699777 0.15745 -0.0489202
-0.0619125 0.160932 -0.0368
-0.0367935 0.174981 -0.0101614
0.0316082 0.113901 -0.00472776
-0.0857296 0.111761 0.0258427
-0.00400441 0.126061 0.031348
-0.0185368 0.123815 0.0276913
-0.0595981 0.155766 0.016142
0.00439023 0.131712 0.0135901
-0.0405473 0.173292 -0.00476331
-0.07209119999999999 0.156189 0.0221219
-0.0632186 0.154277 0.0306129
-0.0461511 0.130971 0.00496286
-0.0132794 0.098579 0.0486231
-0.0634952 0.0782447 0.0420074
-0.0604835 0.07831 0.0426672
-0.0576915 0.07822809999999999 0.0434806
-0.0542976 0.07822170000000001 0.043565
-0.051497 0.0783804 0.0436533
-0.0484989 0.07838489999999999 0.0437717
-0.0455019 0.0782858 0.042508
-0.0424904 0.0783146 0.0428869
-0.0395046 0.0783305 0.0429788
-0.0365082 0.0782796 0.0423231
-0.0334999 0.0782007 0.0414892
-0.031185 0.07791969999999999 0.0411036
-0.0298439 0.0782596 0.0421168
-0.0720305 0.156258 0.0159782
-0.0691169 0.0866474 0.0427646
-0.0926688 0.13098 0.0162314
-0.09182369999999999 0.116902 0.0315107
-0.018996 0.0786413 0.0562116
0.00550646 0.07861700000000001 0.0558754
0.00750858 0.0786085 0.0557333
-0.0305076 0.113904 0.0346752
-0.00749115 0.116232 0.0397585
0.0373555 0.110485 0.00407869
-0.0858477 0.110389 0.0221561
-0.0454867 0.119316 0.0291501
-0.049591 0.139217 0.0161954
-0.0885932 0.10165 0.0103988
-0.0338545 0.175129 -0.013101
-0.08127139999999999 0.095739 -0.00754749
0.0232877 0.123385 0.0253956
-0.0631322 0.155683 0.0249476
-0.0870083 0.152423 0.0132183
-0.07833080000000001 0.101661 0.034257
-0.00761391 0.130294 0.00773496
-0.07520159999999999 0.15605 0.0189478
-0.0932168 0.116719 0.0163093
-0.0251846 0.0902303 -0.0346082
-0.0564853 0.0791423 0.0441771
-0.0554963 0.07913009999999999 0.0442202
-0.07494580000000001 0.154847 0.0281257
-0.08490549999999999 0.109029 0.0228462
-0.0194914 0.08077860000000001 0.0569156
-0.0164947 0.0808029 0.0572987
-0.0134976 0.08079749999999999 0.0572117
-0.0105014 0.0808493 0.0579622
-0.00749797 0.0808364 0.0577481
-0.0045023 0.080828 0.0575565
-0.00149451 0.0808248 0.057551
0.00151586 0.0807858 0.0571496
0.00431745 0.0808609 0.0563732
0.00551566 0.0799926 0.0558154
0.00751152 0.0809772 0.0555443
0.0102414 0.0812949 0.0546523
-0.027708 0.118591 0.0306938
-0.0218612 0.160289 -0.00367121
-0.08612690000000001 0.106956 0.00736675
-0.0425121 0.125548 -0.00773712
-0.07749780000000001 0.130278 0.0530502
-0.09297859999999999 0.122067 0.0102822
0.0450316 0.08965910000000001 0.00117649
-0.0827406 0.106711 0.0274826
-0.0426754 0.125882 0.0199796
-0.0308845 0.120751 0.0270182
-0.082884 0.106535 -0.000966333
-0.0815082 0.115248 -0.00262303
0.0242638 0.124334 0.0193308
-0.0663016 0.0807623 0.0424437
-0.0634946 0.0811708 0.0434449
-0.0604943 0.08115790000000001 0.0433105
-0.058154 0.08096780000000001 0.0438303
-0.0568173 0.0814854 0.0444528
-0.0544922 0.0812993 0.0449213
-0.0517508 0.08159130000000001 0.044359
-0.0509994 0.0805048 0.0440601
-0.0482931 0.0810577 0.0439634
-0.0455004 0.0811254 0.0429108
-0.0424962 0.0810729 0.0423266
-0.0394895 0.0811479 0.043131
-0.0365096 0.0811629 0.0432214
-0.0334973 0.0810448 0.0418765
-0.0307679 0.0808893 0.0421113
-0.08578769999999999 0.152992 0.0221351
-0.0276081 0.1216 -0.00760823
-0.0228628 0.18474 -0.016271
-0.0538918 0.115753 0.0345456
-0.0235661 0.115415 0.0353667
-0.022546 0.116788 0.03495
0.0084768 0.116844 0.0380952
-0.07745639999999999 0.107068 -0.00729052
-0.0779059 0.119185 0.0514754
0.0416508 0.09185260000000001 -0.00753989
-0.0142738 0.16292 -0.0107754
-0.0748284 0.125077 0.0530706
0.00157488 0.124329 0.0333601
-0.08357829999999999 0.104076 -0.0016271
-0.0880007 0.124639 0.000273919
-0.09310309999999999 0.122207 0.0393024
-0.0898248 0.151111 0.0190538
-0.0776482 0.112179 0.0467211
-0.076783 0.148158 -0.00724256
-0.0718205 0.156066 0.0239176
-0.067283 0.161835 -0.0137578
-0.0860351 0.153316 0.0168598
-0.0837294 0.154127 0.0160131
-0.0368054 0.125665 -0.00443153
-0.0738221 0.160693 -0.033686
-0.0247476 0.125095 0.0188402
-0.0494951 0.0819134 0.044146
-0.0295465 0.08191320000000001 0.0441437
-0.0900624 0.115581 0.0281298
-0.0865315 0.109921 0.0194961
-0.0856465 0.106703 0.00505807
-0.08619979999999999 0.0987808 0.00140794
-0.0196092 0.0834184 0.0571143
-0.0164908 0.0835741 0.0572911
-0.0134997 0.08357340000000001 0.0572525
-0.0104989 0.08360670000000001 0.0576851
-0.00748857 0.08357879999999999 0.0573545
-0.00450254 0.0835751 0.0572441
-0.00149929 0.08359419999999999 0.0575098
0.00150771 0.08358110000000001 0.0574325
0.00451731 0.0835463 0.0570012
0.00699973 0.08379730000000001 0.0562724
-0.0866277 0.124593 -0.00172378
0.0193976 0.0841597 0.0506506
-0.0486515 0.154299 0.0101841
-0.08130850000000001 0.139686 -0.00179885
-0.0806355 0.142447 -0.00181002
-0.00877695 0.169647 -0.023748
0.0100014 0.125198 -0.00717169
0.0442334 0.0945484 0.0186577
-0.0424995 0.113906 0.0346775
-0.0632013 0.156067 0.0218639
-0.0874883 0.152649 0.0163785
-0.0669368 0.165932 -0.0571081
0.0208388 0.126564 0.0173475
-0.07214569999999999 0.156162 0.0010692
-0.00462567 0.100891 0.0453346
-0.066498 0.08364630000000001 0.0435194
-0.0634932 0.0833247 0.0441018
-0.0634957 0.0843951 0.0443234
-0.0602973 0.0838661 0.0438799
-0.0584901 0.08401169999999999 0.0438918
-0.0569808 0.08405459999999999 0.0444373
-0.054491 0.0841071 0.0451723
-0.0514968 0.08409800000000001 0.0450986
-0.0484977 0.0840771 0.0448425
-0.0464988 0.08404540000000001 0.0444409
-0.0449893 0.0839791 0.0435715
-0.0424976 0.08390889999999999 0.0426547
-0.0394839 0.08398 0.0435094
-0.0365119 0.0839916 0.0436496
-0.0335025 0.08387459999999999 0.0421791
-0.0310484 0.0838597 0.0422816
-0.0294499 0.0840986 0.0446625
-0.06911009999999999 0.177461 -0.0576304
-0.0883814 0.100948 0.00841627
-0.0855607 0.103501 0.00239284
-0.0895 0.0990234 0.0163988
-0.08492760000000001 0.107101 0.00371095
-0.0879868 0.112456 0.00731882
0.0284322 0.119566 0.0251695
0.0165756 0.0842006 0.051579
-0.0193206 0.125927 0.0225924
-0.0475689 0.11953 0.0292646
-0.0727423 0.124967 0.0531606
-0.0616108 0.159994 -0.0335918
-0.07208630000000001 0.155601 0.00270105
0.0125251 0.129483 0.0214195
0.0071701 0.131571 0.0130341
-0.0832683 0.0985987 -0.00460247
-0.00432399 0.124183 0.0337057
-0.0807571 0.1525 0.0307996
-0.0694806 0.165016 -0.0174586
-0.0222027 0.0872043 0.0547736
-0.065484 0.0847424 0.0442074
-0.0614977 0.0847334 0.0442553
-0.0104118 0.128751 0.00154462
-0.0660471 0.177413 -0.0602428
-0.08738659999999999 0.098844 0.0044358
-0.024766 0.0947817 -0.0272941
-0.00173526 0.13078 0.00445159
-0.0194889 0.0862933 0.0565191
-0.0164958 0.08632430000000001 0.0569238
-0.0134998 0.0863384 0.0571014
-0.0104989 0.086343 0.0571756
-0.00749487 0.0863449 0.0571851
-0.00449963 0.0863458 0.0571614
-0.00149722 0.0863478 0.0571229
0.00150427 0.0863524 0.0571635
0.00450967 0.0863305 0.0569441
0.00726869 0.0862298 0.0562824
-0.00747034 0.0919529 -0.0355503
0.0314278 0.11673 0.0250113
-0.0775213 0.116792 0.0509338
-0.0479852 0.116609 0.0320034
-0.045499 0.116614 0.0320385
-0.074957 0.155373 0.00737601
0.0451601 0.0924958 0.0131606
0.027467 0.115743 -0.00672337
-0.07228999999999999 0.167253 -0.0213602
0.0394752 0.0923609 -0.0101091
0.0416395 0.09509189999999999 0.027162
-0.07161430000000001 0.16128 -0.00954062
-0.0713104 0.164383 -0.0152637
-0.0689896 0.15766 -0.00443981
-0.039254 0.174286 -0.00680346
-0.0671614 0.086575 0.0438631
-0.0658155 0.0870928 0.044467
-0.06349200000000001 0.0868908 0.0448519
-0.0604978 0.08689239999999999 0.0448825
-0.0574928 0.0868626 0.0445083
-0.0544902 0.0869081 0.0451438
-0.0514967 0.086934 0.0455234
-0.0485019 0.0869217 0.0453547
-0.0459829 0.08684749999999999 0.044412
-0.0444863 0.08679489999999999 0.0437074
-0.0425028 0.08671719999999999 0.0427482
-0.0394883 0.0867704 0.0434024
-0.0364915 0.08677310000000001 0.0434049
-0.033497 0.0867366 0.0427834
-0.0309832 0.0867769 0.0433583
-0.0294246 0.0861745 0.0444819
-0.00456525 0.13039 0.00425859
0.00426788 0.131483 0.00769246
-0.0295722 0.180066 -0.007967460000000001
0.0300172 0.118357 0.0246922
-0.0922592 0.119602 0.0423092
0.0161698 0.08671089999999999 0.0511435
0.0193264 0.0872347 0.0494447
0.0218646 0.08699129999999999 0.0490204
-0.0698315 0.08102189999999999 0.0407574
-0.0184922 0.11816 0.035496
-0.0101681 0.125299 -0.00718885
-0.0293662 0.09041349999999999 -0.0285737
0.0426158 0.0951593 0.0251641
0.0384655 0.101615 -0.00677144
-0.0232044 0.181304 -0.0110951
-0.0799726 0.101164 0.0328514
-0.0861099 0.0926647 0.00143808
-0.08945069999999999 0.095626 0.0134245
-0.0938716 0.127954 0.0225037
-0.086592 0.10976 0.0103587
-0.0777803 0.157613 -0.0189172
-0.0287143 0.08707810000000001 0.0455952
0.0103571 0.130911 0.009923599999999999
0.0133439 0.130054 0.0103042
0.0147323 0.129513 0.0122405
-0.0193265 0.0899744 0.0550543
-0.0185099 0.0883573 0.0560195
-0.0161603 0.0892985 0.0563705
-0.0134974 0.0897845 0.0566776
-0.0104979 0.0897858 0.0566604
-0.00749749 0.08911719999999999 0.0570935
-0.00449273 0.0897968 0.0567272
-0.00149486 0.0897728 0.0563842
0.00130752 0.0889398 0.0563066
0.00450303 0.0883649 0.0562366
0.00750358 0.0896806 0.0549784
0.0104845 0.089766 0.0542005
-0.0455054 0.162269 0.00621637
-0.0885503 0.101553 0.019172
-0.0720845 0.160311 -0.0399366
-0.0870677 0.109756 0.0133472
-0.09282600000000001 0.124772 0.010267
-0.00917833 0.168738 -0.0215368
-0.0619348 0.15374 -0.0245807
-0.0659911 0.155679 0.009999060000000001
-0.0305824 0.110401 -0.0183073
-0.055018 0.151579 0.0277334
-0.0720577 0.0895966 0.0414946
-0.069147 0.0895435 0.042594
-0.027871 0.123819 -0.00173924
-0.0313486 0.123848 -0.00306822
-0.06700680000000001 0.0897879 0.0438508
-0.0658311 0.0894341 0.0444239
-0.0634921 0.0897196 0.0451024
-0.0604979 0.0897367 0.0452789
-0.0574955 0.089707 0.0449898
-0.0544986 0.0897072 0.0449462
-0.0514976 0.08970359999999999 0.0449444
-0.0484985 0.0896921 0.0447238
-0.0465077 0.08895400000000001 0.0443573
-0.0452754 0.08973689999999999 0.0433571
-0.0424904 0.0895336 0.0426086
-0.0394973 0.0895714 0.0431317
-0.0364913 0.0896082 0.0434531
-0.0334934 0.08893040000000001 0.0437815
-0.0304905 0.08964859999999999 0.0439735
-0.0304948 0.089659 0.0442239
-0.0279333 0.0897313 0.0459199
0.0190555 0.127601 0.0130221
-0.0171561 0.09064999999999999 0.0557261
0.00175628 0.0907794 0.0557114
0.00450667 0.0904076 0.0552914
0.0012073 0.0901827 -0.0340544
-0.0102598 0.165935 -0.018727
0.0191207 0.089812 0.0485591
0.0224684 0.0896863 0.048304
-0.0704978 0.124601 0.053003
0.0353317 0.112044 0.0241962
0.0253267 0.119332 -0.00460152
-0.0632238 0.153331 0.0332195
-0.06797259999999999 0.155783 -0.00165172
-0.0818767 0.107832 -0.00194173
-0.08654779999999999 0.10699 0.0103648
-0.0872284 0.137044 0.00420692
-0.0334923 0.09038599999999999 0.044301
0.0209491 0.126601 0.0138223
0 0 0
0.0261254 0.123163 0.0157463
-0.00749728 0.0918786 0.0565132
0.0126482 0.089449 0.0535048
-0.00118011 0.119565 -0.0137505
-0.0666697 0.163007 -0.0574561
-0.06908830000000001 0.125156 0.052147
0.0442336 0.097356 0.00716755
-0.0906918 0.115607 0.030536
-0.0483662 0.12551 -0.00762939
-0.0661064 0.154244 -0.0013057
-0.0599641 0.155819 0.0128672
-0.0808682 0.118473 -0.00413365
-0.0720132 0.0922579 0.0415604
-0.0695117 0.0923264 0.0421565
-0.066562 0.09225750000000001 0.0433199
-0.0632921 0.0923659 0.0446737
-0.060494 0.0925459 0.0451897
-0.0574974 0.0925578 0.0452957
-0.054499 0.0925135 0.0447026
-0.0512486 0.0921271 0.0442083
-0.0491586 0.0927207 0.0443098
-0.0478126 0.09222130000000001 0.0438847
-0.0454848 0.0924122 0.0432817
-0.0424956 0.0923635 0.0426028
-0.0394913 0.09238639999999999 0.0429684
-0.0371507 0.0922215 0.0438705
-0.0358172 0.09272329999999999 0.0443228
-0.0334894 0.09250709999999999 0.0444639
-0.0307434 0.0928495 0.0443259
-0.0299937 0.0917666 0.0441054
-0.027521 0.0924083 0.0449921
0.0320656 0.117538 0.0186978
0.0292474 0.120468 0.016199
-0.0162816 0.09301719999999999 0.0548671
-0.013705 0.09332650000000001 0.0552063
-0.0124951 0.0925417 0.056096
-0.0105 0.09255380000000001 0.0561266
-0.00449507 0.0925588 0.0561419
-0.00249367 0.09255049999999999 0.0559214
-0.00129865 0.0933427 0.0554991
0.00150357 0.0931879 0.0551544
0.00450479 0.0931416 0.0543416
0.0072455 0.0927198 0.0533914
0.009490999999999999 0.09233189999999999 0.053062
0.0106905 0.0931309 0.0523717
-0.0894601 0.137223 0.0311985
0.0191371 0.0923824 0.0478612
0.0223427 0.0925507 0.0476875
-0.0727782 0.17128 -0.0487007
-0.049231 0.14567 0.00976347
-0.07251589999999999 0.144195 0.0447835
-0.0305889 0.168899 -0.00702359
-0.0545306 0.161022 0.00451348
-0.0888254 0.0924799 0.0222424
-0.0850397 0.152747 0.0246266
0.008888 0.126629 0.0301427
-0.0873429 0.0927545 0.00442564
-0.06448379999999999 0.09315619999999999 0.0439721
-0.051998 0.09316969999999999 0.0439781
0.0349659 0.113856 0.019307
0.0372336 0.110554 0.0191731
0.0358915 0.112546 0.0191649
-0.0104948 0.0938949 0.0554901
-0.00749731 0.093912 0.0555895
-0.00449825 0.0939072 0.0555789
0.00798125 0.0937043 0.0525805
-0.0619843 0.175272 -0.0573592
-0.0337318 0.12132 0.0274592
-0.0581658 0.148939 0.0335363
-0.06904920000000001 0.156075 0.02453
-0.0100511 0.09809379999999999 0.0512475
-0.0458776 0.105635 -0.0202097
-0.0717053 0.09499589999999999 0.0414707
-0.06949379999999999 0.0951557 0.0421455
-0.06649579999999999 0.0951776 0.0424531
-0.06369519999999999 0.0953867 0.0434362
-0.0624814 0.09459099999999999 0.0443423
-0.0604893 0.0946124 0.0446767
-0.057498 0.0946258 0.0447768
-0.0555057 0.0946 0.044463
-0.0542972 0.0954113 0.0437692
-0.0519933 0.0952781 0.0439122
-0.0504918 0.095319 0.0444544
-0.048996 0.095329 0.0445722
-0.0474705 0.0952875 0.0440286
-0.0454684 0.0952393 0.0432463
-0.0424889 0.095175 0.0423728
-0.0394897 0.0951864 0.0426047
-0.0366748 0.09539010000000001 0.0436279
-0.0354827 0.0945899 0.0441989
-0.033292 0.09518020000000001 0.0444754
-0.0304931 0.0953505 0.0448772
-0.0276974 0.0952081 0.0447989
-0.0244013 0.0949701 0.0453594
-0.0450338 0.131227 0.0128621
-0.0308574 0.125745 0.0161177
-0.0161823 0.0948391 0.0533918
-0.013498 0.09518649999999999 0.0535467
-0.0102875 0.09573570000000001 0.0540071
-0.00749511 0.09590310000000001 0.0541271
-0.00449704 0.095904 0.0541992
-0.00149949 0.09589490000000001 0.0541303
0.00148779 0.0958741 0.0537535
0.0039806 0.0951525 0.0535323
0.00473145 0.0961327 0.0524906
0.00748286 0.0957358 0.0515479
0.0102299 0.09532119999999999 0.0507614
0.0129704 0.09493840000000001 0.0502745
-0.0572848 0.154473 0.0249261
0.01642 0.0957081 0.0480381
0.0194887 0.0955088 0.0473184
0.0222397 0.0945993 0.0471988
-0.0750073 0.120387 0.0532099
-0.0869583 0.107025 0.0133596
-0.0684883 0.0758716 0.038694
0.009496930000000001 0.121023 0.0358683
0.0358078 0.0958594 -0.0120328
0.0371194 0.101371 0.030996
0.0238446 0.123573 0.0241681
-0.0123674 0.129524 0.0101702
-0.0369967 0.12684 -0.00109114
-0.0778142 0.154147 0.00462419
-0.0523935 0.148746 0.0193841
-0.0864727 0.134098 0.00148739
-0.060493 0.095981 0.0439771
-0.0574979 0.0959795 0.0439701
-0.0344873 0.0959942 0.0440904
-0.0264981 0.09597840000000001 0.0437675
-0.0251993 0.0959018 0.0439759
0.00406779 0.0989826 0.0489975
-0.089921 0.13379 0.031217
-0.00127916 0.0983315 0.0517594
-0.0161647 0.0962037 0.0516952
-0.013646 0.0964621 0.0522374
-0.0114785 0.0965129 0.0526113
0.0109807 0.09631190000000001 0.0497335
0.0137321 0.09588339999999999 0.0492288
0.022649 0.09606049999999999 0.0465867
0.00750021 0.121028 0.0359994
-0.0897454 0.113609 0.0220728
0.0268311 0.121153 0.0243327
-0.0724201 0.148234 -0.0303363
0.0413483 0.104255 0.00466446
-0.0458274 0.0920324 -0.021874
-0.0689134 0.112978 -0.010125
-0.0420412 0.129037 0.0102983
-0.07195409999999999 0.098632 0.0401796
-0.06929200000000001 0.09780899999999999 0.0415342
-0.0665048 0.0979775 0.0419375
-0.06349680000000001 0.0980106 0.0424994
-0.0604953 0.09804110000000001 0.0429784
-0.0574986 0.0980579 0.0430871
-0.054495 0.0980568 0.0431213
-0.0514926 0.0980695 0.0434692
-0.048498 0.0980936 0.0436428
-0.0454923 0.09803820000000001 0.0428273
-0.0424978 0.0979922 0.0422297
-0.0395046 0.09798469999999999 0.0420049
-0.0364861 0.0980241 0.0428291
-0.0336932 0.0982237 0.043654
-0.0324865 0.0974182 0.0443398
-0.0304975 0.0974275 0.0445234
-0.0274963 0.09808890000000001 0.0437204
-0.0254927 0.0974122 0.0441083
-0.0246259 0.0980944 0.0445566
-0.0224534 0.09819849999999999 0.0447474
0.0455257 0.0719032 0.0217959
-0.0280847 0.122914 0.0221985
0.0457167 0.070123 0.0228991
-0.0930544 0.122214 0.0367771
-0.0495368 0.142453 0.0104147
-0.0623151 0.163903 -0.042593
0.00408546 0.097818 0.0509503
0.00749586 0.09835000000000001 0.0488255
0.0104975 0.0983566 0.0485786
0.0134795 0.0983593 0.0480807
0.0162812 0.0981861 0.0473859
0.0184875 0.0976002 0.0470854
0.0196783 0.0984148 0.0467048
0.0221081 0.09870279999999999 0.0457861
-0.00149458 0.11832 0.0391021
-0.0423405 0.12102 0.0277443
-0.065984 0.133329 -0.0083064
-0.0774749 0.141413 0.0470689
-0.0755792 0.155367 -0.00168559
0.00138394 0.129763 0.0251338
0.0186576 0.126761 0.0213298
-0.06321010000000001 0.155035 0.0277939
-0.0435221 0.129682 0.0107271
-0.0781295 0.155711 0.0168609
-0.07411230000000001 0.151973 -0.0308865
-0.0701693 0.0995414 0.0406287
-0.0304975 0.0987992 0.0439187
-0.0197489 0.0981529 0.0451802
-0.0839883 0.153766 0.021967
-0.06657100000000001 0.155906 0.0112404
-0.0866849 0.112884 0.0277604
-0.09379410000000001 0.122024 0.0254941
-0.0633239 0.169093 -0.0610358
-0.0875268 0.101562 0.0223135
-0.0780469 0.16059 -0.0217888
-0.074863 0.06918829999999999 0.0248847
-0.0621751 0.157803 -0.0193853
-0.00995936 0.172614 -0.0275568
-0.0896446 0.0922523 0.0134411
0.0174821 0.0990004 0.0469682
-0.0715438 0.171667 -0.0508371
-0.0576875 0.06562369999999999 0.0340865
0.0382636 0.109749 0.0121659
-0.0488206 0.0920019 -0.0216438
-0.0102297 0.0994497 0.0485867
-0.0342597 0.124465 -0.00430746
-0.0695067 0.101673 0.0398999
-0.0662996 0.100638 0.0415459
-0.0634938 0.101505 0.0419181
-0.0604957 0.10153 0.042272
-0.0574966 0.101555 0.042602
-0.0544952 0.10154 0.0422712
-0.0514988 0.101519 0.0419224
-0.0483544 0.101122 0.0422209
-0.0454952 0.101528 0.0420123
-0.0426095 0.101332 0.0417081
-0.0394983 0.100061 0.0414206
-0.0364966 0.100786 0.041719
-0.0333709 0.101351 0.042208
-0.0304977 0.101561 0.0426827
-0.0276323 0.101177 0.0432066
-0.0249868 0.10024 0.0442724
-0.0222469 0.100605 0.0443426
-0.0204991 0.100239 0.044421
-0.0192946 0.101072 0.043776
-0.0166609 0.101097 0.0439012
-0.0135508 0.100423 0.044507
-0.0110465 0.100497 0.0450704
-0.00769645 0.100248 0.0476803
-0.06907199999999999 0.07827480000000001 0.0398179
-0.0894884 0.116683 0.00449248
-0.051836 0.145474 0.0163937
0.0014463 0.100998 0.0455287
0.00454452 0.100968 0.0457719
0.00715939 0.101689 0.0462823
0.00804465 0.100384 0.0474041
0.0107127 0.100974 0.0476575
0.0132845 0.100981 0.0475302
0.0154605 0.100515 0.0471558
0.0166812 0.101218 0.046621
0.0192193 0.101274 0.0457642
0.00449911 0.121008 0.0359025
-0.07563400000000001 0.148603 -0.0128643
-0.06894749999999999 0.131138 -0.00872582
-0.07893600000000001 0.108126 -0.00525459
-0.0251472 0.168981 -0.0187156
-0.0748791 0.10424 -0.0105423
-0.0699685 0.114383 0.0505869
-0.0647237 0.158466 -0.0128094
-0.079254 0.149169 0.0379325
-0.074827 0.101683 0.0370445
-0.07209930000000001 0.101327 0.0388275
-0.0667367 0.10249 0.0407299
-0.0395 0.102158 0.0406491
-0.0249906 0.101612 0.0437175
-0.0229967 0.101642 0.0440492
-0.0132674 0.101879 0.0436989
-0.0639777 0.155958 0.0237716
-0.0104934 0.101634 0.0440217
-0.00744808 0.102002 0.0439175
-0.0879259 0.102339 0.0203636
-0.00185148 0.102106 0.0440551
-0.00103606 0.101255 0.0450845
0.00953649 0.101759 0.0470503
0.0144842 0.101799 0.0469727
0.00149285 0.118294 0.0389121
0.0439354 0.092655 0.0228207
-0.09073779999999999 0.135088 0.01621
-0.0574369 0.154939 0.0219972
-0.0253056 0.157774 -0.00201172
0.00446159 0.129875 0.0248149
-0.0730107 0.10267 0.0378068
-0.0490001 0.102884 0.0410528
-0.0414756 0.102877 0.0407886
-0.0365017 0.102851 0.040559
-0.0345002 0.10287 0.040969
-0.027297 0.103785 0.0420763
-0.0249931 0.104374 0.0425038
-0.0224959 0.104399 0.0429357
-0.0194972 0.1044 0.0429822
-0.016499 0.104408 0.0429633
-0.0135754 0.104463 0.0433716
-0.07783180000000001 0.155527 0.0133661
-0.0104938 0.10444 0.0435485
-0.00750408 0.104529 0.0438098
-0.00466482 0.104384 0.0439901
-0.09078029999999999 0.137169 0.0191977
-0.00129391 0.1046 0.0439431
0.00148762 0.104404 0.0433924
0.00437995 0.10454 0.0428618
0.00555478 0.102979 0.0445124
0.00821187 0.103494 0.0450121
0.0105246 0.103768 0.0454993
0.0134953 0.103782 0.045587
0.0164785 0.103759 0.0450594
0.045481 0.0897029 0.0131618
0.034939 0.111105 -0.00215882
-0.068243 0.122022 0.0525746
-0.0849105 0.106991 0.0228612
-0.0626049 0.154523 -0.0135867
-0.0624677 0.148509 -0.00737513
-0.00211575 0.129211 0.0261932
-0.0263102 0.123352 0.021955
-0.08011600000000001 0.153024 0.0299773
-0.0749488 0.104559 0.036451
-0.072313 0.104644 0.0375974
-0.069245 0.10449 0.0386383
-0.06650060000000001 0.10491 0.0395946
-0.06349340000000001 0.104948 0.0403967
-0.0607473 0.105318 0.0405468
-0.0599959 0.104291 0.0412598
-0.0574963 0.104318 0.0414783
-0.0549961 0.104311 0.0412994
-0.054245 0.105332 0.0406362
-0.0514977 0.104956 0.0402472
-0.0484991 0.104952 0.0402936
-0.0454995 0.104318 0.0413849
-0.0434909 0.104315 0.0413728
-0.0422799 0.105128 0.0405411
-0.0394809 0.104926 0.0393126
-0.0365049 0.104913 0.0393336
-0.0335102 0.104959 0.0400747
-0.0304951 0.104295 0.0412873
-0.00190546 0.104695 0.0441557
0.00731618 0.105187 0.0427023
0.0193026 0.10477 0.0431964
-0.0374965 0.120729 0.0294163
0.0440384 0.0959414 0.0171588
-0.0513602 0.13935 0.00137003
-0.0678163 0.08660619999999999 -0.0177767
-0.0658111 0.08739189999999999 -0.0185509
-0.0699992 0.105507 0.0378558
-0.0574983 0.105691 0.0407241
-0.0454961 0.105696 0.0408143
-0.0305033 0.105682 0.0404787
-0.0274874 0.105677 0.0409299
-0.00350655 0.105885 0.0441283
0.0105276 0.105755 0.0434991
0.0135019 0.105767 0.0435467
0.0164897 0.10577 0.0431463
0.013454 0.120299 0.035028
0.0248525 0.104457 0.0398495
-0.0893972 0.150887 0.0217938
0.0431174 0.0895088 -0.00479853
0.0437732 0.09875159999999999 0.0101629
-0.0605883 0.11319 0.0364851
-0.0574878 0.113216 0.0359747
-0.0650869 0.155169 -0.00713868
-0.0395034 0.127382 0.0164094
-0.0840413 0.121671 -0.00352735
-0.06560000000000001 0.168824 -0.0594742
-0.0428724 0.105658 -0.0205382
-0.0719704 0.107466 0.0374965
-0.0693082 0.107754 0.0375261
-0.0665 0.106975 0.038559
-0.0634937 0.107688 0.0388486
-0.0604949 0.107701 0.0390813
-0.0574985 0.10773 0.0393388
-0.0544969 0.107753 0.0394503
-0.0514967 0.107741 0.0390404
-0.0485008 0.107741 0.0393426
-0.0454964 0.107762 0.0396976
-0.0424737 0.107776 0.0393192
-0.0399567 0.107032 0.0385025
-0.039227 0.108051 0.0378525
-0.0367043 0.107819 0.0378677
-0.0355172 0.106999 0.038376
-0.0333089 0.107575 0.0387475
-0.0305053 0.107745 0.0392251
-0.0275057 0.107772 0.0397495
-0.025001 0.107809 0.0406228
-0.0224974 0.107154 0.0416402
-0.0194946 0.10786 0.0417447
-0.0164951 0.107881 0.0420289
-0.0134881 0.107921 0.0428184
-0.0104867 0.10794 0.0431465
-0.00748808 0.10797 0.0437118
-0.00449948 0.107964 0.0436889
-0.00150177 0.107767 0.0434107
0.00148936 0.10792 0.0427061
0.00450524 0.107918 0.0419336
0.00724849 0.107479 0.041313
0.0105104 0.107096 0.0415782
0.0135053 0.107106 0.0421528
0.0164924 0.107116 0.0418009
0.0193506 0.106526 0.0415445
0.0196648 0.107807 0.0401854
0.0222634 0.107156 0.0396775
0.0251476 0.10683 0.0387525
-0.035481 0.169259 -0.000371305
0.0410386 0.09994400000000001 -0.00278716
-0.0547452 0.112884 0.0357417
-0.0539983 0.113925 0.0350763
-0.0194745 0.123115 0.0284465
-0.0578546 0.132911 -0.00618364
-0.0458426 0.09851020000000001 -0.0217261
-0.0167709 0.180836 -0.0257893
-0.0402775 0.153754 -0.008171029999999999
0.0153683 0.107252 -0.0182147
-0.0665047 0.108362 0.0380036
-0.0345349 0.108408 0.0380462
-0.0225049 0.108539 0.0408637
0.007994579999999999 0.108509 0.0407968
0.010502 0.108473 0.0403329
0.0135052 0.108468 0.0407283
0.0164946 0.108471 0.040456
0.044558 0.0924328 0.00118792
0.0454879 0.0868902 0.016166
-0.0514856 0.113915 0.034823
-0.0907781 0.127467 0.00627389
-0.00473738 0.107009 -0.0225128
-0.06599629999999999 0.136262 -0.00807246
-0.0339295 0.168776 -0.0153326
-0.063003 0.13332 -0.00776294
-0.06593160000000001 0.124577 -0.00890706
0.0128219 0.104988 -0.0197802
-0.0071706 0.107574 -0.0226517
-0.0484985 0.113898 0.0347009
-0.0340884 0.160008 -0.0131526
-0.0660935 0.118579 -0.0089815
-0.06929349999999999 0.10965 0.0381043
-0.06628729999999999 0.110239 0.0378076
-0.0634199 0.110179 0.0376157
-0.0605108 0.110436 0.0373223
-0.0574976 0.110448 0.0373025
-0.054498 0.110468 0.037292
-0.0514992 0.110475 0.0374182
-0.0487002 0.110628 0.037521
-0.0475 0.109814 0.0383224
-0.0459982 0.109821 0.0383318
-0.0452468 0.110855 0.0373697
-0.0424851 0.110517 0.0374314
-0.0394829 0.110474 0.0367453
-0.0364981 0.110435 0.0364911
-0.0335076 0.110464 0.036854
-0.0305034 0.110471 0.0372336
-0.0277622 0.110849 0.0374264
-0.0270188 0.109848 0.0384249
-0.0248491 0.110343 0.0391035
-0.02251 0.110608 0.0397127
-0.0194972 0.110624 0.0403971
-0.0167434 0.110993 0.0408142
-0.0159878 0.109966 0.0415017
-0.0134885 0.110689 0.0417979
-0.0104804 0.110709 0.0423409
-0.0074871 0.110717 0.042649
-0.00449218 0.110714 0.0426582
-0.00150013 0.110727 0.0425977
0.00148868 0.110724 0.042481
0.00474177 0.110469 0.0418003
0.00757311 0.110698 0.040612
0.0104979 0.11057 0.0396218
0.0135016 0.110563 0.0396749
0.0164976 0.110555 0.0393591
0.0192396 0.110162 0.0388927
0.021502 0.109802 0.0384228
0.0223965 0.110854 0.0375311
0.0250033 0.110611 0.0368459
0.0332641 0.101122 0.0359786
-0.0622189 0.160758 -0.0395988
0.0251188 0.0989729 -0.0197789
-0.0505356 0.148705 -0.00308211
-0.0281819 0.09552049999999999 -0.0244783
-0.0719272 0.110415 0.0430146
-0.0398807 0.107789 -0.0198196
-0.0428281 0.0921042 -0.0227406
-0.0482665 0.151074 -0.00459095
-0.0542661 0.15075 -0.00249963
-0.0668381 0.09307989999999999 -0.0172838
-0.0799769 0.0929324 -0.0095946
-0.0454992 0.113877 0.034558
-0.02552 0.111233 0.0379672
0.0200036 0.111191 0.0378562
-0.09013350000000001 0.133948 0.0283398
0.038384 0.106978 0.0241932
-0.030846 0.09512909999999999 -0.023954
-0.0719048 0.110042 -0.009872270000000001
0.00412183 0.10801 -0.020251
-0.0510703 0.150912 -0.00369444
-0.0316091 0.162243 -0.0145626
-0.0283447 0.0934672 -0.0254369
-0.0755108 0.126011 0.0529241
-0.0515008 0.112515 0.0359042
-0.0485001 0.112559 0.0357494
-0.0454992 0.112563 0.0357114
-0.0424959 0.112544 0.0356975
-0.0394856 0.11255 0.0354835
-0.0325146 0.112544 0.0353443
-0.0305086 0.112531 0.0355662
-0.0275067 0.112544 0.036054
-0.0458331 0.094919 -0.0219624
-0.04883 0.0949067 -0.0219942
-0.0519601 0.0954349 -0.0219866
-0.0548571 0.095593 -0.0216781
-0.0100376 0.107374 -0.0223742
-0.0803244 0.135852 -0.00375714
-0.0398374 0.0950102 -0.0228038
-0.0428398 0.0949744 -0.0224904
-0.0196442 0.0371339 0.053177
-0.0189721 0.0361556 0.052486
-0.0600097 0.130392 -0.0073522
-0.07792979999999999 0.127386 -0.00688223
-0.07429090000000001 0.087101 -0.0151002
-0.0690019 0.0874231 -0.0171841
-0.0547951 0.0862044 -0.021513
-0.0221234 0.165283 -0.0173314
-0.00445382 0.0367233 0.0480625
-0.0487925 0.08624950000000001 -0.0217718
-0.07196279999999999 0.136234 -0.00758375
-0.0602487 0.118907 0.0405476
0.0278553 0.115922 0.0310289
-0.0473513 0.134719 0.0163714
-0.0309601 0.160002 -0.0134927
-0.0808649 0.121434 -0.00494574
-0.0311407 0.165974 -0.0160597
-0.0160782 0.168834 -0.02151
-0.0568881 0.151043 -0.00141782
-0.0692516 0.155735 0.0262802
0.0133123 0.0372283 0.0444386
0.0148847 0.0378033 0.0441286
0.0184679 0.0378032 0.0422336
0.0193274 0.0367443 0.0401096
-0.051553 0.119148 0.0336517
0.035723 0.101188 0.0331019
0.0272537 0.103881 0.0389798
0.0307462 0.104003 0.036347
-0.07276870000000001 0.173968 -0.0513037
-0.0661032 0.0963415 -0.0172192
-0.0627489 0.124714 -0.00871859
-0.00169269 0.107144 -0.0218255
-0.0665809 0.113286 -0.0112453
-0.0492981 0.0349882 0.044555
0.0269409 0.117743 0.0296345
-0.0250464 0.0368786 0.0539397
-0.022067 0.0368975 0.0537245
-0.0517915 0.08622390000000001 -0.0215986
-0.0161365 0.0368384 0.0516045
-0.0133741 0.0368662 0.0506649
-0.011181 0.0372512 0.0501773
-0.0101787 0.036686 0.0496301
-0.0578047 0.0861608 -0.021096
-0.00728327 0.0368155 0.0488493
-0.00410586 0.0400101 0.0479533
-0.0022384 0.039693 0.0473731
-0.0642712 0.119523 0.04815
-0.0574629 0.136558 0.0335944
0.0072659 0.0394729 0.0454784
0.00435035 0.104131 -0.0215456
0.0102454 0.0394962 0.0450306
0.0131214 0.0399934 0.0446503
0.0154265 0.040211 0.0442602
0.0166105 0.0394256 0.0438384
0.0189101 0.0400942 0.0428502
0.0208966 0.0399674 0.0415691
-0.0192162 0.16684 -0.0121884
-0.0511777 0.124762 0.0338713
-0.0182623 0.180885 -0.017743
-0.0633122 0.151606 -0.0305081
0.0308633 0.092364 0.042511
-0.0587837 0.0940397 -0.0203993
-0.0600032 0.0931135 -0.019523
-0.0484259 0.151411 0.0105515
0.00122126 0.0364381 0.0464862
-0.0780807 0.10971 0.0423535
-0.0572813 0.0958439 -0.021114
-0.0489527 0.121842 0.0308756
-0.015308 0.184137 -0.0215886
-0.0491194 0.12756 0.0307026
-0.0541205 0.124946 0.0371872
-0.0112103 0.129394 0.0199977
-0.0343594 0.162603 -0.0142582
-0.0544563 0.0364248 0.0466099
-0.0512106 0.0364276 0.0462357
-0.0479554 0.0366431 0.0455145
-0.0456727 0.0366239 0.0448344
-0.044049 0.0371092 0.0444949
-0.0426113 0.0363598 0.0436467
-0.00432602 0.0964961 -0.0312084
-0.0252422 0.0398947 0.0541387
-0.0220111 0.0395987 0.053866
-0.0196672 0.0394563 0.0531792
-0.0183658 0.0399734 0.0527139
-0.016136 0.0398114 0.0518492
-0.0132056 0.0399246 0.0508325
-0.0112556 0.0399988 0.0501321
-0.00977767 0.0400583 0.0496555
-0.00727877 0.0401671 0.0488799
-0.0139161 0.180723 -0.0223556
0.031583 0.09609470000000001 0.0405554
0.0253661 0.0390925 0.0313445
0.0275691 0.0404329 0.0306483
-0.0604022 0.08649850000000001 -0.0198895
-0.0749047 0.12451 -0.007946160000000001
-0.0622661 0.110138 -0.0152621
0.0450723 0.0868526 0.00118663
-0.0544707 0.12752 0.036535
-0.0574397 0.0923833 -0.0213669
-0.0629117 0.166349 -0.060423
0.00113644 0.106832 -0.0210499
-0.0458373 0.150912 -0.00519081
0.0285819 0.111088 0.0344799
-0.0756723 0.15202 -0.0128959
-0.0543394 0.142659 0.0281614
-0.0582505 0.143399 0.0327662
-0.0668797 0.133175 0.0451092
-0.0518082 0.133439 0.0306401
-0.08677 0.112589 0.0307706
0.0274246 0.110527 0.0357312
-0.0833105 0.153389 0.0249209
-0.0160419 0.169306 -0.0154991
-0.0254194 0.169012 -0.0106052
-0.0567834 0.146186 0.0316331
0.025242 0.0924682 0.0463182
0.0367919 0.08658100000000001 -0.0160665
0.0131591 0.0424863 0.0447215
0.0157119 0.0427736 0.0443818
0.0172951 0.0428561 0.0440293
0.0191189 0.0429009 0.0431756
0.0212157 0.0429137 0.0418179
0.0228588 0.0429217 0.0406765
0.0243814 0.0427126 0.0390493
0.0256673 0.0426884 0.0368676
0.0276431 0.0988387 0.0418827
0.0373052 0.0960112 0.0340368
0.0274914 0.0428661 0.0337975
0.0283857 0.0420678 0.0314626
-0.0198406 0.16037 -0.00513904
-0.0138639 0.17481 -0.0198701
-0.06611649999999999 0.116339 0.0488232
-0.0518128 0.0920134 -0.0219578
-0.0628345 0.093206 -0.0188544
-0.036839 0.09504940000000001 -0.0231944
-0.031149 0.168946 -0.0165983
-0.0568069 0.143019 0.0315786
-0.06519369999999999 0.143466 0.0403432
0.0246433 0.118704 0.0307902
-0.0277877 0.157138 -0.000841918
-0.0418526 0.151156 0.00539753
-0.0543633 0.0387208 0.0471346
-0.0513297 0.0395574 0.046311
-0.070932 0.129672 -0.00889239
-0.0256428 0.175317 -0.0108737
-0.0226859 0.174949 -0.0136407
-0.0160381 0.175103 -0.0184513
-0.0336801 0.166044 -0.00409818
-0.0360529 0.166045 -0.00138724
0.0016374 0.0996353 0.0486839
-0.0200798 0.0424588 0.0531895
-0.0185753 0.0425202 0.0527157
-0.0161676 0.0426071 0.0518231
-0.061668 0.158416 -0.0330929
-0.0553957 0.122219 0.0386157
-0.0540875 0.121803 0.0372353
-0.0400881 0.151647 0.0041459
-0.0572318 0.124824 0.0400621
-0.0527662 0.121956 0.0359709
-0.0282319 0.174957 -0.00756942
0.0296359 0.112746 0.0324848
-0.0572299 0.130675 0.0374453
-0.06534570000000001 0.112441 0.0396338
-0.06944980000000001 0.133265 0.0483054
-0.0635746 0.110547 -0.014326
-0.0716972 0.10424 -0.0125328
-0.0341347 0.165955 -0.0151974
-0.0338301 0.0922436 -0.0240766
-0.05483 0.0920113 -0.0220644
-0.0897385 0.112618 0.0191254
0.0402396 0.0926806 0.0307873
-0.0476688 0.127644 0.0278884
-0.0190708 0.174959 -0.0163323
-0.0512167 0.122013 0.0341603
0.0435537 0.09521499999999999 0.0221583
-0.0281409 0.166079 -0.00751119
-0.0211001 0.174949 -0.0148684
-0.0428668 0.157627 0.0050419
-0.0485582 0.130538 0.0278923
-0.0476672 0.131034 0.0252755
-0.0467093 0.129531 0.0244824
0.0393261 0.0834437 -0.0129716
-0.0524421 0.154125 0.0120284
0.0388901 0.0923904 0.0335437
-0.06651550000000001 0.119343 0.0512774
-0.0248132 0.166808 -0.00973806
0.0248836 0.115887 0.0329934
-0.0515503 0.1516 0.0132858
-0.0317772 0.169741 -0.00573949
-0.0343493 0.169162 -0.00206084
-0.0194172 0.186358 -0.0165483
-0.0931083 0.119532 0.039291
-0.0268443 0.174693 -0.00969457
-0.0273372 0.171974 -0.00983741
0.0125871 0.04527 0.0443107
0.0139694 0.0455786 0.043966
0.0160631 0.045349 0.0436788
0.0190788 0.0456983 0.0426244
0.0212552 0.0454251 0.0415951
0.0227241 0.0456443 0.040507
0.0247363 0.0456488 0.0390064
0.0262714 0.0456316 0.0377036
0.0275894 0.0457491 0.0364522
0.0288215 0.045141 0.0343418
0.0307478 0.0452046 0.0314868
-0.0521699 0.130067 0.0333413
-0.0515314 0.127505 0.0337466
-0.0663945 0.139874 0.0429019
-0.0326084 0.171239 -0.00339173
-0.0631028 0.104827 -0.0171267
0.042403 0.0463393 0.0301105
-0.07180540000000001 0.0871918 -0.0161781
-0.0841823 0.0775401 0.0137099
-0.06297369999999999 0.127488 -0.00842651
-0.0653328 0.0931491 -0.0182011
0.0341729 0.0924828 0.039888
-0.0654675 0.125074 0.0489334
-0.0668752 0.124605 0.0507705
-0.0375167 0.166055 0.000900382
-0.0451308 0.154481 0.007978209999999999
-0.0126038 0.1813 -0.0243613
-0.0190398 0.171992 -0.0154306
-0.0572763 0.121971 0.0399757
-0.0550164 0.148636 0.0278505
-0.0565171 0.148897 0.0306157
-0.0563402 0.138155 0.031682
-0.0302581 0.166306 -0.00647428
-0.0417786 0.156522 0.00614116
-0.0396045 0.157293 0.00492194
-0.0425115 0.154357 0.00685308
0.0386195 0.103748 0.0272649
0.0456856 0.0897167 0.0101653
-0.0901465 0.112478 0.0131432
-0.0501829 0.139343 0.00340699
-0.0218704 0.169032 -0.012505
-0.0168992 0.18384 -0.0192408
-0.0865194 0.101521 0.00440409
-0.0551732 0.116538 0.0359195
-0.06966700000000001 0.136196 0.047638
-0.0553697 0.124586 0.0386614
0.0300056 0.046164 0.0334173
-0.0600069 0.134082 0.0369434
-0.0606789 0.121946 0.0420977
0.0457019 0.0464677 0.0276652
0.048332 0.0462135 0.0248997
0.0509063 0.0465206 0.0221712
0.0513921 0.0457896 0.0192006
-0.011072 0.171804 -0.0202936
-0.0191523 0.169049 -0.0138462
-0.0628504 0.140305 0.0372437
-0.0590233 0.121952 0.0409578
-0.0628568 0.146317 0.0378874
-0.0313009 0.165797 -0.00564409
-0.0110086 0.174809 -0.0225312
0.0282767 0.0957185 0.0430158
-0.0639805 0.145826 0.0386002
0.0281542 0.107572 0.0370152
-0.0639164 0.143066 0.0388973
-0.085743 0.101338 0.00160082
-0.0468268 0.151407 0.009349369999999999
0.0413723 0.09716669999999999 -0.00382246
-0.014344 0.183095 -0.0226028
-0.0134343 0.168938 -0.0164605
-0.013227 0.183708 -0.0252103
0.0301064 0.106776 0.0358091
0.0312953 0.107754 0.0340173
0.011631 0.0474937 0.0464252
0.0136048 0.0482696 0.0457784
0.0155934 0.048499 0.0445589
0.0168197 0.0479081 0.0434068
0.0192427 0.048401 0.042137
0.0221201 0.0483612 0.0405205
0.0247279 0.0484054 0.0390176
0.0264669 0.0477487 0.0380114
0.0279651 0.0485602 0.0371734
0.0297459 0.0484407 0.0357241
0.0309714 0.0483676 0.0339769
0.0319703 0.0475137 0.0318758
-0.06409049999999999 0.12765 0.0451517
-0.0626154 0.127615 0.0428534
0.032815 0.106519 0.0329814
0.0454782 0.0489857 0.030403
0.0467715 0.0482711 0.0287479
0.0485265 0.0489631 0.0277721
0.0497106 0.0482066 0.0259506
0.0515472 0.0489945 0.0245952
0.0525611 0.0478915 0.0218067
0.0394556 0.0960309 0.0308635
-0.0528551 0.124789 0.035855
0.0186327 0.103362 0.0446626
-0.0169066 0.174228 -0.0176024
0.0155595 0.09218850000000001 0.050748
0.0338692 0.107526 0.0309767
-0.0524783 0.0442541 0.0446515
0.0353616 0.106017 0.0302164
0.0364695 0.107206 0.0278942
0.0224739 0.116001 0.0344328
-0.0552328 0.140046 0.03006
-0.06251859999999999 0.134941 0.0377039
-0.0599295 0.137415 0.0344181
-0.0453474 0.157219 0.00713947
-0.0125353 0.175219 -0.0212285
-0.071884 0.130427 0.0510795
-0.0159264 0.16351 -0.0100238
-0.0289726 0.172219 -0.008100690000000001
-0.0664098 0.12763 0.0484372
-0.039585 0.154101 0.0049206
-0.06876110000000001 0.112359 0.0458654
-0.0183279 0.160398 -0.00646071
-0.0452357 0.151405 0.00813609
-0.0196137 0.18089 -0.0161801
-0.0168882 0.180884 -0.0192763
-0.0667165 0.143256 0.0422486
0.0302549 0.110418 0.0333823
-0.0275427 0.169008 -0.00927613
-0.0330239 0.16885 -0.00437763
-0.0369726 0.15172 0.00147454
0.0407767 0.105634 0.00716571
0.0122811 0.0490196 0.0473922
0.0324736 0.0490215 0.0326282
-0.0610259 0.126912 0.0416133
-0.0601872 0.127751 0.0407195
0.00655625 0.109588 0.0412446
0.0473251 0.0497353 0.0295737
0.0502478 0.0496891 0.0267596
0.0539905 0.0494141 0.0219114
-0.0199292 0.158367 -0.00750215
0.0105233 0.118148 -0.0153127
0.0272037 0.100805 0.0412523
-0.0162327 0.166291 -0.0127824
0.0438688 0.0895629 -0.00280496
0.0208841 0.115302 0.0356376
-0.0539424 0.140253 0.0281055
-0.06606239999999999 0.136423 0.0428901
-0.0574397 0.127535 0.0392679
-0.0218403 0.180898 -0.0132239
-0.0252616 0.163884 -0.00686731
-0.0367024 0.163198 -0.00107067
-0.0347718 0.157596 0.00342578
-0.0369964 0.160377 0.00114585
-0.0280966 0.159587 0.000483069
-0.0491466 0.13628 0.00441803
-0.0112091 0.18049 -0.0259723
-0.0152473 0.181132 -0.0210153
-0.0497135 0.139354 0.00491151
-0.0274842 0.160688 -0.00126035
0.0309728 0.098858 0.039685
-0.03152 0.172232 -0.00444164
0.0108363 0.0505198 0.0497266
0.0130379 0.0512394 0.0485177
0.0143367 0.0504741 0.0468665
0.0163149 0.0512357 0.0462323
0.0190604 0.0514609 0.0452951
0.0199827 0.0505954 0.0436168
0.0221199 0.0513037 0.0423176
0.0234524 0.0505688 0.0407158
0.0251822 0.0512751 0.0397011
0.0273134 0.0515876 0.0386827
0.0283504 0.0510981 0.037831
0.0306472 0.0514513 0.0365637
0.0319149 0.0505451 0.0344862
0.0332905 0.0513732 0.0334917
-0.0622348 0.118885 0.0428383
0.0239371 0.103424 0.0418106
-0.0643418 0.124888 0.0474357
-0.06304 0.122029 0.0458154
-0.09397 0.124822 0.0157616
-0.043242 0.1514 0.00662206
0.0457531 0.0516258 0.0317021
0.0480427 0.0520027 0.0302821
0.0495708 0.0516426 0.0287443
0.0513725 0.0520872 0.0275368
0.0524326 0.0510525 0.025516
0.0541743 0.0520176 0.0245433
0.0552942 0.0509003 0.0219415
-0.0665082 0.113695 0.045392
-0.0132179 0.171929 -0.0188022
-0.0784166 0.107326 0.0335457
-0.0601083 0.115361 0.0375376
-0.0485606 0.14848 0.0103145
-0.0661481 0.174588 -0.0597442
-0.0170675 0.160663 -0.007851820000000001
-0.0688687 0.130782 0.0487626
-0.0309211 0.154556 -0.00130533
0.0347148 0.0964083 0.037487
0.0335192 0.0952626 0.0392545
-0.0689529 0.139868 0.0456999
-0.0225948 0.177919 -0.0134796
-0.0108059 0.177809 -0.0248756
-0.0222154 0.163335 -0.00737722
-0.0283557 0.163013 -0.00465787
-0.06751699999999999 0.139008 0.0445797
-0.0162112 0.177924 -0.0192078
-0.0899466 0.13996 0.0251751
-0.0342048 0.162748 -0.00222544
0.0161356 0.092974 -0.0254357
0.009638249999999999 0.115048 0.0386641
0.0147704 0.0519654 0.0475176
0.0210892 0.0521114 0.044364
0.0239006 0.0520481 0.0413924
-0.0643123 0.140347 0.0395301
-0.0643073 0.122094 0.0483517
-0.0892718 0.137192 0.0251964
-0.0543983 0.119186 0.0365781
-0.0531392 0.14855 0.0229018
0.0564189 0.0523655 0.0218935
-0.0165689 0.171843 -0.0167837
-0.0551216 0.130087 0.0361001
0.0362193 0.103811 0.0305604
-0.0495732 0.142414 0.00446341
-0.0429208 0.148471 0.00452356
-0.0468002 0.124609 0.0268836
0.0219539 0.10404 0.0424493
-0.0692733 0.113361 0.048623
-0.0406606 0.156554 0.00601794
-0.0132531 0.177918 -0.0219557
0.0357067 0.09814920000000001 -0.0118335
-0.0392216 0.162989 0.00156151
-0.0185426 0.159378 -0.0104059
-0.0522977 0.136571 0.0278833
-0.0452161 0.168881 -0.00627239
0.0458673 0.0869138 0.00717892
0.039075 0.104397 -0.00139219
0.0126501 0.0541654 0.0506356
0.0141385 0.0541417 0.0492687
0.016325 0.0541775 0.048036
0.019298 0.0544323 0.0474315
0.0201633 0.0535759 0.04656
0.0220407 0.0543895 0.0452695
0.0229945 0.0535474 0.0436214
0.0248217 0.0543364 0.0422488
0.0259096 0.0534724 0.0407837
0.0280491 0.0541398 0.0398704
0.0313072 0.0541134 0.0377059
0.0329596 0.0542127 0.036052
0.0344178 0.0539852 0.0341007
0.0219356 0.118597 0.0331559
0.0242118 0.09818780000000001 0.0448374
-0.0574786 0.11921 0.0391487
0.0455143 0.08688559999999999 0.00418706
-0.0545721 0.145697 0.028165
0.0485335 0.0545867 0.0308621
0.0518192 0.0545701 0.0287415
0.0536228 0.0546786 0.0272922
0.0551089 0.0545007 0.0253961
0.05736 0.0545295 0.0221973
-0.0313083 0.161052 -0.00150538
-0.0396942 0.160176 0.00214103
-0.0685513 0.143495 0.0437139
-0.0921491 0.119442 0.0282964
-0.0135575 0.165942 -0.0136265
0.0408155 0.0939721 0.0292858
-0.00992558 0.171928 -0.0218634
-0.0709316 0.140433 0.046724
-0.0461891 0.127393 0.0245401
-0.0638006 0.113511 0.0392205
-0.0472683 0.13473 0.0131181
-0.0906272 0.139525 0.0159212
-0.0678588 0.128454 0.0493479
0.0301917 0.0549873 0.0390919
0.0357186 0.0547916 0.0329926
0.0278158 0.113412 0.0333718
-0.06822350000000001 0.136176 0.0461957
0.050499 0.0554053 0.0298191
0.0563527 0.055302 0.0241981
-0.0369592 0.157305 0.00434128
-0.0939265 0.127928 0.0189972
-0.07466680000000001 0.06629309999999999 0.0130723
0.0330939 0.110486 0.0298411
-0.0272214 0.163934 -0.00616346
-0.0248527 0.160342 -0.0018471
-0.0642861 0.136763 0.0395287
-0.0743521 0.178775 -0.0536749
-0.0593573 0.143169 0.0343654
-0.0220599 0.171987 -0.0136409
-0.0630062 0.137427 0.0369855
0.0129915 0.0569729 0.0511577
0.0158598 0.0569805 0.0491509
0.0190285 0.057092 0.0484837
0.0211927 0.0573712 0.0475099
0.0224985 0.0569738 0.0461044
0.0240269 0.0573306 0.0445717
0.0254643 0.0569608 0.043362
0.0276207 0.0572284 0.0419058
0.028788 0.0563802 0.040593
0.0308569 0.0572168 0.0397031
0.0338965 0.0570052 0.0370719
0.0351768 0.0563002 0.0348659
0.0364304 0.0571004 0.0335299
0.0375441 0.056646 0.0318313
-0.0627265 0.154269 -0.0335216
0.0360585 0.0951301 0.0364902
-0.08732289999999999 0.115981 0.0464094
-0.0489347 0.12472 0.030926
0.050948 0.0576179 0.029966
0.0525898 0.0572687 0.0290647
0.0543829 0.0574836 0.0275429
0.0556569 0.0574387 0.025862
0.0565659 0.0573849 0.0245166
0.0581112 0.0573215 0.022351
0.0303311 0.09512950000000001 0.0419589
-0.00415755 0.101996 0.0439019
-0.0622678 0.1637 -0.0546232
-0.0194243 0.165385 -0.0107282
-0.0469298 0.126751 0.026776
-0.042353 0.14782 0.00140968
-0.0553041 0.145789 0.0300341
-0.0361731 0.154124 0.00251551
-0.0509079 0.148545 0.0136869
-0.0496024 0.130372 0.030021
-0.0623204 0.142969 0.0374714
-0.0650655 0.136796 0.0410521
-0.0543257 0.136577 0.0307959
-0.0507717 0.130546 0.0314829
0.0328914 0.0578172 0.038629
0.0356049 0.0577583 0.0355158
-0.06727180000000001 0.136158 0.0449122
-0.0651781 0.122127 0.0497087
-0.06654599999999999 0.122147 0.0512448
-0.0498985 0.148504 0.0118954
-0.0342203 0.160968 -0.000473571
-0.0614696 0.136692 0.0357094
-0.0472527 0.147738 0.00869118
0.0325643 0.0981766 0.0384761
-0.0334273 0.159478 0.00238452
-0.0638963 0.130285 0.0423977
-0.06516479999999999 0.131161 0.0435395
-0.0466116 0.154084 0.009106889999999999
0.0133522 0.060341 0.0508284
0.0161077 0.0600132 0.0495395
0.0191581 0.0598239 0.0486839
0.0215015 0.0598715 0.0476889
0.0230069 0.0598609 0.0463415
0.0247592 0.059981 0.0448322
0.0257137 0.0591918 0.0440938
0.0278657 0.059868 0.042817
0.0310377 0.0596545 0.0403649
0.0334211 0.0600324 0.0390719
0.0348945 0.0596538 0.0374542
0.0360749 0.0601908 0.0362342
0.0372114 0.059622 0.0339867
0.0380982 0.0589726 0.0320786
-0.0632337 0.124842 0.0455189
-0.0620889 0.124807 0.0436177
-0.0928904 0.122195 0.0342788
0.0543247 0.0601194 0.0279905
0.0558536 0.0594884 0.0261475
0.0570179 0.060234 0.0248331
0.0584093 0.0600787 0.0228246
0.0590939 0.0600945 0.0215201
-0.0301487 0.171604 -0.00686739
0.0368678 0.0921989 0.0367449
-0.0221589 0.166111 -0.0102835
-0.0599862 0.140131 0.0339946
-0.08768289999999999 0.09615799999999999 0.00442916
0.045731 0.0897183 0.00717224
-0.0928163 0.122157 0.0282865
0.0370742 0.0835494 -0.0159763
-0.0728312 0.154742 -0.0339053
0.009571329999999999 0.0612219 0.0535749
0.029813 0.0605585 0.0412449
0.0384813 0.061072 0.032658
-0.0444606 0.147723 0.0056898
0.0529468 0.0608894 0.0290245
0.0316219 0.110864 0.0314786
-0.0546473 0.133139 0.0337729
-0.0287918 0.169013 -0.00844222
-0.0657227 0.130784 -0.00871094
-0.08334800000000001 0.110204 0.00160057
-0.0631472 0.148674 -0.0191831
-0.0536371 0.138133 0.0285228
-0.0612632 0.168593 -0.0575938
-0.0616563 0.157388 -0.0222545
-0.0719027 0.07548050000000001 0.0366653
0.0153695 0.0617406 0.0502582
0.0173764 0.0631583 0.0496495
0.0190867 0.06317 0.0486058
0.0212386 0.06294080000000001 0.0474992
0.0227659 0.0634069 0.0463949
0.0250198 0.06322759999999999 0.0448821
0.0281258 0.0632741 0.0432225
0.0300326 0.0632621 0.0415816
0.031223 0.06300600000000001 0.0408403
0.0338564 0.06343169999999999 0.0394506
0.0349985 0.0619413 0.0382049
0.0366004 0.0634068 0.036675
0.037794 0.0622975 0.0346252
-0.0672176 0.129824 0.0476364
0.0544589 0.0628918 0.0277005
0.0570022 0.06285590000000001 0.0252082
0.0585007 0.0627839 0.0229839
0.0592053 0.06324970000000001 0.0214908
-0.045688 0.148446 0.00743143
-0.06633360000000001 0.112885 0.0428743
-0.0245119 0.174699 -0.0121769
-0.058324 0.146058 0.0333069
0.0416365 0.0948978 -0.0045939
-0.06509959999999999 0.115729 0.046366
0.0338671 0.0988155 0.0368513
-0.0308841 0.163297 -0.00408764
0.033431 0.103993 0.0339582
-0.0704322 0.13832 0.0474328
-0.0919007 0.124746 0.00777034
0.0100007 0.06386790000000001 0.0543001
0.0111874 0.06302679999999999 0.0529412
0.0130856 0.0637779 0.0522409
0.0157815 0.0638169 0.0508624
0.0389676 0.0638495 0.0334123
-0.0528151 0.132539 0.0323863
-0.0440117 0.149183 0.00634807
-0.0108655 0.165802 -0.0162155
-0.015344 0.172743 -0.0179886
-0.0251103 0.165367 -0.00840279
-0.0680255 0.134048 0.0464615
-0.063335 0.116282 0.0427161
-0.0897601 0.113999 0.00751489
-0.0304461 0.159536 0.00145047
-0.0607384 0.143365 0.0364788
-0.0457042 0.124614 0.0249388
-0.0554772 0.135329 0.0329537
-0.08054550000000001 0.106852 -0.00426906
0.0214796 0.101222 0.0446894
0.0315982 0.0660568 0.040801
0.0409886 0.06430950000000001 0.0292691
0.0257984 0.1083 0.0380395
0.0551398 0.0664178 0.0258835
0.0567974 0.0659608 0.0245707
0.0581454 0.06647450000000001 0.0225001
0.0591461 0.06539349999999999 0.0213073
0.0384382 0.09542580000000001 0.0328906
-0.0767885 0.0954584 -0.012518
-0.0524989 0.151523 0.0158706
-0.0605202 0.146205 0.0366666
-0.0211582 0.17792 -0.0149234
-0.0321751 0.162395 -0.00280539
-0.0374187 0.154716 0.00365856
0.0131495 0.0665509 0.0532354
0.01452 0.0665694 0.0525843
0.0160977 0.0665695 0.0513471
0.0177699 0.06657150000000001 0.0502506
0.0194528 0.0665736 0.0491642
0.0213073 0.0668121 0.0477452
0.0225805 0.0664232 0.0462938
0.024878 0.0665704 0.0446935
0.0280184 0.066622 0.0430901
0.0304403 0.0668694 0.0416134
0.0339715 0.06667480000000001 0.0393935
0.0369767 0.0666472 0.0366985
0.0391962 0.0665666 0.0337475
0.0404967 0.0665587 0.0307064
0.0410401 0.06567050000000001 0.029359
-0.0944431 0.124869 0.0222715
-0.09177920000000001 0.142668 0.0191679
-0.0193437 0.162508 -0.00706655
-0.0286777 0.158132 0.0005088169999999999
-0.0311028 0.122957 -0.00500856
-0.0712453 0.133365 0.0497532
-0.0620126 0.121974 0.0437347
0.0269271 0.0948986 0.0443625
-0.0192659 0.17792 -0.0165833
-0.019318 0.158744 -0.00956533
-0.0583279 0.116979 0.0383609
-0.0672634 0.117213 0.0510511
-0.0632569 0.119216 0.0455515
0.0380905 0.0941294 0.0341306
-0.0499699 0.150693 0.011804
0.0598223 0.0659737 0.0193524
-0.0112711 0.168393 -0.017346
0.0250508 0.0954271 0.0455209
0.0421745 0.0866157 -0.00779486
0.0253025 0.0989569 0.0434277
0.0394966 0.0863978 -0.0127813
-0.0887093 0.119472 0.00198356
-0.0309211 0.157467 0.00128377
-0.0252715 0.162476 -0.00510498
-0.0576239 0.133099 0.036351
-0.0624108 0.130401 0.0404933
-0.0474993 0.124654 0.0285557
-0.0602874 0.116855 0.039074
-0.0349979 0.152158 8.20736e-05
0.0127966 0.0692477 0.0536221
0.0145911 0.0692907 0.0527137
0.0163922 0.06929589999999999 0.0518041
0.0185282 0.0693129 0.0504988
0.0200113 0.069093 0.0494139
0.0218938 0.0695572 0.048324
0.0230798 0.06859709999999999 0.0464948
0.0246282 0.06949139999999999 0.0452237
0.0256802 0.0685786 0.0440967
0.0278018 0.06928049999999999 0.042794
0.0304951 0.0693246 0.0414188
0.0319017 0.0693545 0.0408228
0.0339023 0.06935520000000001 0.0393162
0.0368777 0.0693266 0.0365792
0.0391934 0.06925870000000001 0.0337652
0.040504 0.06916269999999999 0.0312648
0.0412683 0.0690785 0.0296958
0.0385027 0.0948818 -0.00932436
-0.0406968 0.163356 0.00363929
0.0570787 0.0691744 0.0218834
0.058514 0.06944989999999999 0.0192286
0.0293195 0.0995163 0.0407971
-0.0122816 0.16691 -0.0152918
-0.0561549 0.118392 0.0380484
-0.0629439 0.157572 -0.0396042
0.0444817 0.08679969999999999 -0.00180629
-0.0626839 0.112732 0.0373001
-0.0233093 0.162498 -0.00577898
-0.0342173 0.154379 0.00124525
-0.0635015 0.0625372 0.0249755
-0.0651615 0.140372 0.0409641
-0.0170638 0.168326 -0.0143421
-0.0895398 0.09228069999999999 0.0194311
-0.08610139999999999 0.107022 0.0193538
-0.09195730000000001 0.114344 0.0135816
0.035312 0.0840703 -0.0177861
-0.08624080000000001 0.119271 -0.00117534
-0.0301108 0.08963309999999999 -0.0273879
-0.0495931 0.13301 0.0273927
-0.0282068 0.178277 -0.0161773
-0.0715712 0.165917 -0.0459882
-0.0293004 0.175699 -0.00559167
-0.0175288 0.165418 -0.0114925
0.0232916 0.104676 0.0408599
-0.0334593 0.156971 0.00237994
-0.0169972 0.16253 -0.0080479
-0.0249795 0.178025 -0.0103934
-0.00881786 0.169637 -0.0227487
-0.062232 0.115758 0.0397898
-0.06455900000000001 0.11407 0.0417666
0.0129056 0.0719402 0.0538044
0.0148373 0.0719935 0.0530986
0.0164672 0.07199419999999999 0.0519404
0.0192365 0.0720364 0.0506813
0.0224508 0.07198450000000001 0.0487802
0.0251837 0.0719288 0.0456883
0.0280167 0.0717742 0.0431262
0.0301891 0.07236579999999999 0.0418804
0.031529 0.0718082 0.0408799
0.0338554 0.0719687 0.0396467
0.0368888 0.0720174 0.0366114
0.0391857 0.0719521 0.0337814
0.040668 0.0718795 0.0315116
0.0415091 0.0718164 0.0300683
0.0425719 0.07171909999999999 0.0280583
0.0437298 0.0718184 0.0255838
0.0284562 0.104427 0.0377947
0.0227225 0.101769 0.0435628
-0.0612541 0.132508 0.0386546
-0.0146178 0.161254 -0.0115208
-0.08134230000000001 0.148142 0.0009773760000000001
-0.066146 0.130492 0.0456598
-0.0486066 0.06935819999999999 0.0393556
-0.0827025 0.0931076 -0.00656955
0.029169 0.114081 0.0318014
-0.0645869 0.117148 0.0471018
0.021227 0.0727783 0.05004
0.024237 0.0727429 0.0473317
0.0269054 0.0726895 0.0441444
0.0352999 0.07275230000000001 0.0387329
-0.09070499999999999 0.134512 0.0130196
-0.0761608 0.175035 -0.0499961
-0.06624149999999999 0.0611205 0.0190792
0.043363 0.0867103 -0.00479851
-0.0500004 0.121197 0.0329094
-0.0635715 0.154286 -0.0367127
-0.0280077 0.110258 -0.0187324
-0.0625411 0.163231 -0.0575568
-0.0816268 0.0776043 0.025402
-0.07867780000000001 0.147973 -0.00235347
-0.0323163 0.155148 0.000487548
-0.0286041 0.155228 -0.00243271
-0.0238626 0.169762 -0.0118641
-0.0263171 0.178663 -0.008293139999999999
-0.0646654 0.132541 0.0415985
0.0435192 0.0924987 -0.00200744
0.0355444 0.109985 0.0269213
0.0189729 0.119015 -0.0102669
0.0132046 0.0746797 0.0542713
0.0153881 0.0749459 0.0533336
0.0164744 0.07449840000000001 0.0525623
0.019248 0.07479 0.0516006
0.0213645 0.07481500000000001 0.0502573
0.0225189 0.0748041 0.0492822
0.0243649 0.0749343 0.0478992
0.0257282 0.0744152 0.0459839
0.0273765 0.0751154 0.0448719
0.0287489 0.0745567 0.0439221
0.0309542 0.0746889 0.0425107
0.0337736 0.07476969999999999 0.0400515
0.0356529 0.0750007 0.0386727
0.0372163 0.0746323 0.0367239
0.0392215 0.0746494 0.0338523
0.0407419 0.074588 0.031662
0.0415675 0.0745247 0.0301856
0.0427322 0.0749374 0.0281042
0.0437853 0.0746523 0.0258343
-0.0889968 0.137206 0.0281963
0.0353256 0.109535 -0.00390394
-0.0626313 0.148288 -0.0135806
-0.0528393 0.148559 0.0214107
-0.0568427 0.140425 0.0314999
-0.0634977 0.133204 0.0398021
-0.0582589 0.129739 0.0385905
-0.045505 0.121381 -0.0123526
0.0324423 0.0754774 0.0416539
0.044368 0.075596 0.0244767
0.0452274 0.0754722 0.0221821
0.0460495 0.0753057 0.0191651
-0.0517047 0.139301 0.022386
-0.00213797 0.109711 -0.021208
-0.0388457 0.150682 0.00241545
-0.0406156 0.155109 0.0060988
-0.0483236 0.145111 0.00757835
-0.07135850000000001 0.160298 -0.0429345
0.0409819 0.102845 0.0196725
-0.0615717 0.157646 -0.0245885
0.0132732 0.0780522 0.0543716
0.0163325 0.0774721 0.0535566
0.0190113 0.07750940000000001 0.0521583
0.0210442 0.077517 0.0506955
0.0227444 0.07753 0.0496389
0.0248415 0.0775377 0.0482766
0.0262363 0.0775131 0.0467599
0.0279838 0.07740710000000001 0.04527
0.0310833 0.0775315 0.0432282
0.0329171 0.0777461 0.0417683
0.0341812 0.0773615 0.0403132
0.0358284 0.0774719 0.0386458
0.0374681 0.07742880000000001 0.0366313
0.03935 0.0780294 0.0340562
0.0408162 0.0779579 0.0317677
0.0415975 0.07790329999999999 0.0302753
0.0425495 0.07820009999999999 0.0283666
-0.0456329 0.145878 0.00402635
-0.0467566 0.146266 0.00680892
-0.0582288 0.140051 0.0327865
-0.0649507 0.13395 0.041174
-0.01626 0.104163 -0.0228727
0.0454456 0.09250849999999999 0.00716989
0.0418732 0.09251520000000001 0.0277723
-0.0591641 0.145351 0.0346812
-0.07780430000000001 0.16038 -0.0249339
0.044262 0.09453250000000001 0.00218274
0.0294369 0.07819180000000001 0.0443709
0.0437105 0.0783988 0.0262614
0.0444509 0.0783179 0.0246422
0.0454239 0.0784046 0.0221394
0.0460085 0.0780531 0.019788
0.0464061 0.078334 0.0133141
0.0412981 0.104256 0.0126626
-0.0611433 0.140542 0.0356184
-0.093428 0.127621 0.025264
0.0441233 0.0959295 0.00318315
-0.0244591 0.172226 -0.0121257
0.0434397 0.0895662 0.0251712
-0.0641625 0.116637 0.0454103
-0.0618434 0.161571 -0.0335914
0.0159709 0.0800062 0.0534019
0.0190086 0.0809906 0.0518247
0.0214981 0.0808672 0.0505024
0.0230438 0.0805703 0.0496686
0.0249021 0.0809151 0.0483887
0.0263413 0.0808924 0.0469362
0.0279458 0.08087569999999999 0.0453894
0.0294578 0.079544 0.0444105
0.0310467 0.0808871 0.0431999
0.0330825 0.0808914 0.041739
0.0345085 0.0808725 0.0402885
0.0354483 0.0808367 0.0389987
0.0370641 0.0807891 0.0369429
0.0462382 0.0783918 0.0161454
-0.0889021 0.134167 0.00443813
0.0375471 0.104227 0.0286563
-0.0565362 0.133941 0.0349386
0.0354061 0.0981387 0.0355669
0.0260497 0.11689 0.0313032
-0.0799946 0.147989 -0.000835337
-0.0552599 0.143396 0.0300669
-0.0470106 0.149195 0.00904699
-0.07802779999999999 0.0694405 0.0100606
-0.0692229 0.127757 0.0509007
0.0132942 0.0813697 0.0535641
0.0164933 0.0816868 0.0526379
0.0397265 0.08138579999999999 0.0337949
0.0411679 0.08132159999999999 0.0314451
0.041841 0.0814951 0.030082
0.0428307 0.08104790000000001 0.0281642
0.0438138 0.08114159999999999 0.0262512
0.0444376 0.0811759 0.0246613
0.0452925 0.08101700000000001 0.0222148
0.0458548 0.0810072 0.0193038
0.00712823 0.108017 -0.0201306
0.0364463 0.09875639999999999 0.0335548
0.0378739 0.09893739999999999 0.031502
-0.06714150000000001 0.114219 0.0476758
-0.0190687 0.163983 -0.009310560000000001
0.02054 0.116646 0.0351499
-0.0806076 0.116292 0.048364
0.0291993 0.0821983 0.0440432
-0.075975 0.178686 -0.0518911
0.0321818 0.0994934 0.0379171
0.022982 0.114019 0.0351746
-0.0532046 0.133931 0.0318349
-0.0842938 0.09291779999999999 -0.00441447
-0.0624033 0.163893 -0.0455924
-0.0905734 0.148137 0.0131567
-0.0632726 0.160571 -0.0543642
0.0252492 0.113512 0.0345813
-0.0274521 0.179991 -0.0155091
0.00817319 0.0832888 0.0558122
0.0103089 0.0839047 0.0548971
0.0123155 0.0842374 0.0536248
0.0138817 0.0840291 0.0526611
0.0213023 0.0835644 0.0502546
0.0222775 0.0843675 0.0495504
0.0245995 0.0842454 0.0479849
0.0263012 0.08425059999999999 0.0469064
0.0277711 0.08423509999999999 0.0455076
0.0289834 0.08418589999999999 0.0437518
0.0307957 0.0842128 0.0428506
0.033005 0.084243 0.0416588
0.0344034 0.0842175 0.0401559
0.0353745 0.0841862 0.0389031
0.0370067 0.0841435 0.0368769
0.0396891 0.08407969999999999 0.0337357
0.0411619 0.0840108 0.0314327
0.0416548 0.0839719 0.0304228
0.0428414 0.0838016 0.0282563
0.0438183 0.0841224 0.0263093
-0.0779065 0.11367 0.0481284
-0.093778 0.125011 0.0254751
-0.0255101 0.171726 -0.0113009
-0.0562403 0.128346 0.0379943
-0.0210306 0.180146 -0.0147237
-0.022149 0.168995 -0.0194863
-0.0761284 0.108112 -0.00795717
0.0407088 0.0864953 -0.0107752
-0.0122139 0.169818 -0.0178463
-0.024023 0.17718 -0.0120308
-0.0650389 0.119077 0.0493371
0.0346979 0.108688 0.0292348
0.0387453 0.0984606 0.0304224
-0.07787090000000001 0.104304 0.0338522
-0.0503963 0.1183 0.0322871
-0.0613419 0.119821 0.0420391
-0.0894441 0.139873 0.0132119
-0.07427159999999999 0.0668501 0.0190414
0.0442558 0.0917077 -0.00080891
-0.0266384 0.166791 -0.00886205
-0.0673634 0.110954 0.0392365
-0.0657088 0.104452 -0.0156755
-0.0205931 0.163965 -0.00888333
0.0445284 0.0896132 -0.00130522
0.0381951 0.102007 0.0289909
0.0101038 0.0866691 0.055117
0.0127478 0.086726 0.0536844
0.0142637 0.0867188 0.0523565
0.024501 0.0869231 0.0478714
0.0262215 0.08693140000000001 0.0468173
0.0276106 0.0869033 0.0453084
0.0289789 0.08687400000000001 0.0437616
0.0308489 0.08690639999999999 0.0429661
0.0331979 0.0869591 0.0419642
0.0345591 0.0869278 0.0404063
0.0357172 0.0871155 0.0388616
0.0371534 0.0867351 0.0367332
0.0392598 0.08676590000000001 0.0340019
0.0407456 0.0866981 0.0317757
0.0415222 0.0866435 0.0302534
0.0425771 0.08656469999999999 0.028241
0.0296006 0.09820710000000001 0.041203
0.0346913 0.104706 0.0318976
-0.0590302 0.124807 0.0409736
-0.0234801 0.168298 -0.011313
0.0174898 0.0874014 0.0499964
0.000988222 0.11071 -0.0201417
-0.08792560000000001 0.145369 0.009198929999999999
0.0350885 0.099465 0.0350983
-0.0607015 0.124792 0.0420747
-0.0718367 0.145315 -0.018626
-0.07468039999999999 0.175725 -0.0515231
0.0264379 0.0968548 0.0436578
0.0412812 0.0865422 -0.009777940000000001
-0.0649501 0.12769 0.0465343
0.0139436 0.0896219 0.0524997
0.0159115 0.08941540000000001 0.0512402
0.0173266 0.08938409999999999 0.0497705
0.0246072 0.08936529999999999 0.047441
0.0256671 0.0898075 0.0466178
0.0274214 0.0895669 0.0450483
0.028968 0.0895618 0.0437851
0.0308954 0.08960799999999999 0.0430631
0.0331099 0.08963459999999999 0.0418507
0.0345206 0.0896121 0.0403718
0.0358483 0.0895793 0.0387633
0.0373427 0.0895176 0.0365453
0.0391105 0.0894379 0.0338435
0.0405922 0.0894742 0.0310459
0.0412883 0.0886287 0.0299331
0.0422231 0.08927599999999999 0.0278985
-0.0779685 0.151448 -0.0018835
-0.0768953 0.159553 -0.0135384
-0.0766005 0.154214 -0.00189988
-0.0533336 0.128311 0.0351755
-0.0533452 0.118341 0.0350731
-0.0751078 0.136478 -0.00656203
-0.0250632 0.11541 -0.0151662
-0.0776227 0.160754 -0.018979
-0.0332807 0.163845 -0.00352831
-0.0611226 0.0622173 0.0256669
-0.009630150000000001 0.171906 -0.0245606
0.0448704 0.0924806 0.0161614
-0.06262620000000001 0.163911 -0.0335928
-0.0762282 0.148625 -0.007876599999999999
0.030106 0.100809 0.0393211
-0.086983 0.113597 0.00408577
-0.0939511 0.119095 0.0160494
-0.07389179999999999 0.180588 -0.0538442
0.0244048 0.112688 0.0354614
-0.0712666 0.127752 -0.008972890000000001
-0.00448567 0.09494320000000001 -0.0331035
-0.0455568 0.145844 0.00174359
-0.0630134 0.151095 -0.0276064
-0.0130377 0.175082 -0.0274452
-0.0894747 0.139988 0.0341779
0.0240747 0.09157460000000001 0.0472686
0.032852 0.0916208 0.0414913
0.0353713 0.0915869 0.0389643
-0.0501537 0.152144 0.0115744
-0.0636639 0.148491 -0.0222397
-0.0504448 0.128295 0.0323161
-0.0697675 0.129835 0.0501143
-0.09242839999999999 0.130956 0.0132343
-0.0295799 0.174217 -0.00600797
-0.0343404 0.09578929999999999 -0.0233897
-0.022364 0.157431 -0.00743834
-0.011587 0.164129 -0.0163045
-0.0617686 0.159987 -0.035592
-0.0617882 0.138121 0.0352393
-0.0688363 0.0958968 -0.0162595
-0.07598000000000001 0.148613 -0.00999559
-0.00997381 0.169338 -0.0247765
-0.0748311 0.09569560000000001 -0.0138193
-0.065901 0.107384 -0.0140011
-0.0162954 0.160879 -0.0127592
-0.08297649999999999 0.142267 0.0018505
0.0218654 0.0365073 -0.00218211
0.0201911 0.0360862 -0.00493063
0.0194101 0.0363621 -0.00767919
0.0188446 0.0363053 -0.0106751
0.0184456 0.036388 -0.013479
0.0166716 0.0348824 -0.01388
0.0167011 0.035426 -0.0159165
0.0210035 0.0374084 0.0387489
0.0214787 0.0372485 0.0368849
0.0221204 0.0372026 0.0342324
-0.0724355 0.147974 -0.0280829
-0.0629589 0.16391 -0.0305904
-0.0609971 0.171588 -0.0606319
-0.0662393 0.0623036 0.0224678
-0.0598397 0.0961443 -0.0194703
0.0419449 0.0396334 0.00717749
0.0400469 0.0391777 0.00430728
0.0396051 0.0399305 0.0016552
0.0376545 0.0389286 0.00181895
0.021437 0.0373695 -0.00414539
0.0179901 0.0369066 -0.0161835
0.0162217 0.0370189 -0.0192652
0.0107885 0.122766 -0.0106336
0.0221277 0.0982918 -0.0215191
-0.0616037 0.160002 -0.0305898
0.0232567 0.0389841 0.0368024
0.0246638 0.0394633 0.0338791
-0.0888665 0.101681 0.0133903
-0.0623605 0.151407 -0.0195774
-0.0631118 0.175041 -0.0545095
-0.09245730000000001 0.119474 0.0312945
-0.077899 0.124446 -0.00679926
-0.0687026 0.121497 -0.0089275
0.0456191 0.0413093 0.0103456
0.0449644 0.0412913 0.00724808
0.0435625 0.0411355 0.00427044
0.0420833 0.0409609 0.00227771
0.0390858 0.0407779 -0.000614316
0.0367001 0.0399811 -0.000924782
-0.0481118 0.136341 0.0103986
0.0229413 0.0387533 -0.00478183
0.0218247 0.0394992 -0.00768866
0.0202478 0.0385652 -0.0106958
0.0199488 0.0391059 -0.0138968
0.0194313 0.0391947 -0.0162036
0.0186584 0.0394722 -0.0184673
0.0176298 0.0382941 -0.0187111
0.0154864 0.0380581 -0.0207587
0.0131966 0.0369291 -0.0217169
-0.0106298 0.0965512 -0.0313054
-0.0895401 0.112986 0.0367065
-0.06235 0.157598 -0.0366047
-0.0278653 0.104418 -0.0228379
-0.09395290000000001 0.118756 0.0192978
0.0238248 0.0404881 0.03829
0.0247203 0.0405667 0.0362978
-0.0897968 0.112871 0.0102041
-0.072129 0.143854 -0.0129469
-0.0489677 0.136309 0.0193854
-0.06318219999999999 0.178009 -0.0578114
-0.0622687 0.151422 -0.0165769
-0.0614217 0.171746 -0.0575926
-0.0836176 0.133675 -0.00159087
0.0480687 0.0429322 0.0160964
0.0482287 0.0427847 0.0130224
0.048721 0.0431105 0.0102286
0.0480438 0.0430647 0.00724585
0.0472196 0.0430325 0.00527833
0.0461724 0.0428649 0.00378004
0.0447743 0.0433308 0.00142141
0.0425623 0.0424617 0.000808596
0.0398519 0.0422978 -0.00178959
0.0281562 0.101686 -0.0166808
-0.0873153 0.130988 0.00141427
0.0251259 0.0395926 -0.00426376
0.0212114 0.0401179 -0.0107012
0.0206869 0.0400703 -0.0126929
0.0162309 0.0400155 -0.0214863
0.00735833 0.123154 -0.0106753
-0.0887926 0.0956361 0.0221217
-0.0917231 0.119335 0.00780782
-0.0909266 0.119309 0.00631106
-0.0625864 0.168607 -0.048593
-0.00996652 0.175191 -0.0285551
-0.0492494 0.139375 0.0074003
-0.0614661 0.174881 -0.0607273
-0.0743622 0.06985719999999999 0.0274105
-0.0495026 0.135707 0.0223583
-0.07927149999999999 0.107765 0.0320009
0.0515862 0.0454148 0.0162098
0.0517111 0.045292 0.0132107
0.0516732 0.0454641 0.010214
0.0509774 0.0454261 0.00722433
0.0490207 0.0445349 0.00425061
0.0487335 0.0456267 0.00156656
0.0462079 0.0444243 0.000894508
0.0322546 0.0987343 -0.0145759
-0.0337326 0.116524 -0.0140849
0.030181 0.101473 -0.0154527
0.0253995 0.042887 -0.0069399
0.0230326 0.0417615 -0.0082107
0.0223207 0.0421996 -0.0109253
0.0218203 0.0421807 -0.0135081
0.0214849 0.0424264 -0.015917
0.0200978 0.041465 -0.0186953
0.0190171 0.0425672 -0.0213596
0.0167254 0.0421845 -0.0225413
-0.0161376 0.0960891 -0.0308575
-0.0624482 0.151388 -0.022078
-0.06355619999999999 0.169143 -0.0454805
-0.0628576 0.160717 -0.0455976
-0.0402571 0.16887 -0.0110894
-0.0873824 0.112048 0.0223412
-0.0839548 0.116297 0.048207
-0.0881465 0.111869 0.0203319
-0.0717764 0.157498 -0.0399163
-0.0485608 0.136308 0.00740652
-0.0337756 0.152424 -0.00181882
0.0530102 0.0462982 0.0132036
0.0509987 0.0461598 0.00424691
0.0458055 0.0457568 -0.0014582
0.0308512 0.0984647 -0.0155991
0.0250909 0.101589 -0.0184225
-0.00124828 0.120928 -0.0122031
0.0239407 0.0433254 -0.00969837
0.0210382 0.0429805 -0.0187238
0.0171064 0.107984 -0.0173655
-0.0336161 0.0359396 -0.0308523
-0.0690226 0.0666432 0.0280209
-0.0752138 0.152027 -0.0218867
-0.08398849999999999 0.139696 0.00127679
-0.0926332 0.122174 0.0312779
-0.0618805 0.161562 -0.030591
-0.0131107 0.163106 -0.0159744
-0.0616851 0.170961 -0.0550921
-0.0861963 0.111193 0.039507
-0.0519217 0.142378 0.0193815
-0.0101666 0.166554 -0.0215917
0.0545252 0.0485141 0.0192035
0.0549514 0.0484178 0.0163982
0.0546672 0.0478449 0.0131974
0.0547643 0.0482626 0.00995411
0.0544699 0.048564 0.00720644
0.0525631 0.047662 0.00422356
0.0515209 0.0483059 0.00127611
0.0498828 0.0474685 0.000307011
0.0483878 0.0478614 -0.00164729
0.0464132 0.0472054 -0.00271728
-0.00163385 0.116689 -0.0166817
0.0279631 0.0453294 -0.00728875
0.0260258 0.0450667 -0.0106834
0.0246375 0.0449116 -0.0131832
0.0225276 0.0444655 -0.0157683
0.0216272 0.0451657 -0.0187721
0.0192356 0.0452455 -0.0219699
0.0309982 0.0959115 -0.0165237
0.0517343 0.06888569999999999 0.00196291
0.0546185 0.0603141 -0.00153051
-0.0221294 0.10745 -0.02197
-0.0628537 0.160744 -0.0216915
-0.0571464 0.0671799 0.0361705
-0.0640857 0.158213 -0.0488511
-0.0539858 0.148535 0.0254074
-0.0493189 0.133682 0.00119868
-0.0466859 0.132682 0.00771008
-0.0494227 0.142442 0.00739901
-0.030944 0.106607 -0.0208916
-0.0635872 0.15738 -0.0426775
-0.0368163 0.15069 -0.00173703
-0.0623151 0.151427 -0.013577
0.056025 0.0493916 0.0151904
0.056139 0.0493992 0.0131905
0.0560455 0.0494136 0.0106935
0.054291 0.049263 0.00422754
0.0531496 0.0491587 0.00225551
0.0504722 0.048918 -0.000684915
0.0472068 0.0487186 -0.00366259
0.0305516 0.0459972 -0.00640657
0.0278017 0.0466049 -0.0107066
0.0268734 0.0465564 -0.0136908
0.0256074 0.0464971 -0.016139
0.00410063 0.118595 -0.0157664
-0.0163883 0.101089 -0.0237693
-0.00147203 0.0926942 -0.0340258
-0.0251422 0.107523 -0.0216206
-0.091492 0.127483 0.00776711
-0.0621825 0.161574 -0.0275869
-0.0621462 0.168607 -0.0515895
-0.00870596 0.171651 -0.0256431
-0.0893627 0.150799 0.0131661
-0.0641637 0.157278 -0.0454989
-0.052691 0.142388 0.0224073
-0.0849655 0.09620430000000001 -0.00224088
-0.0661698 0.06647690000000001 0.0307332
-0.0649561 0.156432 -0.0484242
-0.0781193 0.110717 0.0449312
-0.0941992 0.120104 0.0167891
0.0570365 0.0515793 0.0191881
0.0575022 0.0516285 0.0161848
0.0576742 0.0516295 0.0131841
0.0574882 0.0516319 0.0101845
0.0569217 0.0515812 0.00719252
0.0563021 0.0517485 0.00485942
0.0553675 0.0511918 0.00353685
0.0542116 0.0514611 0.001426
0.0527925 0.0505032 0.000257908
0.0515008 0.051204 -0.00153567
0.0496613 0.0501912 -0.00270335
0.0481498 0.0510126 -0.0041689
-0.0307842 0.121588 -0.00757615
0.010361 0.101294 -0.021851
0.0290654 0.0902217 -0.0205117
0.0308764 0.0488061 -0.00782822
0.0290473 0.0480952 -0.0107349
0.0287078 0.0485394 -0.0134027
0.0281608 0.0487492 -0.0157248
0.0256197 0.0485542 -0.0190548
0.0228951 0.0474653 -0.0198398
0.0339912 0.0985478 -0.0133297
-0.0101687 0.119578 -0.013705
-0.0129644 0.119326 -0.013399
-0.00733699 0.09479170000000001 -0.0334665
0.040737 0.0931907 -0.00797168
-0.062406 0.163914 -0.0365917
-0.07111870000000001 0.06424920000000001 0.0206358
-0.0476147 0.134011 0.00741239
-0.0885037 0.114225 0.0283481
-0.0609928 0.145401 -0.00401564
-0.0497762 0.135493 0.00192026
0.0241275 0.120631 -0.00401437
-0.0392579 0.0338513 -0.0295755
0.0302657 0.0496868 -0.0107289
0.029585 0.0495591 -0.0127459
0.0273047 0.0494168 -0.0181943
0.030774 0.112913 -0.00718564
-0.0218684 0.119976 -0.0109854
-0.019199 0.118513 -0.0124617
0.0252256 0.113631 -0.0107528
-0.0076721 0.036682 -0.0252361
-0.0539271 0.115354 -0.0153004
0.0223388 0.123001 -0.00151046
-0.0087107 0.174181 -0.0272644
-0.0896704 0.113368 0.0397464
-0.0528479 0.141625 0.0244146
-0.0512276 0.136584 0.025353
-0.0690438 0.034238 -0.00424731
-0.0662614 0.14252 -0.0101626
-0.0536595 0.151749 0.0222383
-0.0720358 0.154708 -0.0399066
-0.050668 0.136621 0.0011775
-0.0852004 0.111887 0.0434561
0.0583377 0.0543676 0.0193816
0.0585416 0.0538228 0.0161816
0.0587369 0.0538362 0.0131782
0.0585489 0.0541717 0.00992465
0.0580603 0.0544669 0.00717366
0.056952 0.0543633 0.00418273
0.0550371 0.0540493 0.00100834
0.0537027 0.0542875 -0.0011126
0.0522431 0.0536673 -0.002435
-0.00508866 0.114674 -0.0175026
-0.09064460000000001 0.116367 0.00663556
0.0334693 0.0514021 -0.00741159
0.0321413 0.0513188 -0.008702100000000001
0.0314678 0.0515659 -0.0107467
0.0308501 0.0519827 -0.012955
0.0298126 0.051896 -0.0155446
0.0290438 0.0509642 -0.0167532
0.0281883 0.0515961 -0.018758
0.0253397 0.0511533 -0.0214082
-0.0160084 0.120005 -0.0110758
0.0332485 0.110303 -0.00687429
0.0278055 0.107466 -0.0135957
0.048521 0.0687914 0.002045
-0.00531173 0.100039 -0.0239686
-0.0279656 0.122833 -0.00492498
-0.0624117 0.163882 -0.0485906
-0.0604445 0.0661586 0.0337586
-0.0395382 0.149486 0.00140043
-0.0775917 0.07572570000000001 0.0304657
-0.0086058 0.172644 -0.0268228
-0.0530679 0.140053 0.026392
0.0588331 0.0552392 0.0181818
0.0590645 0.0552599 0.0161789
0.0592302 0.0552661 0.0131733
0.0590808 0.0552692 0.0106748
0.0560084 0.0549549 0.0021707
-0.0137933 0.122491 -0.00820749
-0.0130045 0.116234 -0.0161311
-0.0918757 0.122034 0.00777873
0.0345534 0.0537043 -0.00814236
0.032607 0.0527076 -0.00976892
0.0267286 0.0521731 -0.0207566
-0.0163197 0.11874 -0.0131726
-0.0311413 0.108077 -0.0196309
0.00741005 0.116784 -0.0168311
-0.01309 0.121561 -0.00994417
-0.0637957 0.163347 -0.024614
-0.07544380000000001 0.0713789 0.0285027
-0.08132780000000001 0.104072 -0.00478934
0.059306 0.0573651 0.0191812
0.0598144 0.0574089 0.0161741
0.0600354 0.057428 0.013169
0.0598317 0.0574133 0.010167
0.0592163 0.0575045 0.00737487
0.058528 0.0565928 0.00617045
0.0579842 0.0572406 0.00418263
0.05652 0.057099 0.00168577
0.0555406 0.0570083 0.000198865
0.0540394 0.0575597 -0.00190612
0.0528986 0.056075 -0.00272531
0.0189335 0.112755 -0.0151215
0.0363634 0.0540397 -0.00677182
0.0333661 0.0548033 -0.0109281
0.0317766 0.0545223 -0.013427
0.0304476 0.0546339 -0.0157746
0.0285451 0.0544618 -0.0187849
0.0265706 0.0535806 -0.0207269
-0.024947 0.123005 -0.00494341
-0.0220828 0.123904 -0.00413664
0.00749938 0.118949 -0.0151612
0.0248342 0.0837654 -0.024474
-0.0365675 0.115672 -0.0153927
-0.00778391 0.125598 -0.007958969999999999
-0.09246890000000001 0.127511 0.0102601
-0.06253640000000001 0.16074 -0.0425969
-0.0785231 0.07760069999999999 0.0313097
-0.0841356 0.0781906 0.0194227
-0.08810320000000001 0.094846 0.00642608
-0.0504103 0.136919 0.0224825
-0.0533638 0.151727 0.0199951
0.0589255 0.0580383 0.0211692
-0.0283841 0.0369354 -0.0297779
-0.0637144 0.115874 -0.0109831
-0.0942376 0.122836 0.024283
0.0370379 0.0568104 -0.00737637
0.0348618 0.0565541 -0.010686
0.0328851 0.0556122 -0.0127142
0.0255421 0.0541246 -0.0215996
0.0240844 0.0547426 -0.0237664
-0.0190687 0.0919864 -0.0356866
-0.0187707 0.119809 -0.0108264
-0.0860098 0.136774 0.00189945
-0.0158374 0.10736 -0.0214604
-0.0190782 0.0934972 -0.0342241
-0.0871411 0.112608 0.0427397
-0.09112199999999999 0.115466 0.0410527
-0.0526089 0.145466 0.0193902
-0.049115 0.13938 0.0133955
-0.050754 0.142416 0.0163895
-0.0278851 0.0350502 0.0510066
-0.0749928 0.109848 0.0429481
0.0406531 0.0995075 0.0258303
0.0598072 0.0601815 0.0191807
0.0604422 0.0602353 0.0161736
0.0607459 0.0602615 0.0131644
0.0606466 0.0602508 0.0101576
0.0599331 0.0601997 0.00715557
0.0591544 0.0603443 0.00482096
0.0584554 0.0598229 0.00351808
0.056801 0.0598979 0.0011685
-0.0518881 0.104876 -0.019674
0.0360086 0.0581563 -0.0105278
0.033988 0.0578287 -0.0132106
0.0311186 0.0573852 -0.0159578
0.0284845 0.0571336 -0.018983
0.0268655 0.0573602 -0.0210981
0.0255915 0.0567736 -0.0224251
0.0244439 0.0569222 -0.0242659
0.0103013 0.093542 -0.0290346
0.0244295 0.107048 -0.0153954
-0.0189234 0.122483 -0.00765879
-0.0340533 0.107605 -0.0198268
-0.0668021 0.0909191 -0.0174744
-0.08391220000000001 0.145292 0.00416227
-0.0623199 0.163914 -0.0395925
-0.0618414 0.168598 -0.0535946
-0.08560420000000001 0.09579509999999999 -0.000906401
0.00730613 0.125445 -0.00773447
-0.0510928 0.12386 -0.00885828
-0.0630742 0.145278 -0.0104759
-0.0897519 0.137238 0.0341971
-0.0916182 0.114199 0.0195834
-0.0519271 0.0648233 0.0347486
-0.0908841 0.142361 0.025418
-0.0906465 0.131102 0.00695491
0.0398109 0.0598735 -0.00481547
0.0387333 0.0606331 -0.00755347
0.0379067 0.059363 -0.00840058
0.0331444 0.0584441 -0.0147212
0.0295964 0.0580473 -0.0178274
0.0315842 0.107835 -0.0105677
0.0273764 0.09227630000000001 -0.0210073
-0.09351760000000001 0.119403 0.0133005
-0.077638 0.108367 0.0363915
-0.0684963 0.174531 -0.0568318
-0.0615982 0.168601 -0.0550853
-0.0616995 0.160004 -0.0275879
0.0130152 0.12083 -0.0122139
-0.0623436 0.163874 -0.0515884
0.0255045 0.116437 -0.00781191
-0.0734823 0.06490940000000001 0.0160661
-0.0619533 0.157226 -0.0338446
-0.0849712 0.111906 0.0292041
-0.0717406 0.06974959999999999 0.0306838
-0.0275932 0.0356787 0.0526939
0.0599985 0.0629697 0.0191795
0.0606939 0.0630283 0.0161698
0.0609346 0.0630505 0.0131585
0.0608422 0.0630342 0.0101419
0.0600597 0.06296889999999999 0.00714285
0.0591707 0.0626594 0.00479488
0.0584423 0.063056 0.00348037
0.0567314 0.06301379999999999 0.00156068
-0.077473 0.10129 -0.009840170000000001
-0.0797793 0.103858 -0.00660016
-0.0574067 0.136812 -0.0051975
0.0371369 0.060554 -0.0107501
0.0359604 0.0610175 -0.0124483
0.034749 0.0606663 -0.0137928
0.0335244 0.060706 -0.0155664
0.0317973 0.0597717 -0.0171403
0.0307139 0.0605317 -0.0184589
0.0290425 0.0601427 -0.0198002
0.0276752 0.0601704 -0.0216045
0.0264018 0.0591975 -0.0228202
0.024784 0.0603537 -0.0243101
0.0185684 0.121789 -0.00725624
-0.0484558 0.113152 -0.016697
0.0211011 0.120977 -0.00639222
-0.0618538 0.153756 -0.0195806
-0.0620348 0.146024 -0.00560988
0.0429866 0.06316860000000001 -0.00231491
-0.0576673 0.0350164 0.0450347
-0.0747982 0.0723674 0.0308514
-0.0718713 0.0634579 0.0161789
-0.0807369 0.0749438 0.0219543
-0.0520278 0.136579 -0.000700403
-0.0804686 0.14522 -0.00132469
-0.088114 0.09213109999999999 0.00644821
0.0402646 0.06259919999999999 -0.00524564
0.0397031 0.0636491 -0.00762324
0.0382522 0.0617095 -0.009761799999999999
0.0516385 0.0656326 -0.000739582
-0.09295920000000001 0.119502 0.0342942
-0.0684693 0.155038 -0.0513025
-0.0566433 0.0642375 0.0324953
-0.0624321 0.166266 -0.0455869
-0.0623293 0.160793 -0.0245849
-0.07796359999999999 0.06935180000000001 0.0165275
-0.0617331 0.156868 -0.0205842
-0.0790993 0.0740915 0.0254101
-0.0836749 0.111127 0.0310299
0.060636 0.0657996 0.016166
0.0607992 0.0658126 0.0131537
0.0604198 0.0657809 0.0101417
0.0595604 0.0657031 0.00713909
0.0589446 0.0649523 0.0051412
0.0582407 0.066048 0.00396943
0.0568787 0.0660265 0.00211348
-0.086368 0.145342 0.00770036
-0.0849525 0.145314 0.00617604
-0.0928838 0.116698 0.0133137
0.0387013 0.0638561 -0.00976687
0.0376968 0.0635192 -0.011118
0.0363777 0.0639878 -0.0127809
0.0350456 0.0627954 -0.0138277
0.0339471 0.0634067 -0.0158127
0.032556 0.06329600000000001 -0.0177746
0.0308665 0.0629227 -0.0190604
0.0276098 0.06295489999999999 -0.0215074
-0.0902554 0.137181 0.0221972
-0.08990190000000001 0.133802 0.0342154
-0.0919425 0.114088 0.0162713
0.0194206 0.0983436 -0.0224737
-0.09425260000000001 0.126911 0.0197526
-0.061846 0.153749 -0.0220783
0.0313025 0.0866893 -0.0197302
-0.0756517 0.07788299999999999 0.0346966
-0.07500560000000001 0.11273 0.0486655
-0.0409029 0.149467 0.00342301
-0.0757709 0.151758 -0.0101457
-0.0505671 0.139479 0.0195792
-0.0790251 0.145195 -0.00281645
0.0409639 0.06523229999999999 -0.00544074
0.028935 0.0637776 -0.0201689
-0.0818952 0.145476 0.000508538
-0.0823675 0.147331 0.00217458
-0.039542 0.1191 -0.0129795
-0.07809530000000001 0.139138 -0.00517452
-0.071296 0.180692 -0.0564291
0.0132576 0.110443 -0.0183541
-0.00413198 0.125662 -0.0080743
-0.0197383 0.108898 -0.0213322
-0.0623095 0.16625 -0.0485907
-0.0341579 0.0368211 0.0485195
-0.0782687 0.174928 -0.0455439
-0.0601283 0.0351591 0.0443836
-0.0871121 0.112642 0.0249463
0.0220449 0.0869554 -0.025127
-0.0904927 0.142532 0.0279123
-0.06927179999999999 0.074464 0.0375013
-0.0762076 0.06806710000000001 0.0162505
0.0593261 0.0681247 0.0189339
0.0596026 0.06913469999999999 0.0161275
0.059836 0.0691659 0.0131772
0.0595709 0.0690011 0.0102531
0.059181 0.0682246 0.00779775
0.0581937 0.0695235 0.00695044
0.0572519 0.06913039999999999 0.00486958
-0.06918249999999999 0.16309 -0.0514711
-0.0743959 0.145232 -0.0096665
-0.0925306 0.125003 0.0394861
-0.0368799 0.10781 -0.0200121
-0.0905241 0.115337 0.0251483
0.0430499 0.0657249 -0.00155858
0.0415395 0.0663943 -0.00451336
0.0405217 0.06682920000000001 -0.00777396
0.0391063 0.0668386 -0.0105762
0.0381172 0.06591420000000001 -0.0117557
0.0370479 0.0665186 -0.0132637
0.0344111 0.0661347 -0.0159992
0.0328603 0.066146 -0.0177653
0.0317524 0.0660512 -0.0187268
0.0289425 0.065787 -0.0199562
0.0276274 0.0656781 -0.0212574
0.0259828 0.0661764 -0.0229155
-0.06344660000000001 0.174803 -0.0614565
-0.071071 0.154663 -0.0459127
-0.09173050000000001 0.127505 0.0390641
-0.09312869999999999 0.119517 0.0367925
-0.09188449999999999 0.130764 0.0103642
-0.06844550000000001 0.16025 -0.0539801
-0.073021 0.0654069 0.0192357
-0.0100674 0.116073 -0.0161742
-0.0762032 0.0747712 0.0315635
-0.0690137 0.147747 -0.0308317
-0.0891189 0.114188 0.0250486
-0.0498374 0.138571 0.0183794
-0.07226440000000001 0.0687456 0.0283144
-0.0890994 0.09897209999999999 0.0104109
-0.00129765 0.111061 -0.0201708
-0.0742584 0.149189 -0.024997
0.0430084 0.0689982 -0.00185188
0.0421659 0.06925249999999999 -0.00466106
0.0357587 0.06709900000000001 -0.014806
-0.0573774 0.124954 -0.0072956
0.0188644 0.10123 -0.0218067
-0.0308459 0.116986 -0.0137878
0.0259484 0.120481 -0.00155346
-0.0492479 0.163329 -0.00512191
-0.0508226 0.162642 -0.00385759
-0.0780732 0.166295 -0.0367083
-0.061721 0.155315 -0.0195808
-0.07243230000000001 0.114093 0.0506609
-0.0603916 0.060283 0.0219219
-0.0162037 0.186512 -0.0218703
-0.0336984 0.122237 -0.0074906
0.0414977 0.0699516 -0.00712182
0.040729 0.06941609999999999 -0.00845097
0.039758 0.069561 -0.0102981
0.0387944 0.0694779 -0.011793
0.037395 0.0693598 -0.0132928
0.0358936 0.0692305 -0.014814
0.0344485 0.0691042 -0.0162996
0.0328478 0.0689664 -0.017756
0.030707 0.06877080000000001 -0.0193101
0.0278952 0.0687782 -0.022272
-0.00744817 0.100809 -0.0239854
-0.0750565 0.16277 -0.0342185
-0.0926635 0.127619 0.0282553
-0.0692395 0.111258 0.0431197
-0.0306925 0.0397131 -0.0300841
-0.0398282 0.149201 -0.00154483
-0.06621199999999999 0.0787001 0.0413968
-0.0836107 0.111157 0.0426189
-0.0877602 0.139839 0.009702260000000001
-0.07410890000000001 0.157699 -0.0277214
0.0409984 0.102803 0.000176721
-0.0867511 0.107044 0.0163628
0.0436284 0.07241359999999999 -0.00164659
0.0296062 0.0693912 -0.0207509
0.013244 0.122233 -0.0103002
-0.0860301 0.142427 0.00738616
-0.0862721 0.127845 -0.00157157
-0.0621178 0.166243 -0.0515891
-0.0391844 0.122304 -0.0107777
-0.0751488 0.107467 0.0369695
-0.07328 0.157408 -0.0311148
-0.0765583 0.148625 -0.00886956
-0.0924552 0.124896 0.0342646
0.0446987 0.07217179999999999 0.0011468
0.0426893 0.07262639999999999 -0.00479352
0.0416103 0.0725307 -0.00728791
0.0407266 0.0724554 -0.00876996
0.0394509 0.07248830000000001 -0.0105901
0.0386477 0.07157479999999999 -0.0117783
0.0367462 0.0721217 -0.0133092
0.0355169 0.0713149 -0.0148173
0.0343815 0.0720576 -0.016
0.0329361 0.0717917 -0.0177811
0.0314641 0.07166409999999999 -0.019271
0.0301513 0.071546 -0.0207905
0.0286008 0.0720369 -0.0225165
0.0129999 0.08958770000000001 -0.0301607
-0.0255378 0.119861 -0.0104906
-0.0694606 0.06843009999999999 0.0309253
-0.0802945 0.106745 0.0307482
-0.0720375 0.111308 0.046012
-0.0615656 0.174118 -0.0580942
-0.0311642 0.171912 -0.0163466
-0.0899754 0.133813 0.0372138
-0.06442290000000001 0.155267 -0.0418433
0.0445316 0.0895003 0.0219615
-0.0107767 0.180943 -0.0281718
0.0459515 0.0750282 0.0040616
0.0451514 0.0753462 0.00134851
0.0160148 0.0896967 -0.0280153
-0.0129708 0.124353 -0.00670412
-0.0506993 0.0548466 0.0162902
-0.0398608 0.121021 -0.0120072
-0.0861145 0.111661 0.00479613
-0.0783602 0.0748188 0.0280741
-0.0618853 0.158437 -0.0215849
-0.0811558 0.109746 0.0336049
-0.0905054 0.137148 0.016199
-0.0747869 0.06663520000000001 0.0162919
0.0464881 0.0751609 0.00716198
0.0443816 0.0755782 -0.00129788
0.0437452 0.07552399999999999 -0.00279415
0.042777 0.0754394 -0.00479709
0.0417691 0.07535020000000001 -0.00675041
0.040718 0.07526330000000001 -0.008286379999999999
0.0392198 0.0751397 -0.010304
0.0368089 0.0749345 -0.0127773
0.0344139 0.07473630000000001 -0.0157783
0.0326552 0.0745846 -0.0182852
0.0316743 0.0745099 -0.0197384
0.0302408 0.0749345 -0.0212143
-0.0365587 0.121736 -0.009730630000000001
-0.0818492 0.101232 -0.00557321
-0.0481347 0.159859 -0.0068805
0.0282127 0.116825 -0.0048747
-0.0619095 0.166238 -0.0540926
0.0437707 0.0987357 0.00716776
-0.0598934 0.0613099 0.0244798
-0.08013729999999999 0.0755352 0.0251291
-0.0107509 0.179853 -0.0295643
-0.0684753 0.157498 -0.0535159
-0.0654801 0.0675388 0.0330326
0.0467231 0.0753191 0.0128455
0.0466082 0.0755955 0.0100577
-0.08352030000000001 0.0958856 -0.00457561
-0.0242778 0.183331 -0.0158058
-0.0830601 0.101303 -0.00409009
-0.0038818 0.0996456 -0.0247292
-0.0616803 0.166235 -0.0555923
-0.0369952 0.0981855 -0.022414
-0.09140710000000001 0.142682 0.0211623
-0.0702121 0.165678 -0.0493228
-0.0924657 0.116424 0.0223546
0.0440882 0.09031699999999999 0.0231627
-0.0732448 0.144163 -0.0109449
-0.0131257 0.09483759999999999 -0.0335491
-0.0727304 0.178495 -0.0550102
0.0221648 0.119548 -0.00750246
-0.0716181 0.149904 -0.0419471
0.0464264 0.0785575 0.0101833
0.0462713 0.078543 0.00718667
0.0459171 0.07851229999999999 0.00419464
0.0453112 0.07845920000000001 0.00120237
0.0446273 0.07840129999999999 -0.00128584
0.043974 0.0783456 -0.00278698
0.0428765 0.0782563 -0.00477189
0.0416789 0.0781583 -0.0067742
0.0405666 0.07806730000000001 -0.008270680000000001
0.0390735 0.0780917 -0.0105621
0.0370837 0.0776327 -0.0129901
0.0358821 0.0776862 -0.0147549
0.0345093 0.0775719 -0.0162501
0.0330899 0.0774398 -0.0182838
0.031714 0.0777886 -0.019889
0.0304849 0.077629 -0.0208967
-0.0709948 0.163248 -0.0457619
-0.0888852 0.1371 0.0102071
-0.0243849 0.180386 -0.0186613
-0.0848193 0.104277 0.00118452
-0.0615508 0.166212 -0.0571101
-0.0722015 0.147561 -0.0250882
-0.0472356 0.134169 0.0102136
-0.0398508 0.0985534 -0.0219221
0.00515908 0.0933619 -0.0318995
-0.0896928 0.12469 0.0042861
-0.0479723 0.144464 0.00441303
-0.0513347 0.124966 -0.00743844
-0.08437020000000001 0.101387 -0.00159772
-0.0751849 0.148576 -0.0158688
-0.0929862 0.124875 0.028271
-0.0892294 0.0956447 0.0194146
-0.09099 0.142689 0.0226645
-0.0851088 0.102115 0.000391121
0.00391318 0.122924 -0.0108908
-0.06393219999999999 0.166232 -0.0333964
-0.066495 0.0653932 0.0283631
-0.0501985 0.140132 0.0173988
0.0460336 0.08132880000000001 0.0161721
0.0461907 0.0813397 0.0131742
0.046347 0.0813517 0.0101773
0.0462447 0.08134039999999999 0.00718392
0.0458856 0.0813055 0.00419441
0.0451943 0.081245 0.00119925
0.0444416 0.0809491 -0.0011267
0.0438464 0.0813836 -0.00245867
0.0429185 0.081065 -0.00478848
0.0416899 0.08097360000000001 -0.00727007
0.0408916 0.08091569999999999 -0.00877381
0.0402002 0.0808574 -0.0102723
0.0389753 0.08090559999999999 -0.0125543
0.0377117 0.0799594 -0.0137509
0.0366382 0.0807252 -0.0155203
0.0350128 0.0797448 -0.0167143
0.0337838 0.0806781 -0.0183489
0.0311492 0.08083079999999999 -0.019868
-0.0842784 0.142661 0.00397601
-0.0704731 0.157694 -0.0465827
-0.0763745 0.150728 -0.00740566
-0.06997639999999999 0.163098 -0.0489599
-0.07717259999999999 0.163833 -0.0334632
-0.07884289999999999 0.112725 -0.00283498
-0.0808927 0.113092 -0.00178223
-0.0628676 0.096064 -0.0182194
-0.063774 0.1667 -0.0363449
-0.076958 0.07252020000000001 0.0277303
-0.0664426 0.155197 -0.0515326
-0.0693917 0.142084 -0.00988878
-0.0365632 0.0466847 -0.0224091
-0.06937219999999999 0.157419 -0.051443
-0.0819961 0.142712 0.000505016
-0.0772906 0.145176 -0.00434544
-0.0772471 0.163712 -0.0221325
0.00144338 0.122546 -0.0109513
-0.0633161 0.166519 -0.0393474
-0.0652725 0.0613084 0.02088
-0.0501485 0.141642 0.00337658
0.0443901 0.0840154 0.0246641
0.0450903 0.0840669 0.0221651
0.0455252 0.0840949 0.019171
0.0457426 0.08410810000000001 0.0161701
0.0459331 0.0841205 0.0131699
0.0461258 0.0841329 0.0101728
0.0460549 0.0841253 0.00718242
0.0455629 0.08408210000000001 0.00419232
0.0447416 0.0840081 0.00120646
0.044247 0.0842157 -0.00114009
0.0439036 0.0837155 -0.00247928
0.0342158 0.0838361 -0.0183823
-0.0545269 0.12486 -0.00687469
-0.00162221 0.0980674 -0.0278612
-0.045496 0.122915 -0.0109541
-0.0523204 0.0702851 0.038797
-0.0364325 0.127854 0.00719498
-0.0396728 0.128518 0.0104323
-0.0836985 0.15392 0.0132438
-0.06897780000000001 0.155857 0.009888889999999999
-0.0738596 0.145793 -0.0123554
-0.0313058 0.123907 0.0216292
-0.06436890000000001 0.179715 -0.059511
-0.06596390000000001 0.179995 -0.0596393
-0.0460862 0.13063 0.0218198
-0.0489974 0.133983 0.024615
-0.0661996 0.180462 -0.0573977
-0.0370866 0.124108 0.0244641
-0.0639999 0.177397 -0.0552961
-0.0647832 0.179003 -0.0560548
-0.0447067 0.129342 0.00411488
-0.0465468 0.12995 0.0022944
-0.06552719999999999 0.178073 -0.0539166
-0.0669481 0.180134 -0.055025
-0.08598740000000001 0.153017 0.0132012
-0.06930509999999999 0.18086 -0.0540571
-0.0722228 0.180922 -0.0547649
-0.0652895 0.175497 -0.0510258
-0.0668439 0.177727 -0.0518869
-0.0692977 0.179854 -0.0523903
-0.07738829999999999 0.157948 -0.0216682
-0.0632556 0.156108 0.0189415
-0.0503006 0.134918 0.0263293
-0.0778697 0.150584 0.0364583
-0.0690418 0.178703 -0.050942
-0.0721154 0.180357 -0.0514471
-0.0428761 0.122675 0.0253757
-0.07214810000000001 0.152775 0.034244
-0.0421826 0.128981 0.00728814
-0.0436727 0.129589 0.00770995
-0.0453555 0.130692 0.00698421
-0.0849477 0.152651 0.009898560000000001
-0.077524 0.153599 0.0304752
-0.061438 0.155959 0.0137897
-0.0462938 0.167103 0.00274138
-0.0650515 0.173113 -0.0482103
-0.0663184 0.174816 -0.0486533
-0.067333 0.1766 -0.0497355
-0.06928860000000001 0.177292 -0.0487628
-0.0743463 0.179982 -0.0516018
0.0190955 0.124218 0.0275613
-0.0747259 0.156152 0.0164883
0.0252198 0.09255960000000001 -0.0219816
-0.0338066 0.122895 0.0251831
-0.07324219999999999 0.154761 -0.030907
-0.0716128 0.15469 -0.0429072
-0.0480668 0.133902 0.0220091
-0.0166425 0.0970062 0.0498004
-0.0661249 0.156078 0.0135745
-0.07861849999999999 0.152695 0.0319953
-0.0835492 0.153395 0.0103714
-0.06709909999999999 0.156182 -0.00449897
-0.0114934 0.182551 -0.0282948
-0.00439202 0.120998 -0.0122902
-0.06994599999999999 0.143962 -0.0152424
-0.0839114 0.154087 0.0190344
-0.068173 0.175751 -0.0476385
-0.0720456 0.178586 -0.0485664
-0.06947299999999999 0.158882 -0.00587612
-0.0131817 0.0974247 0.0509808
-0.0280244 0.120653 0.027293
-0.07525129999999999 0.153019 0.0331344
-0.0366462 0.125323 0.0218909
-0.0718781 0.118688 -0.00820071
-0.07457660000000001 0.155994 0.0219841
-0.0814699 0.152217 0.00417444
-0.0743924 0.159115 -0.00780843
-0.0430746 0.127217 0.0184689
-0.0190648 0.127705 0.0163059
-0.0418081 0.123868 0.0237725
-0.0645973 0.171184 -0.0458828
-0.0658791 0.172411 -0.0453702
-0.0668469 0.174116 -0.0466823
-0.07425329999999999 0.17954 -0.0493425
-0.0753651 0.178644 -0.0483642
-0.077088 0.178257 -0.0505782
-0.0215892 0.126898 0.0157888
-0.086992 0.151158 0.0100535
-0.062693 0.152463 0.0345591
-0.078138 0.155114 0.0103435
-0.06027 0.154572 0.0280113
-0.06669890000000001 0.15603 0.0246295
-0.0700593 0.152584 0.0349486
-0.0308227 0.123035 0.0227897
-0.0223351 0.125672 0.019691
-0.0339024 0.123839 0.0236394
0.0105925 0.128954 0.0252616
-0.0427256 0.124761 0.0221923
-0.0232108 0.126238 0.0164288
-0.0399943 0.126785 0.0184553
-0.0458093 0.0891613 -0.0220339
0.0206378 0.123881 0.0271063
-0.0581945 0.158089 0.0040467
-0.0717619 0.155617 0.00442746
-0.0144643 0.185537 -0.0253443
0.0337543 0.101216 -0.0128888
-0.0690003 0.174956 -0.0454029
-0.0718898 0.177109 -0.0463543
0.00749077 0.12705 0.0296531
-0.0341813 0.126787 0.0158311
0.009798690000000001 0.129569 0.0240059
0.0243708 0.118148 -0.00733199
0.0454155 0.0655401 -0.000476381
-0.0664855 0.153433 0.0331833
-0.08053730000000001 0.153764 0.00729386
-0.0842638 0.151684 0.00686283
-0.0583891 0.153349 0.0309083
-0.0281038 0.125698 0.0133469
-0.0574359 0.155176 0.0190955
-0.0454067 0.127661 0.0220855
-0.0890811 0.147967 0.0104079
0.0236959 0.120687 0.0298434
-0.0221814 0.122298 -0.00743598
-0.0869414 0.104271 0.00738828
-0.047444 0.162891 -0.00695026
-0.00453772 0.124462 -0.00948213
0.0164702 0.125247 0.0279954
0.0151645 0.126939 0.0266898
-0.0158958 0.185776 -0.0247542
-0.0602648 0.153206 0.0324327
-0.06502040000000001 0.170012 -0.0421597
-0.0666383 0.172119 -0.0430847
-0.0717492 0.176205 -0.0448715
-0.074588 0.177403 -0.045787
-0.0773694 0.177591 -0.0483487
-0.0760035 0.155807 0.0217343
-0.0394323 0.0454647 -0.0221567
-0.0310153 0.121901 0.0250896
0.00730102 0.129773 0.0245368
-0.069017 0.156133 0.0129802
-0.0715316 0.155987 0.0104337
-0.0547148 0.159713 0.00678531
0.00449744 0.130681 0.0220731
-0.0899262 0.13433 0.00722241
-0.0887126 0.0957533 0.00771497
0.00174108 0.130579 0.0222745
-0.0853843 0.0980412 -0.000554198
-0.0395351 0.12513 -0.00732077
-0.07213609999999999 0.130533 -0.00841458
-0.0914079 0.117414 0.0283035
-0.0725508 0.155795 0.009102259999999999
-0.0396163 0.123995 0.0245542
-0.00430472 0.130674 0.0190163
-0.0683009 0.172894 -0.0419063
-0.0697831 0.174211 -0.0428264
-0.0720619 0.17516 -0.0423862
-0.07688929999999999 0.176966 -0.046083
-0.0885905 0.09879690000000001 0.00761693
-0.0616525 0.116813 -0.0113459
-0.0702091 0.156071 0.0113882
-0.00711868 0.13029 0.019446
-0.00441019 0.100228 0.0480007
-0.0527218 0.151024 0.0184636
-0.0737149 0.158251 -0.0299203
-0.0891232 0.095595 0.0104252
-0.09102789999999999 0.114901 0.0333362
-0.0821717 0.11152 0.00033013
-0.07997310000000001 0.139206 -0.00383095
-0.0444818 0.125432 0.0220404
-0.012584 0.129622 0.0158689
-0.0138632 0.129131 0.0168656
-0.0159947 0.128611 0.0159507
-0.06426370000000001 0.168138 -0.0394728
-0.0655633 0.169749 -0.039554
-0.0669053 0.17136 -0.0404187
-0.0750642 0.175592 -0.0427495
-0.07561370000000001 0.176488 -0.0441876
0.0172444 0.125917 0.0260258
-0.0770313 0.15188 -0.0065624
-0.09157650000000001 0.114644 0.0108349
-0.0780869 0.154623 0.00751947
-0.00213372 0.123188 0.0349488
-0.0049311 0.129684 0.0241973
-0.07722370000000001 0.0927636 -0.0125991
-0.073438 0.145781 -0.0138542
-0.0915179 0.14543 0.0221515
-0.0772414 0.15521 -0.0156537
0.0311175 0.116345 -0.00142056
-0.07916579999999999 0.0990564 -0.00863296
-0.0803094 0.101155 -0.00708572
-0.0807414 0.110771 -0.00131492
-0.0752451 0.110214 -0.00758788
-0.076735 0.155924 0.0156402
-0.0255525 0.12614 0.0126562
-0.089479 0.142639 0.0132008
-0.0689197 0.172492 -0.0396
-0.072121 0.174085 -0.0399601
-0.0777458 0.174511 -0.0429077
0.0563948 0.07147100000000001 0.00751465
-0.0539206 0.160497 -0.00136218
-0.033793 0.127134 0.0101584
-0.0728072 0.15012 0.0385587
-0.00102928 0.124211 0.0335316
-0.0427968 0.128134 0.0163138
0.0278151 0.118998 -0.00175935
0.0274786 0.118287 -0.00369698
-0.08973200000000001 0.137127 0.0132096
-0.0788721 0.101073 -0.008582279999999999
-0.0790353 0.168911 -0.0368041
-0.0751264 0.155651 0.0102315
-0.08298030000000001 0.153189 0.008373739999999999
-0.039749 0.128581 0.00745307
-0.0646509 0.168222 -0.0372156
-0.06623610000000001 0.169721 -0.0367166
-0.0674348 0.171149 -0.0382253
-0.0713403 0.17333 -0.0389686
-0.0747922 0.174345 -0.0401252
0.0573621 0.0716893 0.010294
0.0543328 0.0719616 0.006896
-0.07790030000000001 0.142091 -0.00472744
-0.0662769 0.152711 0.0347709
-0.0471876 0.131943 0.0231102
-0.0819607 0.109563 0.0288869
-0.0339633 0.127113 0.0130081
0.0355806 0.112322 0.00229522
0.0344523 0.113842 0.00167283
0.0331425 0.115473 0.00120523
0.031784 0.116941 0.00143769
0.0299199 0.11779 -0.000781916
-0.0274745 0.0893505 -0.0332119
-0.0549167 0.160892 0.000821867
-0.08623749999999999 0.104309 0.0223535
-0.06445579999999999 0.155894 0.01199
-0.0691587 0.171751 -0.0368188
-0.071959 0.172696 -0.0366402
0.0543006 0.073034 0.010208
0.0514923 0.0722564 0.0070692
-0.0396992 0.126194 0.0200369
-0.030578 0.125976 0.0133174
-0.0312769 0.119897 0.0283881
0.0145196 0.123096 0.0322223
-0.0477942 0.165585 0.00368949
0.0301605 0.118393 0.00171103
0.0283692 0.119597 0.000904842
0.0244967 0.121602 -0.00144124
-0.0851109 0.0939488 -0.00257672
-0.0856268 0.0926247 -0.00127548
-0.0941673 0.124186 0.0242853
-0.0794636 0.141716 -0.00376694
-0.08800760000000001 0.0993526 0.0228729
0.0242633 0.115772 -0.009974739999999999
-0.0717107 0.151483 -0.0429915
-0.07122970000000001 0.157482 -0.042919
-0.077912 0.110474 -0.00442715
-0.0919373 0.116977 0.0251402
-0.0545309 0.06672930000000001 0.0363576
-0.08861049999999999 0.0921679 0.007952249999999999
-0.0220024 0.184051 -0.0189186
-0.0647866 0.167644 -0.0344082
-0.0661726 0.169081 -0.0340814
-0.0746942 0.172848 -0.0369302
-0.07583189999999999 0.173116 -0.0385323
-0.0633702 0.151852 -0.00180978
0.0573713 0.0720295 0.0132601
0.0514724 0.07321809999999999 0.0103082
0.0486698 0.0730336 0.0100621
0.0483874 0.072238 0.00707254
-0.0884094 0.127173 0.00193858
-0.0329258 0.120263 0.0285346
-0.0574509 0.156409 0.0101362
-0.0546202 0.156805 0.0102877
-0.0535748 0.155622 0.0115317
-0.0874296 0.152685 0.0193741
0.0383485 0.10917 0.00520513
0.0359757 0.112551 0.00484679
0.0349063 0.11399 0.00447827
0.0334503 0.115856 0.0042063
0.0272161 0.120849 0.00214693
0.0251193 0.122133 0.00123775
0.021397 0.124003 -0.000811216
-0.07989300000000001 0.09496350000000001 -0.0095262
-0.0849348 0.104617 0.0252855
-0.0763933 0.111249 -0.00565203
-0.06950530000000001 0.166052 -0.0511981
-0.0929994 0.116234 0.0191827
-0.0153478 0.0972963 0.0501876
-0.0681194 0.170349 -0.0332245
-0.0697246 0.171406 -0.0342061
-0.07211289999999999 0.15894 -0.00533295
-0.075598 0.157462 -0.00704749
0.0547862 0.07326249999999999 0.0130422
-0.0597327 0.156046 0.009330099999999999
-0.00117299 0.126855 0.0304031
-0.0321221 0.126572 0.0131892
0.0386392 0.109068 0.00748779
0.0375367 0.110599 0.00694986
0.0360438 0.112664 0.00751855
0.0322912 0.117174 0.00450048
0.0308933 0.118543 0.00480242
0.0289361 0.119951 0.00372757
0.0221336 0.12442 0.00138399
0.019524 0.125878 0.00108158
-0.0397501 0.115641 -0.0153424
-0.0785204 0.163168 -0.027949
-0.0860481 0.114371 0.00228673
-0.0877257 0.104683 0.0166098
-0.0788672 0.111379 -0.00271807
-0.0365958 0.123168 -0.00823722
-0.0476722 0.134348 0.0194434
0.00106775 0.100094 0.0477195
-0.0642036 0.165862 -0.0306088
-0.06513770000000001 0.167167 -0.0309462
-0.0666147 0.168668 -0.0311746
-0.0721084 0.171822 -0.0336635
-0.07489129999999999 0.171526 -0.0338442
0.0573712 0.0718116 0.0162257
0.0533931 0.0735958 0.014004
0.0517976 0.0736279 0.0134061
0.0503561 0.073461 0.0121181
0.047365 0.0735855 0.0109418
-0.0130918 0.126056 0.0280917
0.034908 0.114245 0.0075875
0.0334619 0.116155 0.00718272
0.0273817 0.121458 0.00481426
0.025175 0.122902 0.00386021
0.0162523 0.127588 0.00132734
-0.0912331 0.114706 0.0382141
-0.0913756 0.140591 0.0166791
-0.072307 0.157517 -0.0369141
-0.08850180000000001 0.139858 0.0112022
-0.0739567 0.154792 -0.0249075
-0.0878332 0.105016 0.0133704
0.0217788 0.118289 -0.0094921
-0.0192644 0.127054 0.0191677
-0.0610749 0.15595 0.0160961
-0.0214474 0.185595 -0.014162
-0.06871430000000001 0.169965 -0.0306816
-0.0701534 0.17081 -0.0313564
-0.0721257 0.17106 -0.0311285
0.0545317 0.07323730000000001 0.0163572
0.048728 0.07342410000000001 0.0133398
-0.0571277 0.155869 0.0117051
0.0384513 0.109524 0.0103026
0.0375064 0.1108 0.0099562
0.0309274 0.118885 0.00756336
0.0290775 0.120474 0.00686894
0.0239604 0.124035 0.00497913
0.0221198 0.125136 0.0041826
0.0186588 0.126765 0.00230888
0.0136205 0.128545 0.000962106
-0.0654381 0.166205 -0.0594512
-0.0916754 0.142651 0.0166679
-0.0858617 0.103319 0.0246508
-0.0882971 0.103693 0.0158704
-0.08598409999999999 0.153267 0.0198384
-0.07747560000000001 0.153681 0.00110749
-0.03681 0.127974 0.010003
-0.074522 0.156346 -0.00201613
-0.0642003 0.165082 -0.0279809
-0.0657242 0.166766 -0.0278126
-0.0669897 0.167927 -0.0280372
-0.07432519999999999 0.170933 -0.031459
-0.0782231 0.168973 -0.0340287
0.0568988 0.07116840000000001 0.0192922
0.0537258 0.0735615 0.0163564
0.0516257 0.073617 0.0155653
0.0486423 0.0731014 0.0163383
0.0474981 0.0737139 0.0139878
0.0225151 0.092668 -0.022903
-0.0108487 0.126282 0.0289003
0.00113758 0.12693 0.0302688
0.0361172 0.112703 0.0107506
0.035015 0.114204 0.0104954
0.0335804 0.116126 0.0100837
0.0276859 0.121793 0.00777387
0.0259006 0.123021 0.00687805
0.0243886 0.124149 0.00726545
0 0 0
0.0189031 0.127039 0.00461983
0.0159432 0.12846 0.00454555
0.0109765 0.129324 0.000819746
-0.0912047 0.143383 0.0246614
-0.0307228 0.10475 -0.0220341
-0.00127938 0.0962474 -0.0309321
-0.0695427 0.154163 -0.0491035
-0.00314149 0.0972112 0.0530078
0.0182946 0.123502 0.0292701
0.00217615 0.12934 0.0262849
-0.0689526 0.169252 -0.028149
-0.0709934 0.170517 -0.0295248
-0.07556599999999999 0.169861 -0.0302668
-0.0774628 0.168685 -0.0312599
0.0546845 0.0726079 0.018926
0.0515768 0.0734162 0.0170297
0.0471599 0.07398 0.0153485
0.046576 0.0749454 0.0161357
0.0307194 0.119256 0.0103343
0.0278376 0.121866 0.010328
0.022012 0.125683 0.00719807
0.0137008 0.129274 0.0037862
0.0122169 0.129551 0.00276868
0.0100022 0.129801 0.0016299
0.00724349 0.130087 0.00115538
-0.0750217 0.0984116 -0.0128398
-0.0942793 0.124834 0.0172603
-0.0422068 0.169068 -0.00936732
0.00841723 0.129272 0.0256623
-0.0858416 0.0902464 0.0272838
-0.0659907 0.165988 -0.0251613
-0.0720002 0.169962 -0.0277302
-0.07501969999999999 0.169234 -0.0281267
0.0516445 0.0728346 0.0192633
-0.0293211 0.123712 0.0208659
0.0360137 0.112764 0.0137249
0.034933 0.114274 0.0135631
0.0333204 0.116394 0.0130532
0.0323242 0.117657 0.0116569
0.0259415 0.12334 0.00998197
0.0246128 0.124325 0.0101986
0.0191582 0.127274 0.0075606
0.0162064 0.128711 0.00749159
0.012473 0.129869 0.00476478
0.0103289 0.130334 0.00421775
0.00437361 0.130337 0.00126226
0.00158486 0.119804 -0.0140283
-0.0759865 0.145142 -0.00587424
-0.0913672 0.130235 0.00824543
-0.0910155 0.124722 0.00627607
-0.0739928 0.155924 0.011504
-0.0281282 0.181278 -0.0100031
-0.0301269 0.179927 -0.0109983
-0.0693896 0.168487 -0.0255809
0.0542115 0.0714091 0.0216989
0.0483969 0.0720388 0.0193576
0.0465413 0.0726227 0.0190498
0.0308063 0.119167 0.01322
0.0279368 0.121793 0.0132155
0.0224287 0.125722 0.0100974
0.0144027 0.129384 0.00642559
0.0129353 0.130011 0.00754384
0.00746602 0.130857 0.00458958
0.00441764 0.131049 0.00440771
0.00168676 0.13038 0.00134705
-0.00119307 0.130092 0.00107411
-0.0275213 0.107128 -0.0214575
-0.08804099999999999 0.0995721 0.00642464
0.0485029 0.065675 -0.000801939
-0.07129969999999999 0.178818 -0.0563168
-0.0872414 0.104343 0.0193594
-0.0315989 0.178972 -0.0101085
-0.0245162 0.080535 0.0537687
-0.06402670000000001 0.162788 -0.0221673
-0.06504 0.163909 -0.0220576
-0.0666258 0.165416 -0.0221631
-0.06818539999999999 0.16728 -0.0241757
-0.0719139 0.16882 -0.0248265
-0.0745598 0.168392 -0.0255481
0.0542203 0.07027269999999999 0.0231437
0.0513536 0.0714639 0.0222312
0.0490232 0.0714041 0.0214589
-0.08041769999999999 0.153092 0.00488677
-0.0239683 0.126504 0.0139537
-0.032928 0.126298 0.0165875
0.0360612 0.112583 0.0166016
0.0349684 0.114121 0.0164496
0.0333252 0.116246 0.0161385
0.026058 0.123302 0.0128722
0.0246276 0.124343 0.013457
0.0208389 0.12665 0.0109322
0.0191456 0.1275 0.010319
0.0164004 0.128822 0.0104136
0.0101299 0.130729 0.00699013
0.00131215 0.13109 0.00468069
-0.00434454 0.129825 0.00140367
-0.0935497 0.124801 0.0132639
0.0218094 0.11686 -0.0109484
-0.0744017 0.149485 -0.0279527
-0.0340836 0.177317 -0.0100013
-0.0699656 0.167828 -0.0233999
-0.0160559 0.126777 0.0241105
0.0383138 0.109087 0.0181423
0.0308429 0.118984 0.0160929
0.0223544 0.125845 0.0127745
0.00728583 0.131275 0.00737491
-0.00688224 0.129618 0.00209816
-0.090087 0.145386 0.0131496
0.0159731 0.104739 -0.019495
-0.07348730000000001 0.156859 -0.0289164
-0.08138430000000001 0.136713 -0.00252032
-0.0216926 0.126501 0.0176944
-0.0749679 0.0921428 0.039655
-0.06459910000000001 0.162478 -0.0199783
-0.0719841 0.167978 -0.0226846
-0.07369820000000001 0.167846 -0.0232955
-0.07555829999999999 0.167385 -0.0246849
-0.0556539 0.153362 0.0267778
0.0476347 0.0702682 0.0229117
-0.0737971 0.148055 0.0412991
-0.0076738 0.129295 0.00142186
-0.0189279 0.104658 -0.0228535
-0.0689121 0.10731 -0.012624
-0.06842230000000001 0.115113 -0.00915874
-0.0628721 0.139491 -0.00695547
-0.0652509 0.112862 -0.0122649
-0.0808659 0.11051 0.0428706
-0.0691286 0.116145 -0.00853757
-0.07495060000000001 0.133276 -0.00727682
-0.0488751 0.104901 -0.0200695
-0.0424547 0.16633 -0.0102177
-0.0246302 0.166756 -0.0177968
-0.0130609 0.177932 -0.0283956
-0.019405 0.168629 -0.0199944
-0.0274924 0.169212 -0.0180834
-0.0632889 0.034155 0.0160497
-0.0626056 0.0346753 0.0189631
-0.0647368 0.0350417 0.0261211
-0.0659368 0.0367967 0.0280726
-0.0669464 0.036508 0.0312538
-0.06677089999999999 0.0364074 0.0337288
-0.0663059 0.0363568 0.0368355
-0.0653675 0.0368782 0.0394959
-0.0575297 0.0368352 0.0464857
-0.0860916 0.0931083 0.0274392
-0.0186484 0.180814 -0.0241012
-0.0391061 0.159952 -0.0119457
-0.0250389 0.0987759 -0.0241821
-0.0772939 0.132991 -0.00623741
-0.0649597 0.127499 -0.008741000000000001
-0.0570016 0.127423 -0.00661193
-0.0370913 0.159975 -0.0126191
-0.0249677 0.0350059 0.0512465
-0.08620460000000001 0.116877 0.0476852
-0.0134501 0.104647 -0.0230448
-0.0716889 0.034797 0.00737288
-0.07219059999999999 0.0369641 0.00769136
-0.0713123 0.0361304 0.00946085
-0.06987019999999999 0.037032 0.0105919
-0.0684689 0.0361383 0.0129301
-0.0671379 0.0363157 0.0145246
-0.0656346 0.0363472 0.0158638
-0.0641384 0.03638 0.0171944
-0.0628273 0.0362996 0.0189491
-0.06490360000000001 0.0359216 0.0253921
-0.0772081 0.0815289 0.0358673
-0.0649024 0.119454 -0.008816310000000001
-0.0393574 0.0369777 0.0430066
-0.0379055 0.0359296 0.0436783
-0.0366556 0.0369662 0.0454627
-0.0279468 0.0368906 0.0536037
-0.08044659999999999 0.0839724 0.033794
-0.07703169999999999 0.088754 0.0382806
-0.077878 0.0839541 0.0364576
-0.0757302 0.164242 -0.0187684
-0.0722569 0.0365962 0.0016405
-0.0723635 0.0371573 0.00484215
-0.0614566 0.0372076 0.0201515
-0.06467879999999999 0.0378404 0.0247428
-0.0654744 0.0395429 0.0288431
-0.0656254 0.0398276 0.0307242
-0.06597069999999999 0.0394499 0.033804
-0.06564979999999999 0.0397399 0.0369198
-0.0649149 0.0392337 0.0390271
-0.0641307 0.0400546 0.0399278
-0.0627298 0.0400641 0.0424856
-0.0612949 0.040108 0.0438783
-0.0599207 0.0399909 0.0450528
-0.0750589 0.080979 0.0372708
-0.0684283 0.08146920000000001 0.0417113
-0.0887723 0.133486 0.0420902
-0.08416410000000001 0.133769 0.0486564
-0.0330092 0.0378143 0.050394
-0.0294534 0.0382504 0.0532249
-0.0282233 0.0398548 0.0535984
-0.06909510000000001 0.0841021 0.0422238
-0.0848947 0.0931737 0.0290719
-0.039808 0.089257 -0.0230138
-0.0212669 0.0749249 0.0533467
-0.0804106 0.145215 0.0420469
-0.0835438 0.145131 0.0395301
-0.0744494 0.08412559999999999 0.0389594
-0.0631838 0.0611627 0.0221115
-0.0282148 0.11796 -0.0128229
-0.0688323 0.0397701 0.0100781
-0.06796779999999999 0.0383221 0.0123903
-0.0663787 0.039835 0.0132088
-0.06535580000000001 0.0388548 0.0150482
-0.06325509999999999 0.0395672 0.0160567
-0.0621446 0.0384632 0.0179813
-0.0602714 0.039407 0.018949
-0.0630612 0.0395929 0.0251522
-0.0872251 0.137208 0.0427063
-0.085912 0.137033 0.0447082
-0.08326459999999999 0.136004 0.0479996
-0.080043 0.081445 0.0330561
-0.07385849999999999 0.0762694 0.0355202
-0.038827 0.0398484 0.042564
-0.0366261 0.0400922 0.0454346
-0.0344157 0.0403429 0.0485727
-0.0329178 0.0400935 0.0504749
-0.0308086 0.0403089 0.0516412
0.0253435 0.0897004 -0.022961
-0.0278176 0.07829949999999999 0.0457258
-0.0164139 0.0988173 0.0454346
-0.0876986 0.09571109999999999 0.0247221
-0.08611050000000001 0.0958191 0.0273769
-0.0259155 0.07721 0.0487854
0.010207 0.110436 -0.0192828
-0.0710359 0.0391824 0.00119357
-0.0711763 0.0395919 0.00441387
-0.0713915 0.0398295 0.00738055
-0.0610998 0.0407145 0.0168747
0 0 0
-0.0651399 0.0419669 0.0340574
-0.0649069 0.0417432 0.0368716
-0.0632447 0.0425113 0.0397128
-0.0621305 0.0427377 0.0417999
-0.0607639 0.0427891 0.0432705
-0.0592125 0.042121 0.0445708
-0.08815099999999999 0.137836 0.0407884
-0.0273405 0.0810198 0.0485638
-0.0849266 0.0958804 0.0290239
-0.0380583 0.0406922 0.0433465
-0.0290961 0.0410008 0.0527549
-0.0834901 0.0958474 0.0308116
-0.0289969 0.07826039999999999 0.0435403
-0.0218867 0.07756879999999999 0.05435
-0.09089949999999999 0.124921 0.0439153
-0.0889784 0.139897 0.0370488
-0.0720266 0.08134479999999999 0.0395735
-0.0823518 0.0966615 0.0320686
0.016129 0.0981307 -0.0229069
-0.0820969 0.0891947 0.0320562
-0.07053760000000001 0.04043 0.00377428
-0.0701259 0.0408981 0.008185100000000001
-0.06719029999999999 0.04093 0.0109305
-0.0642011 0.0410429 0.0143098
-0.0861507 0.139715 0.042282
-0.0642105 0.0427467 0.0308744
-0.09021 0.145087 0.0278774
-0.0642808 0.0431553 0.036543
-0.0902961 0.130827 0.040047
-0.0258433 0.0742256 0.0459783
-0.0809168 0.127316 -0.00540193
-0.0713715 0.0786395 0.0387147
-0.0247322 0.0774775 0.0515353
-0.0374554 0.042873 0.0429512
-0.0359826 0.0427219 0.0451177
-0.0345803 0.0430903 0.0463741
-0.0333601 0.0429677 0.048465
-0.0309486 0.0428857 0.0506014
-0.0268469 0.0423164 0.0533212
-0.0760299 0.0968097 0.0377566
-0.0866859 0.133985 0.0456068
-0.08328869999999999 0.12525 0.0507433
-0.08504589999999999 0.08552129999999999 0.0259107
-0.09179089999999999 0.124747 0.0422627
-0.0725923 0.0960718 0.040692
-0.08896469999999999 0.12756 0.0450082
-0.08628669999999999 0.127778 0.0484152
-0.0868251 0.119569 0.0481406
-0.0690075 0.0426547 0.00174425
-0.0690122 0.0427885 0.00421749
-0.0690323 0.0427133 0.00739115
-0.0678614 0.042287 0.00944731
-0.0662582 0.0430292 0.0102479
-0.06504600000000001 0.0423247 0.012291
-0.0630005 0.0427497 0.0133004
-0.0598734 0.0426229 0.015596
-0.0574591 0.0433407 0.0163771
-0.0871504 0.0899379 0.0250544
-0.0770849 0.165788 -0.0250512
-0.0863078 0.087078 0.0247784
-0.0627566 0.0450753 0.0367792
-0.0623831 0.0445666 0.0391947
-0.0609559 0.0456652 0.0399912
-0.0598772 0.0450537 0.0423135
-0.0831619 0.0864316 0.0303856
-0.0820543 0.0865028 0.0321022
-0.089061 0.148047 0.0275722
-0.0317074 0.0436869 0.0496355
-0.0833507 0.0930656 0.0308868
-0.0217303 0.08964469999999999 0.0538218
-0.0512475 0.16306 0.00451049
-0.0846687 0.12484 0.0495091
-0.0865504 0.125036 0.0480742
-0.0238161 0.07825600000000001 0.0534268
-0.0805753 0.09265180000000001 0.0339493
-0.0866286 0.122355 0.0482714
-0.0811953 0.0806234 0.0310432
-0.0819536 0.0835486 0.0316113
-0.0779381 0.0866928 0.0371403
-0.0902599 0.127774 0.0428903
-0.028799 0.0813965 0.0455977
-0.025949 0.09269810000000001 0.046184
-0.0894045 0.130454 0.0426468
-0.06415029999999999 0.0436305 0.0113748
-0.060858 0.0435788 0.0137284
-0.09003360000000001 0.122373 0.045558
-0.0140141 0.09977850000000001 0.0451436
-0.090249 0.11582 0.0430847
-0.0828136 0.10108 0.0300436
-0.0832705 0.080944 0.0276759
-0.072065 0.148536 -0.0335698
-0.0885025 0.144515 0.032494
-0.0510809 0.153884 -0.00454327
-0.08275830000000001 0.0839536 0.0305209
-0.0361243 0.045258 0.0424004
-0.0338066 0.0452801 0.045314
-0.032486 0.0449059 0.0475402
-0.0221676 0.0926384 0.0513561
-0.0834704 0.10395 0.0280239
-0.0845172 0.0864447 0.0277751
-0.0842145 0.137549 0.046071
-0.0622417 0.121391 -0.008891380000000001
-0.0910213 0.128303 0.0406056
-0.0272621 0.07575369999999999 0.0449579
-0.0845549 0.143348 0.0405921
-0.0863481 0.142397 0.0395767
-0.0874766 0.140235 0.0400428
-0.0834939 0.142477 0.0423838
-0.0246742 0.0925183 0.0482195
-0.06650440000000001 0.0447809 0.00729974
-0.0647841 0.0448471 0.00913709
-0.06282500000000001 0.0451653 0.0100066
-0.0605135 0.0457471 0.0105072
-0.0597918 0.0448142 0.0126306
-0.0572518 0.0455572 0.0131883
-0.0563559 0.0448266 0.0148606
-0.0542031 0.0453859 0.0157327
-0.0885751 0.09005050000000001 0.0220222
-0.08370379999999999 0.122512 0.049285
-0.0258722 0.0801637 0.0514737
-0.0487493 0.166236 0.00143557
-0.0887598 0.142655 0.0341355
-0.0890185 0.145013 0.0304776
-0.060361 0.0470162 0.0364114
-0.0601626 0.0470869 0.0374013
-0.0593516 0.0471429 0.038917
-0.0805833 0.11923 0.0494018
-0.0821894 0.0919117 0.0320576
-0.022607 0.0802928 0.0552627
-0.0273386 0.08705889999999999 0.0482028
-0.0688993 0.104472 -0.0138776
-0.0348123 0.0461091 0.0434698
-0.0318713 0.0461387 0.0461843
-0.0883385 0.122328 0.0471218
-0.088787 0.137019 0.039787
-0.0749688 0.0894418 0.0397371
-0.0875085 0.130448 0.0460092
-0.08059189999999999 0.0892688 0.0340799
-0.0880924 0.125015 0.0467832
-0.0840192 0.0837377 0.027907
-0.08439969999999999 0.140666 0.0433386
-0.0766191 0.168746 -0.0293719
-0.08657819999999999 0.101132 0.024853
-0.0635651 0.0459401 0.007898479999999999
-0.058583 0.0460291 0.0113967
-0.0549542 0.0460822 0.0141362
-0.08379929999999999 0.127847 0.050895
-0.04566 0.16933 -0.00131211
-0.0862414 0.145066 0.036578
-0.0571848 0.0481165 0.0364424
-0.0266101 0.0816407 0.0504635
-0.0877048 0.0929967 0.0248096
-0.07197439999999999 0.0839987 0.0404497
-0.0134268 0.180546 -0.0284679
-0.0846098 0.149977 0.0319954
-0.0209582 0.0804284 0.0561593
-0.0336893 0.0478059 0.042317
-0.0306859 0.0476837 0.0450919
-0.0225647 0.08390400000000001 0.0555325
-0.0915541 0.116981 0.0420374
-0.08341320000000001 0.0896407 0.0303482
-0.0901014 0.11958 0.0454002
-0.08958099999999999 0.124976 0.0454293
-0.0187605 0.09256259999999999 0.0538818
-0.0270745 0.0786757 0.0474776
-0.08379350000000001 0.119022 0.0490593
-0.07773339999999999 0.16616 -0.0277953
-0.0230795 0.0932192 0.0494322
-0.0275943 0.0843194 0.0485336
-0.081471 0.146089 0.0402588
-0.0244554 0.0838647 0.0538947
-0.0808642 0.0865655 0.0337288
-0.0597775 0.047233 0.00760857
-0.0577383 0.0487559 0.007534
-0.0567198 0.048051 0.0100859
-0.0539461 0.0478047 0.0130808
-0.0512121 0.048097 0.01582
-0.0248745 0.105142 -0.0228628
-0.0886426 0.129716 0.0443401
-0.0265532 0.0843969 0.0503515
-0.08986130000000001 0.148719 0.0252404
-0.066049 0.157302 -0.0540816
-0.0262017 0.0878115 0.0498853
-0.087418 0.149564 0.0284682
-0.0868606 0.148599 0.0307554
-0.0801999 0.07854410000000001 0.03043
-0.0308497 0.0493297 0.0429654
-0.0874752 0.145382 0.0339844
-0.0880483 0.145895 0.0319999
-0.02683 0.089783 0.0476151
-0.0258275 0.083773 0.0517413
-0.07693079999999999 0.156763 -0.0105917
-0.0784001 0.115434 0.0495512
-0.0810507 0.143409 0.0434464
-0.0253789 0.0870966 0.0514941
-0.0785149 0.166288 -0.0307347
-0.0224445 0.0958287 0.0458952
-0.0551787 0.0493261 0.0107307
-0.0520902 0.0487164 0.014027
-0.0578199 0.0890566 -0.0212559
-0.08476259999999999 0.0894697 0.0284881
-0.0211759 0.0839056 0.0562735
-0.0600012 0.127459 -0.00766897
-0.0318101 0.0499111 0.0410759
-0.0288967 0.0499669 0.0438168
-0.0738081 0.149856 -0.0338773
-0.07844370000000001 0.0804366 0.0340602
-0.0875273 0.142907 0.0372047
-0.0219925 0.09487420000000001 0.0482972
-0.0543309 0.0518287 0.0105996
-0.053617 0.0500325 0.0119809
-0.0517552 0.0515849 0.0134164
-0.0502388 0.0513365 0.0162317
-0.0729321 0.0867419 0.0406049
-0.0520467 0.051168 0.0308179
-0.0497796 0.0518319 0.0348836
-0.0198978 0.0958743 0.0490076
-0.0187879 0.0951163 0.0514415
-0.09227009999999999 0.122185 0.042511
-0.0308919 0.0511089 0.0394183
-0.0278375 0.0518918 0.0394227
-0.0844897 0.146012 0.0376273
-0.0855166 0.101196 0.0266227
-0.0842975 0.101255 0.0282226
-0.09120060000000001 0.121567 0.0443209
-0.0860258 0.130386 0.0484934
-0.0236685 0.0919017 0.0500491
-0.0726299 0.152041 -0.0396764
-0.0814395 0.101483 0.0312924
-0.0472175 0.168317 -0.0013822
-0.07875500000000001 0.171957 -0.0429502
-0.0825182 0.08166760000000001 0.0298907
-0.0239591 0.0872628 0.0532947
-0.0564805 0.0515052 0.00751661
-0.0513352 0.0541326 0.0308114
-0.0504229 0.0541147 0.0329665
-0.0495158 0.0545196 0.03425
-0.0880256 0.134129 0.0432124
-0.0833586 0.147794 0.0364503
-0.0285281 0.0522637 0.0377683
-0.07293040000000001 0.0921749 0.0411364
-0.0209524 0.09200170000000001 0.0529687
-0.0884192 0.141955 0.0364156
-0.081604 0.107411 0.028908
-0.07125769999999999 0.08696429999999999 0.0415212
-0.0807679 0.104042 0.0309725
-0.06589490000000001 0.110216 -0.0129502
0.0100685 0.0898888 -0.0311088
-0.0287097 0.0842005 0.0461201
-0.0834452 0.13989 0.0448118
-0.0558236 0.0526652 0.00846948
-0.0773194 0.160156 -0.0163994
-0.0722896 0.07785069999999999 0.0377253
-0.0240561 0.0544386 0.0416973
-0.0516676 0.164046 0.0013806
-0.0796592 0.0866309 0.035344
-0.0846988 0.131241 0.0495619
-0.08916499999999999 0.113706 0.0420054
-0.022712 0.0744008 0.0517408
-0.0519102 0.0548815 0.0134406
-0.05079 0.0538955 0.0191257
-0.0514808 0.0540789 0.021691
-0.0520654 0.0542136 0.0247649
-0.0861856 0.147547 0.0334988
-0.0493137 0.0574437 0.0344219
-0.0478165 0.0573448 0.0363003
-0.0464324 0.0573921 0.0377645
-0.0837263 0.124457 -0.00391348
-0.0744744 0.07854849999999999 0.0363453
-0.0834838 0.130453 0.0507844
-0.037803 0.0885803 -0.0235006
-0.0759362 0.08375150000000001 0.0378152
-0.087129 0.0983424 0.0250752
-0.07817689999999999 0.0894669 0.0369989
-0.0515288 0.0559219 0.0167726
-0.0523359 0.0569111 0.0222809
-0.0524611 0.0575035 0.025007
-0.0521096 0.0569449 0.0276351
-0.051373 0.0574923 0.0304637
-0.0504785 0.0578686 0.0325676
-0.0255612 0.0571349 0.039582
-0.0238615 0.0572558 0.0421218
-0.0229967 0.0573217 0.0433915
-0.0215891 0.0574229 0.0455131
-0.0193511 0.0574552 0.0486155
-0.0857319 0.0983005 0.0273934
-0.08466120000000001 0.0989067 0.0286597
-0.08579879999999999 0.132556 0.0477825
-0.0929817 0.130635 0.022094
-0.0833127 0.098493 0.03043
-0.08180220000000001 0.0988957 0.0319216
-0.0831943 0.132626 0.0501472
-0.080542 0.098575 0.0333078
-0.0546305 0.057591 0.019879
-0.053899 0.0578301 0.0211789
-0.053325 0.162407 0.00337989
-0.0748823 0.118641 -0.0074581
-0.0180362 0.0583315 0.0504043
-0.0789257 0.0989821 0.0346951
-0.0775798 0.09865649999999999 0.035992
-0.0117789 0.0582633 0.0533407
-0.0754359 0.09895859999999999 0.0375221
-0.0891994 0.116563 0.045093
-0.0720044 0.149588 -0.039264
-0.0740683 0.0986191 0.0387938
-0.08123859999999999 0.140211 0.0462801
-0.0441551 0.16289 -0.00944481
-0.0690471 0.110572 0.0403173
-0.055281 0.0594285 0.0232183
-0.0542135 0.0598802 0.0249833
-0.0525638 0.0601698 0.0284767
-0.0516269 0.0605218 0.0308045
-0.0504095 0.0606573 0.0331239
-0.0492117 0.0607278 0.034753
-0.0479476 0.0607939 0.0363264
-0.0465877 0.060843 0.0378065
-0.0450131 0.0608599 0.0390913
-0.07702199999999999 0.100802 0.0357959
-0.0254437 0.0599662 0.0400913
-0.023964 0.0600548 0.0421397
-0.023095 0.0601168 0.0433998
-0.0217086 0.060219 0.0455448
-0.0197648 0.0603606 0.0485381
-0.0183181 0.0604564 0.0506182
-0.027852 0.0981482 -0.0238584
-0.08090849999999999 0.124371 -0.00515944
-0.0659093 0.115886 -0.0100143
-0.0746597 0.115831 -0.00658253
-0.0298441 0.0972531 -0.0235715
-0.0664511 0.127503 -0.00887635
-0.0764634 0.157616 -0.009410109999999999
-0.0400683 0.156976 -0.0102622
-0.0396762 0.165921 -0.0121707
-0.03088 0.174793 -0.015779
-0.0545928 0.153854 -0.00240581
-0.0396564 0.162931 -0.0122299
-0.059911 0.110421 -0.0161264
-0.0494316 0.0627899 0.0349186
-0.0467006 0.06290659999999999 0.0378594
-0.0455136 0.06377620000000001 0.0390647
-0.0256566 0.0627799 0.0402178
-0.0241926 0.0628773 0.0422936
-0.0233037 0.062933 0.0435247
-0.0220457 0.0629345 0.0455063
-0.0199557 0.06305470000000001 0.0489325
-0.0185902 0.0632559 0.0508002
-0.0310511 0.09808749999999999 -0.0231147
-0.0653614 0.0953098 -0.0179051
-0.08778759999999999 0.127726 0.0463737
-0.079194 0.0832222 0.0349745
-0.0199176 0.0933655 0.0526148
-0.0748794 0.121569 -0.00771787
-0.0758417 0.114903 -0.00554375
-0.0548931 0.111218 -0.0174922
0.00157696 0.10841 -0.0204088
-0.0426275 0.159908 -0.0102688
-0.015273 0.180843 -0.0271006
-0.053115 0.156824 -0.00331971
-0.0251815 0.17194 -0.0195174
-0.0279116 0.160172 -0.0135834
-0.0619045 0.104018 -0.0180451
-0.0210328 0.0946153 0.0501685
-0.0182825 0.0971707 0.048066
-0.0564906 0.159692 0.00438331
-0.0210373 0.0638432 0.047593
-0.017789 0.0998203 0.0439009
-0.0548611 0.157387 -0.00153723
-0.0165401 0.0997826 0.0440769
-0.0885268 0.13917 0.0389898
-0.0728993 0.0679432 0.0252878
-0.0600239 0.133304 -0.00698426
-0.0883414 0.120307 0.04718
-0.0721907 0.149248 -0.0368574
-0.0635814 0.121883 -0.008788529999999999
-0.076932 0.163144 -0.0196706
-0.0261756 0.06537320000000001 0.0401899
-0.0248153 0.0656148 0.042525
-0.0227591 0.0657456 0.0459943
-0.0213579 0.0660183 0.0485429
-0.0193237 0.0661342 0.0514457
-0.0171808 0.0654583 0.0528522
-0.0689524 0.0697522 0.033311
-0.0767129 0.161805 -0.0163426
-0.0220069 0.177726 -0.0214661
-0.0808649 0.07782260000000001 0.0282147
-0.08624080000000001 0.113571 0.0451413
-0.0599028 0.136466 -0.0064456
-0.0570907 0.110613 -0.0171774
-0.06615600000000001 0.0718482 0.0370673
-0.0592291 0.156682 0.00368263
0.019009 0.0957961 -0.0231144
-0.0189759 0.08951340000000001 -0.0371408
-0.0481158 0.06728919999999999 0.0386772
-0.0238948 0.0665452 0.044713
-0.0518503 0.11059 -0.0182009
-0.0744316 0.149893 -0.0309464
-0.07633189999999999 0.15494 -0.00387485
-0.0162069 0.174938 -0.0250189
-0.0767308 0.154783 -0.00696595
-0.0573737 0.104763 -0.0184964
-0.0548915 0.104816 -0.0189647
0.00414464 0.0919778 -0.0326641
-0.0778705 0.121509 -0.00661064
-0.054012 0.144982 -0.0011487
-0.0688864 0.118709 -0.00862806
-0.07468030000000001 0.106945 -0.009522630000000001
-0.0884823 0.147207 0.0295866
-0.025651 0.0685605 0.0428577
-0.0242822 0.068845 0.0454512
-0.0234564 0.0680424 0.0463484
-0.0224815 0.068756 0.0485718
-0.0211649 0.0693291 0.0510693
-0.0199974 0.0687806 0.0522711
-0.0185371 0.0690332 0.0533914
-0.023276 0.07681739999999999 0.0529315
-0.07382080000000001 0.0921589 -0.0148323
-0.0770314 0.154628 -0.009925170000000001
-0.0239671 0.075324 0.0508435
-0.0540342 0.127424 -0.00547079
-0.07411180000000001 0.0819105 0.0384161
-0.0786275 0.133447 -0.0053427
-0.0801654 0.115796 -0.00373083
-0.0603345 0.118975 -0.0103075
-0.0458703 0.104228 -0.0208405
-0.0480742 0.154654 -0.00636687
-0.0798668 0.12036 0.0500614
-0.077852 0.109095 0.0395144
-0.0429247 0.108029 -0.0195628
-0.0839511 0.127255 -0.00390735
-0.0765081 0.156243 -0.007904120000000001
-0.0727804 0.0887809 0.0411113
-0.0488076 0.0891344 -0.0218114
-0.07577059999999999 0.09008389999999999 -0.0138942
-0.0428677 0.104236 -0.0208467
-0.0398707 0.110621 -0.0185503
-0.0336244 0.104654 -0.0211292
-0.0370708 0.105091 -0.0203392
-0.0358716 0.10426 -0.0206916
-0.0775192 0.0783373 0.0332077
-0.0262837 0.071411 0.0433953
-0.0250718 0.0714195 0.0454274
-0.0240107 0.07186629999999999 0.0477098
-0.0230719 0.07170890000000001 0.0493586
-0.0216694 0.0718017 0.0514856
-0.0201874 0.0711262 0.0528634
-0.0913593 0.126907 0.0414668
-0.0193937 0.174778 -0.0228901
-0.0542359 0.110299 -0.0179612
-0.0558989 0.109796 -0.0177742
-0.0547593 0.0563289 0.0107147
-0.07587339999999999 0.0871681 -0.0138817
-0.0610587 0.139058 -0.00635514
-0.0427651 0.0340336 -0.0251323
-0.0443417 0.035118 -0.0243716
-0.0452146 0.0345416 -0.0222567
-0.0452086 0.0369637 -0.0219357
-0.0461189 0.0365229 -0.0193375
-0.0467553 0.0364523 -0.0169394
-0.0473115 0.0360495 -0.0156047
-0.0482856 0.0367845 -0.0127451
0.00382729 0.106411 -0.0207174
-0.010607 0.0340023 -0.0248362
-0.0133204 0.0964515 -0.031217
0.0042423 0.101276 -0.0220575
-0.07017180000000001 0.0379495 -0.000938798
-0.0925914 0.130358 0.0252452
-0.042275 0.036469 -0.027307
-0.043414 0.0372487 -0.0253064
-0.00748237 0.121162 -0.0124137
-0.0104662 0.0948633 -0.0335631
0.0298941 0.0799174 -0.0208083
-0.0690098 0.0401115 -0.00110354
-0.043816 0.169344 -0.00759637
-0.0458499 0.169275 -0.00417582
-0.09188060000000001 0.130359 0.0282313
-0.0161081 0.122597 -0.00749071
-0.0669559 0.168598 -0.0572266
-0.067702 0.169446 -0.0560134
-0.0685972 0.168736 -0.0540085
-0.07002559999999999 0.168603 -0.0512191
-0.07146429999999999 0.168718 -0.0485204
-0.0726036 0.168569 -0.0462201
-0.060155 0.0393752 0.0215148
-0.0617635 0.0387159 0.0237173
-0.0915377 0.129674 0.0312365
-0.0912678 0.12968 0.0332366
-0.06573089999999999 0.171741 -0.0596636
-0.0693781 0.171552 -0.0540278
-0.0747824 0.171159 -0.0462715
-0.0394708 0.172099 -0.0101161
-0.0743077 0.172875 -0.0485676
-0.0699618 0.174137 -0.054699
-0.0908421 0.130508 0.0344335
-0.0440467 0.0380432 -0.0230799
-0.0450325 0.0399657 -0.0191521
-0.0459697 0.0396694 -0.0162896
-0.0476426 0.0388574 -0.0126509
-0.066945 0.0401272 -0.00482199
-0.0700194 0.0408862 0.0006741540000000001
-0.0907733 0.130377 0.0372304
-0.0772187 0.161085 -0.0279289
-0.0746815 0.160331 -0.0309475
-0.07283530000000001 0.160326 -0.0369348
-0.0707459 0.160523 -0.0452717
-0.064455 0.0404326 0.0271726
-0.07544629999999999 0.165156 -0.0375259
-0.0218314 0.118537 -0.012474
-0.0500656 0.165567 2.77718e-05
-0.0929735 0.131 0.0192305
-0.07724 0.176353 -0.0505619
-0.0728171 0.163121 -0.0399628
-0.0731255 0.151935 -0.0368879
-0.039352 0.0394952 -0.0278531
-0.0420058 0.0398015 -0.0251063
-0.0430538 0.0402655 -0.0229473
-0.0444465 0.0399633 -0.0216307
-0.0465435 0.0405453 -0.0132365
-0.0656722 0.0421053 -0.004041
-0.0666402 0.0426756 -0.00148101
-0.06838959999999999 0.0420777 -0.000309277
-0.0788358 0.152418 0.000907952
-0.0571346 0.157691 0.00111854
-0.0426939 0.113028 -0.0165812
-0.0581051 0.0411154 0.0192079
-0.0584017 0.0411488 0.0207065
-0.0595412 0.0412735 0.0222022
-0.0605427 0.0425565 0.0246975
-0.06272519999999999 0.0416196 0.0257026
-0.06336310000000001 0.0424228 0.0276753
-0.0453931 0.11295 -0.0165012
-0.0393813 0.123943 -0.00906499
-0.0192571 0.0954144 -0.0307862
-0.072435 0.154724 -0.0369038
-0.07717980000000001 0.154854 -0.0128998
-0.08465060000000001 0.131464 -0.00166779
-0.0857603 0.130763 -0.000714461
-0.0405912 0.0404909 -0.0262976
-0.0487827 0.0424676 -0.0109344
0.0220287 0.0954826 -0.0221416
0.00151559 0.12117 -0.0124843
-0.0883635 0.103682 0.0133787
-0.06333560000000001 0.0429108 -0.00473017
-0.0749078 0.152011 -0.0248863
-0.07456690000000001 0.151993 -0.0278852
-0.0566418 0.0423614 0.0187012
-0.0573526 0.0427982 0.0219458
-0.06457930000000001 0.0432759 0.0337012
-0.08071159999999999 0.150574 0.00140035
-0.0332631 0.177035 -0.011981
-0.0909455 0.139234 0.0191854
-0.0679781 0.1718 -0.0563608
-0.0395644 0.0423897 -0.0251115
-0.0422336 0.042673 -0.0221161
-0.043239 0.0429342 -0.0193166
-0.043684 0.0433391 -0.0165653
-0.0446536 0.0423717 -0.0158063
-0.0451277 0.0431029 -0.0132814
-0.046064 0.0431302 -0.0113925
-0.0613393 0.0436898 -0.00485075
-0.0627986 0.0441541 -0.00325511
-0.0633399 0.0448405 -0.00127233
-0.06496979999999999 0.0444252 -0.000282601
-0.06643499999999999 0.0446201 0.00170191
-0.0662364 0.045345 0.00468636
-0.0543756 0.0435501 0.0187022
-0.0551626 0.0436222 0.0211901
-0.0580413 0.0439309 0.024188
-0.0601439 0.0448615 0.0276841
-0.0618962 0.0443648 0.0286813
-0.0629053 0.0444736 0.0306825
-0.0629458 0.0451921 0.0336837
-0.0501032 0.16554 -0.00145795
-0.07469480000000001 0.166028 -0.0398102
-0.0365264 0.0428389 -0.0278538
-0.0382076 0.0431174 -0.0263315
-0.0402206 0.0433137 -0.0233156
-0.0335223 0.113409 -0.0170364
-0.0335868 0.0947341 -0.0236993
-0.0572525 0.046163 -0.00464192
-0.059604 0.0448914 -0.00442642
-0.0604492 0.0461241 -0.00131785
-0.0636485 0.045772 0.00146088
-0.0911932 0.147489 0.0241289
-0.0914286 0.147831 0.0218882
-0.0530349 0.0448324 0.0176964
-0.052143 0.0455591 0.018881
-0.0538114 0.0452458 0.0219294
-0.0549523 0.0460753 0.024427
-0.0569617 0.0452279 0.0251807
-0.0574433 0.0462239 0.0276773
-0.0602288 0.0461455 0.0308782
-0.053325 0.162711 0.0010511
-0.0337844 0.0397051 -0.0300565
-0.036847 0.0453497 -0.0249233
-0.0382462 0.044597 -0.024375
-0.0417116 0.044905 -0.0193253
-0.0421554 0.0454956 -0.0161147
-0.0428244 0.0459546 -0.0134198
0.00454895 0.121869 -0.0124797
0.0132262 0.113426 -0.0170289
0.00145704 0.115809 -0.0182609
-0.0545478 0.0452711 -0.00713895
-0.0586841 0.0466878 -0.00234651
-0.0608729 0.0468794 0.00117374
-0.0620552 0.0470217 0.00467413
-0.0613177 0.0470312 0.00669678
-0.09102250000000001 0.131046 0.0312308
-0.0726458 0.147126 -0.0218625
-0.0732569 0.14715 -0.0193605
-0.0521757 0.0461175 0.0166821
-0.0525215 0.0461684 0.0211745
-0.0558825 0.0465312 0.026676
-0.058163 0.0467738 0.0296766
-0.0600442 0.0469803 0.0336723
-0.0703868 0.160065 -0.0466119
-0.0734581 0.168 -0.0440151
-0.07887909999999999 0.165945 -0.0339607
-0.0428776 0.115753 -0.0154581
-0.040132 0.0463404 -0.0189703
-0.0410165 0.0464519 -0.0164822
-0.0434496 0.0464379 -0.0113351
-0.0368486 0.124487 -0.00684091
-0.0536662 0.0478301 -0.00653129
-0.0549896 0.0486324 -0.00505824
-0.0562341 0.0483043 -0.00371308
-0.0574055 0.0486653 -0.00136781
-0.0583174 0.0487721 0.00164492
-0.0589823 0.048143 0.0041686
-0.0582027 0.0491568 0.00493784
-0.0507232 0.0480934 0.0186566
-0.0518994 0.0482247 0.0216491
-0.0527106 0.0485484 0.0239881
-0.0533387 0.0481495 0.0253258
-0.054045 0.04846 0.0276632
-0.0542862 0.0488418 0.0304114
-0.0564835 0.0480148 0.0311673
-0.0573659 0.0481135 0.0336651
0.0488952 0.062832 -0.0029691
-0.0561588 0.159806 0.0015842
-0.0161904 0.120701 -0.00977802
-0.0131674 0.114379 -0.0171509
-0.0297371 0.179987 -0.0120259
-0.035771 0.0473545 -0.020986
-0.0373927 0.0472915 -0.0189527
-0.0390114 0.0472947 -0.0165183
-0.0415972 0.0475155 -0.0122177
-0.0426365 0.0485738 -0.0111081
-0.0128471 0.10731 -0.0218315
0.0159035 0.113269 -0.0160556
0.019461 0.0924333 -0.0244344
-0.0837987 0.148053 0.00415306
-0.09092500000000001 0.145626 0.0154876
-0.09134970000000001 0.145173 0.0168198
-0.0915815 0.145414 0.0191534
-0.053601 0.0491464 0.0331592
-0.0528781 0.0490838 0.0346622
-0.07498150000000001 0.168682 -0.0430291
-0.07787330000000001 0.172625 -0.046017
-0.0733158 0.165215 -0.0409863
-0.0728554 0.157532 -0.0339171
-0.0188036 0.120768 -0.00982745
0.0182035 0.094386 -0.0239254
0.0186887 0.104555 -0.018969
0.0454156 0.0689761 0.00185111
0.0277454 0.104318 -0.0156199
-0.0335322 0.119551 -0.0106853
-0.0310461 0.047638 -0.0246226
-0.0312659 0.0485696 -0.0223559
-0.0330878 0.0478664 -0.0223076
-0.0339517 0.048379 -0.0193345
-0.0334962 0.0493151 -0.0163422
-0.0366767 0.0482137 -0.0159425
-0.0368448 0.0488256 -0.0131071
-0.0396439 0.0491968 -0.0115109
-0.0102463 0.10963 -0.0213674
-0.0190898 0.115702 -0.0161919
-0.0533573 0.0501903 -0.00624112
-0.0548882 0.051173 -0.00437382
-0.056562 0.0513605 -0.00137867
-0.0574276 0.0514648 0.00163502
-0.0572796 0.0514714 0.00466691
-0.091069 0.142646 0.0151842
-0.0707854 0.157235 -0.0452454
-0.0504417 0.0507309 0.0188387
-0.0514443 0.0509841 0.0216299
-0.0522675 0.0510836 0.0246404
-0.0524603 0.0511181 0.0276491
-0.0823359 0.140394 0.000222625
-0.04134 0.171235 -0.008916139999999999
-0.0726258 0.165778 -0.043188
-0.0781524 0.163302 -0.030746
0.0220916 0.113393 -0.0132103
-0.0289734 0.0495156 -0.0229829
-0.0314453 0.0496351 -0.0193539
-0.0318598 0.0496767 -0.0173511
-0.0340428 0.0498701 -0.0133368
-0.051776 0.0510287 -0.00726254
0.0312981 0.10455 -0.0132936
-0.07191450000000001 0.143018 -0.00987037
-0.07227740000000001 0.141708 -0.007828440000000001
-0.0498947 0.052217 0.0166444
-0.0217365 0.0946659 -0.0309185
-0.00120036 0.125418 -0.00760196
-0.0753162 0.159643 -0.0279424
-0.0731845 0.159637 -0.0344287
-0.06355769999999999 0.171554 -0.061349
-0.0736747 0.166615 -0.0419946
0.0277266 0.11245 -0.009992010000000001
-0.0339658 0.110382 -0.0186075
-0.0273149 0.0511575 -0.0248001
-0.0288544 0.0515245 -0.0223925
-0.0298002 0.0516142 -0.0193608
-0.0306246 0.0517046 -0.0163609
-0.0315578 0.0518111 -0.0133949
0.0341449 0.0953821 -0.0138237
-0.0574577 0.116188 -0.0137889
-0.00746706 0.110344 -0.0216847
-0.0532837 0.0537943 -0.00644657
-0.054814 0.0539638 -0.00438437
-0.0557925 0.0540654 -0.00239858
-0.0564572 0.0541375 -0.0008944410000000001
-0.0569985 0.0542008 0.00162076
-0.0567382 0.0541894 0.00465932
-0.0561149 0.0541391 0.00718156
-0.055504 0.0540938 0.00867881
-0.0520247 0.0538785 0.0276394
-0.08523699999999999 0.147388 0.00618456
-0.0456977 0.116132 -0.0156443
0.0452545 0.0671723 0.000699085
-0.0262156 0.0519422 -0.0264212
-0.0134407 0.110326 -0.0198483
-0.0863699 0.148214 0.00742132
0.0131727 0.09280339999999999 -0.0280089
-0.0517495 0.163378 -0.0019178
-0.0251893 0.178043 -0.01901
-0.0886821 0.136388 0.00720694
-0.021441 0.180745 -0.021481
0.010317 0.116253 -0.0162631
-0.00439721 0.119486 -0.0136442
-0.036867 0.110604 -0.0188047
0.0308199 0.08964229999999999 -0.0195587
-0.0249356 0.0541793 -0.0281816
-0.0273899 0.0541828 -0.025398
-0.0287113 0.0543161 -0.0228925
-0.029615 0.0544068 -0.0213843
-0.0300984 0.0544618 -0.0193814
-0.0305916 0.0545221 -0.0163768
-0.0315767 0.0547599 -0.0135938
-0.054783 0.116761 -0.0142256
-0.0163628 0.110512 -0.0198463
-0.0517803 0.0541103 -0.00773085
-0.0539391 0.0578152 -0.00698481
-0.0551539 0.0567566 -0.00441693
-0.0557658 0.0561367 -0.00241411
-0.0563882 0.0569976 -0.00121639
-0.0571597 0.0569724 0.00159025
-0.0575721 0.0571565 0.00471788
-0.0573344 0.0572317 0.00743391
-0.0558064 0.0562012 0.00862658
-0.0525485 0.055936 0.0131206
-0.0911632 0.132299 0.00922827
-0.0198452 0.180759 -0.0229995
0.019026 0.11614 -0.0131686
-0.0188639 0.110387 -0.0201116
-0.0574302 0.0576564 0.0104672
-0.06921629999999999 0.16026 -0.0514462
-0.09179710000000001 0.132843 0.0222226
-0.07344199999999999 0.155468 -0.028412
-0.06986439999999999 0.160271 -0.0489359
-0.0408947 0.172668 -0.00780492
-0.0916148 0.132405 0.0252283
-0.0749702 0.157557 -0.0249311
-0.01522 0.183001 -0.0269465
-0.0241565 0.057065 -0.030435
-0.0257595 0.0568443 -0.0289089
-0.0267235 0.0571672 -0.027746
-0.0278011 0.0570422 -0.0254064
-0.0289191 0.0571623 -0.0228937
-0.0295154 0.0572167 -0.0214063
-0.0303386 0.0573 -0.0194034
-0.0311664 0.0573904 -0.0163984
-0.0317884 0.0573205 -0.0135923
-0.0555437 0.0592719 -0.00512409
-0.056906 0.0605843 -0.00383484
-0.0574317 0.05973 -0.00163232
-0.058226 0.0591881 0.00119713
-0.0586963 0.0588331 0.00348495
-0.0387514 0.1691 -0.0121782
0.0170191 0.0959494 -0.0234706
-0.0912019 0.132413 0.0272298
-0.06302439999999999 0.136246 -0.00741167
-0.0712164 0.152517 -0.0454987
-0.0230949 0.180987 -0.0196667
-0.0165751 0.183614 -0.0255586
-0.0457015 0.117965 -0.0147783
-0.0219413 0.120828 -0.0098764
0.0270076 0.100021 -0.0178938
-0.0218068 0.110493 -0.0200118
0.015663 0.0915943 -0.0269739
0.0072619 0.0959474 -0.0278467
-0.0428469 0.09852279999999999 -0.0216707
-0.028109 0.163021 -0.0153846
-0.07383770000000001 0.169377 -0.0450494
-0.0526211 0.160466 -0.00279252
-0.08597589999999999 0.150535 0.007882989999999999
-0.0774777 0.15144 -0.00439151
-0.0487009 0.11919 -0.0137827
0.0073938 0.121789 -0.0126555
0.0281287 0.110957 -0.0110901
-0.0251946 0.0595227 -0.0308632
-0.0276207 0.0598346 -0.0279246
-0.0286266 0.0599388 -0.0254146
-0.0292607 0.0593008 -0.0229106
-0.0298492 0.0604197 -0.0221615
-0.0307167 0.06013 -0.0194181
-0.0318514 0.0602671 -0.0164129
-0.03228 0.059616 -0.0144015
-0.033378 0.0600969 -0.013004
0.0286563 0.09876020000000001 -0.0172139
-0.0400582 0.0367853 -0.0284076
-0.00455234 0.11016 -0.0216881
-0.00151509 0.113183 -0.0191235
0.00157106 0.0925588 -0.0330969
0.0155981 0.09528399999999999 -0.0240873
0.0102139 0.0986011 -0.0229021
-0.0661088 0.06272320000000001 -0.00175837
-0.0890526 0.145382 0.0106691
-0.0835695 0.1506 0.00440282
-0.0422553 0.171829 -0.00676985
-0.0715417 0.146703 -0.0245357
-0.0512668 0.118792 -0.0135862
-0.0270301 0.0604609 -0.0294673
0.0224528 0.101664 -0.0199134
-0.0187143 0.107527 -0.0219547
-0.0366383 0.0367003 -0.0299559
-0.00448383 0.113093 -0.0192543
0.0545327 0.06848120000000001 0.00219828
-0.0661726 0.06406820000000001 -0.00392747
-0.0686996 0.0640965 -0.000987106
-0.0691875 0.0636915 0.00129544
-0.0568502 0.154053 -0.000883088
-0.0799435 0.0724812 0.0191514
-0.07189180000000001 0.121611 -0.00845778
-0.0819901 0.133862 -0.00285904
-0.06768440000000001 0.160922 -0.0559942
-0.06703919999999999 0.171333 -0.0577073
-0.07447239999999999 0.154801 -0.0219103
-0.07376679999999999 0.151605 -0.0336366
-0.0421506 0.110097 -0.0185223
-0.0240135 0.0613637 -0.0325884
-0.0260704 0.06321590000000001 -0.0314581
-0.0272767 0.0626229 -0.0299441
-0.0287369 0.06275650000000001 -0.0279401
-0.0291211 0.0621083 -0.0254187
-0.0304226 0.0629368 -0.0224261
-0.0316143 0.0630418 -0.0194389
-0.0323315 0.0624018 -0.0174393
-0.0328732 0.0632987 -0.0162505
-0.0339527 0.062865 -0.0139556
0.0331781 0.103631 -0.0124029
-0.0192796 0.0344429 -0.0276628
0.00485722 0.0992258 -0.023078
-0.0686172 0.066313 -0.00389216
-0.0698117 0.0659806 -0.00220162
-0.071463 0.0666138 -0.000843165
-0.0723853 0.0658485 0.00169126
-0.0768549 0.104142 -0.009215569999999999
-0.0667876 0.146604 -0.0246534
-0.0749875 0.0664743 0.00752336
-0.07477060000000001 0.0661239 0.0102801
0.0220009 0.107296 -0.0159108
-0.0423885 0.124288 -0.009416620000000001
0.0352918 0.108619 -0.00504659
-0.07498489999999999 0.148977 -0.0187223
0.0163703 0.116348 -0.0141833
-0.0733497 0.162427 -0.0374572
0.0164716 0.120071 -0.0109101
-0.0245012 0.0636167 -0.0329654
-0.029676 0.063566 -0.0254257
0.0280862 0.08387169999999999 -0.0218176
0.0375907 0.0937201 -0.0111657
-0.07429620000000001 0.0671875 0.00188126
-0.0748219 0.06693 0.00451345
-0.07330639999999999 0.152649 -0.0343959
-0.07464750000000001 0.149259 -0.0218655
-0.0426417 0.119132 -0.0137683
-0.0241177 0.120704 -0.009725589999999999
-0.0278634 0.0661868 -0.0304811
-0.0291848 0.06490070000000001 -0.0284708
-0.0298968 0.06590840000000001 -0.0277986
-0.0306317 0.0657524 -0.025453
-0.0312488 0.0658294 -0.0224375
-0.0320211 0.06566619999999999 -0.0201092
-0.0327326 0.06619 -0.0187911
-0.033939 0.06596929999999999 -0.0163675
0.01322 0.103104 -0.0211757
0.0158775 0.10314 -0.0212135
-0.0694008 0.0682743 -0.00534921
-0.07176109999999999 0.0693578 -0.00434053
-0.0722679 0.06849139999999999 -0.00201899
-0.0744942 0.06973260000000001 -0.00124481
-0.07560210000000001 0.0693974 0.00133662
-0.0759986 0.0686123 0.00401123
-0.0772742 0.0699917 0.00477068
-0.07797809999999999 0.06969640000000001 0.0077373
-0.0517428 0.113396 -0.0167359
-0.0599703 0.120864 -0.009205349999999999
-0.070964 0.169422 -0.0500317
0.0189522 0.08662690000000001 -0.0271494
-0.0439439 0.166904 -0.008817220000000001
-0.0181263 0.183709 -0.0240421
-0.0366174 0.117085 -0.0138631
-0.0248951 0.0662814 -0.0339303
0.0342288 0.110611 -0.00478417
-0.0766992 0.07027949999999999 0.00252119
-0.0795217 0.0705829 0.009546249999999999
-0.0809301 0.07223690000000001 0.0106672
-0.08064399999999999 0.07227310000000001 0.0163952
-0.0913413 0.148143 0.0161458
-0.0915622 0.148158 0.0191392
-0.0776927 0.169444 -0.0419634
-0.0103693 0.12224 -0.010512
-0.00171665 0.115013 -0.0178829
-0.0760629 0.154098 -0.0164039
-0.0631372 0.113115 -0.0133328
-0.0194081 0.184046 -0.0224092
0.0222801 0.121656 -0.00411948
-0.0269668 0.06747010000000001 -0.0325423
-0.0290918 0.0691142 -0.0307351
-0.0303031 0.0685361 -0.0279616
-0.0312313 0.0686281 -0.0254581
-0.0319989 0.0683573 -0.0227004
-0.0332672 0.06881230000000001 -0.0194724
-0.0345012 0.0686455 -0.0173541
0.0179164 0.102978 -0.02104
-0.0423512 0.122858 -0.0109165
-0.0571979 0.0367427 -0.0103963
0.00691435 0.0897897 -0.0327326
-0.0251384 0.0959301 -0.0251593
-0.0725928 0.0714349 -0.00720264
-0.0753959 0.0714442 -0.00453758
-0.0777912 0.07241930000000001 -0.00146733
-0.0781351 0.07211529999999999 0.00127652
-0.0790435 0.0718734 0.00353541
-0.0804832 0.07264619999999999 0.00472466
-0.08096680000000001 0.0725001 0.00754743
-0.09084830000000001 0.148874 0.0226362
-0.0761969 0.167972 -0.0410261
-0.0102082 0.118013 -0.0150404
-0.0544564 0.118925 -0.0126781
-0.0255627 0.0687861 -0.0348428
-0.027685 0.0698179 -0.0333145
-0.0297516 0.06987839999999999 -0.0299738
-0.0325749 0.0694668 -0.0219566
-0.0253071 0.11053 -0.0192816
0.016195 0.124704 -0.00439819
0.0185496 0.123798 -0.00409204
-0.0745721 0.072883 -0.00757069
-0.0773689 0.07293040000000001 -0.00458701
-0.0798605 0.07325619999999999 0.00201115
-0.0574534 0.0687556 0.0376372
-0.09128310000000001 0.133698 0.0142161
-0.0914846 0.133717 0.0162152
-0.0470974 0.168427 -0.00297818
-0.0914512 0.133736 0.019216
-0.07507460000000001 0.154438 -0.0191633
-0.0762912 0.162417 -0.0319674
-0.0573735 0.120906 -0.009660520000000001
-0.0305979 0.072447 -0.0303716
-0.0315719 0.0714504 -0.02749
-0.0320876 0.07081030000000001 -0.0249672
-0.0331972 0.0716268 -0.0224679
-0.0342765 0.0716191 -0.0197741
-0.00404633 0.0928967 -0.034501
0.0281705 0.0865669 -0.021628
-0.0487148 0.110636 -0.0181367
0.019848 0.122749 -0.0046382
0.00434905 0.0973242 -0.0270626
-0.017311 0.117579 -0.0145168
-0.07573489999999999 0.0743231 -0.00777881
-0.0770604 0.07539369999999999 -0.00714255
-0.0784749 0.0748827 -0.00523624
-0.07975930000000001 0.0754835 -0.00385809
-0.0803214 0.0753423 -0.00148621
-0.081284 0.0752958 0.0013188
-0.082234 0.0748258 0.00451862
-0.0830304 0.07559780000000001 0.00752396
-0.0821317 0.0748428 0.0105304
-0.0820055 0.07487829999999999 0.0135291
-0.0817025 0.0748331 0.0165366
-0.08135009999999999 0.07509879999999999 0.0194081
-0.0167362 0.177884 -0.0254808
0.0217227 0.10514 -0.0173485
-0.0281901 0.0722585 -0.0340943
-0.0326499 0.072273 -0.0249702
-0.0282159 0.11543 -0.0151727
0.0174482 0.09092699999999999 -0.0262636
0.00440895 0.116127 -0.0181159
0.00733767 0.115149 -0.018067
-0.00117814 0.10167 -0.0228791
0.00116632 0.0975895 -0.0278414
-0.0826703 0.07621020000000001 0.00250991
-0.0833026 0.0762799 0.0045111
-0.0829853 0.0762741 0.0105224
-0.0828053 0.07629039999999999 0.0135219
-0.0830115 0.07633470000000001 0.0164838
-0.08272119999999999 0.07632170000000001 0.0183925
-0.082731 0.145033 0.00184346
-0.00124181 0.09966270000000001 -0.0243329
0.00149735 0.125661 -0.00731943
-0.0297859 0.073336 -0.0325546
-0.0320334 0.07405689999999999 -0.0281833
-0.0330528 0.0746328 -0.0268318
-0.0335894 0.0744552 -0.0249872
-0.0341407 0.0745203 -0.0224832
-0.0349787 0.074568 -0.0205345
0.0220069 0.08996129999999999 -0.0242503
0.0193329 0.11372 -0.0145497
-0.077888 0.07781390000000001 -0.00753768
-0.0794073 0.0772395 -0.00557672
-0.0805015 0.07816380000000001 -0.00433353
-0.0816674 0.078017 -0.00169954
-0.0822934 0.07753649999999999 0.000511811
-0.0831925 0.07842590000000001 0.00171342
-0.0842889 0.0783855 0.00451455
-0.0847299 0.0781034 0.00726296
-0.0844337 0.07778649999999999 0.0105159
-0.0843116 0.0775402 0.0163965
-0.08321149999999999 0.0783441 0.0220236
-0.0820367 0.077054 0.0229292
-0.0708338 0.143978 -0.0149516
-0.0387236 0.174145 -0.00898261
0.00718918 0.113366 -0.0191429
-0.0546152 0.113465 -0.0162852
-0.0290223 0.0754174 -0.0346681
-0.030463 0.0755576 -0.0330608
-0.031748 0.0756646 -0.0305302
-0.0455367 0.111119 -0.017572
-0.0162638 0.114527 -0.0173002
-0.07264230000000001 0.07821649999999999 -0.0134629
-0.0750557 0.0779251 -0.0103224
-0.0334887 0.0471143 -0.0243565
-0.08241179999999999 0.0788951 -0.000494108
-0.08545990000000001 0.07916380000000001 0.008007530000000001
-0.0855279 0.0792001 0.0105104
-0.0857009 0.0792229 0.0135089
-0.0856494 0.0792399 0.0165038
-0.0828 0.0790375 0.0250147
-0.0824939 0.0789531 0.0266426
-0.0220362 0.09275940000000001 -0.0340878
-0.0673281 0.173811 -0.0581411
-0.0221353 0.0965839 -0.0254022
0.01667 0.110511 -0.0167673
-0.0332156 0.077942 -0.0275156
-0.0341728 0.0773253 -0.0250013
-0.0346182 0.0773739 -0.0224978
-0.0348898 0.0767003 -0.020496
-0.0199452 0.114584 -0.0173446
0.0151345 0.115323 -0.0152753
0.0100957 0.11284 -0.0185821
-0.07308480000000001 0.0801577 -0.0140807
-0.074349 0.08119419999999999 -0.013401
-0.07534879999999999 0.0800746 -0.0112761
-0.0074768 0.119675 -0.013833
-0.07856340000000001 0.0803309 -0.00825773
-0.0797566 0.08090650000000001 -0.0068755
-0.0811436 0.08062800000000001 -0.00475203
-0.0821322 0.08018169999999999 -0.00203119
-0.0830089 0.0812938 -0.0012611
-0.08363080000000001 0.0810241 0.00149751
-0.0848511 0.0811211 0.00449788
-0.0859844 0.0812208 0.0074964
-0.0863606 0.0812809 0.0105047
-0.0866043 0.0813062 0.0134975
-0.0864171 0.08131240000000001 0.0164905
-0.0858351 0.08142439999999999 0.0192811
-0.0852141 0.08059230000000001 0.0204766
-0.0843433 0.08118889999999999 0.0224907
-0.0840106 0.08116909999999999 0.0249985
-0.07477209999999999 0.141741 -0.00658878
-0.0760248 0.14237 -0.00578337
-0.07679279999999999 0.155536 -0.0184062
-0.0766812 0.152804 -0.009388779999999999
-0.0879643 0.115809 0.00328051
-0.028968 0.07750460000000001 -0.0349303
-0.0305962 0.0785521 -0.0333645
-0.0320455 0.0787684 -0.0312107
-0.0324604 0.0783374 -0.0298775
-0.062019 0.17397 -0.0618399
0.0215207 0.103757 -0.0186704
-0.0772906 0.08092539999999999 -0.009960760000000001
-0.08236540000000001 0.0815422 -0.00354068
-0.0754322 0.152041 -0.0188917
0.00421778 0.113749 -0.0195865
-0.0513062 0.115809 -0.0154649
0.0545549 0.0661692 0.000765649
-0.0275174 0.0778195 -0.0360534
-0.03426 0.0808504 -0.024553
-0.036277 0.080666 -0.0217934
0.00436595 0.09522799999999999 -0.0305032
-0.0416312 0.117641 -0.0144485
-0.0755948 0.0839925 -0.0135764
-0.0779773 0.083533 -0.0107326
-0.0802688 0.0834145 -0.00756925
-0.0819453 0.0835475 -0.00556184
-0.0832413 0.0836356 -0.00406107
-0.0845969 0.08377850000000001 -0.00151523
-0.0849182 0.0831554 0.00149181
-0.0863415 0.0839313 0.00448678
-0.0865983 0.0839625 0.00748357
-0.0867512 0.0839961 0.010486
-0.0868429 0.0840249 0.0134805
-0.0866995 0.0840137 0.0164805
-0.0863848 0.0840074 0.019479
-0.0859135 0.0843455 0.0222164
-0.0848906 0.0832425 0.0229874
-0.0847764 0.0839047 0.0249941
-0.0367712 0.151353 -0.00442823
-0.0754248 0.15205 -0.0158941
-0.07050960000000001 0.1624 -0.046948
-0.0277166 0.0806221 -0.0363044
-0.0293489 0.0811404 -0.0346114
-0.0304695 0.0812358 -0.0330753
-0.0317492 0.0813434 -0.0310493
-0.0325936 0.0814126 -0.0295379
-0.0330977 0.0814588 -0.0275228
-0.039662 0.117344 -0.0141309
-0.033568 0.117851 -0.0126676
-0.0308861 0.117934 -0.0127688
-0.0860469 0.08456959999999999 0.00148452
-0.08540300000000001 0.141865 0.00516647
-0.0888439 0.150092 0.0112242
-0.08464960000000001 0.129332 -0.00265191
-0.0888868 0.15023 0.0246079
-0.0187203 0.186235 -0.021461
0.0131083 0.0956627 -0.0250337
-0.07685989999999999 0.08521860000000001 -0.0125783
-0.0785618 0.0871601 -0.0107313
-0.0795339 0.08609550000000001 -0.00955428
-0.08074580000000001 0.08668869999999999 -0.00769617
-0.0834541 0.0863749 -0.00454653
-0.08502999999999999 0.0862704 -0.00219764
-0.08561009999999999 0.0867662 -0.000855681
-0.08670890000000001 0.0866246 0.00147805
-0.0877937 0.08658299999999999 0.00427631
-0.08785569999999999 0.08609600000000001 0.00747926
-0.08806650000000001 0.0861247 0.0104762
-0.087824 0.0861055 0.0134688
-0.08767129999999999 0.0861068 0.0164696
-0.0877045 0.086462 0.0197136
-0.08720070000000001 0.0867863 0.0224519
-0.08790149999999999 0.148743 0.00925863
-0.0846093 0.137167 0.000653902
-0.0275359 0.083886 -0.0361409
-0.0290485 0.0839575 -0.0346197
-0.0298861 0.08402759999999999 -0.0330919
-0.0312615 0.084137 -0.0305636
-0.0327876 0.0841224 -0.0273459
-0.0341737 0.0842586 -0.0247638
-0.077103 0.08728669999999999 -0.0125882
-0.0883598 0.0874311 0.00547496
-0.0884288 0.08746329999999999 0.00747861
-0.0887954 0.0874842 0.0104685
-0.0886759 0.0874979 0.0134625
-0.088532 0.08750520000000001 0.0164634
-0.0884595 0.0875285 0.0189567
0.0143403 0.11733 -0.0144441
-0.07555439999999999 0.156868 -0.0224336
-0.0320496 0.0849187 -0.0285721
-0.0353285 0.08514330000000001 -0.0237512
-0.00127063 0.122384 -0.01076
-0.0811192 0.0898528 -0.007834020000000001
-0.0840323 0.08962249999999999 -0.00469628
-0.0850723 0.0892294 -0.00255645
-0.08553139999999999 0.0896484 -0.00134323
-0.08662400000000001 0.0893055 0.00147873
-0.0878506 0.08939759999999999 0.00397084
-0.0883573 0.0894298 0.00547217
-0.0887749 0.0894722 0.00746613
-0.089282 0.08952450000000001 0.0104608
-0.08938790000000001 0.08954959999999999 0.0134534
-0.0893835 0.08956260000000001 0.0164518
-0.0891269 0.0895676 0.019446
-0.08792560000000001 0.08886139999999999 0.0229247
-0.06342009999999999 0.0364511 -0.008108550000000001
-0.0270849 0.0863115 -0.0357337
-0.0282653 0.0870973 -0.0340135
-0.0295614 0.08613990000000001 -0.0326125
-0.0302385 0.0868978 -0.030574
-0.0314286 0.08698889999999999 -0.0275564
-0.0338557 0.0869127 -0.0249738
-0.0512932 0.034227 -0.0129013
-0.0771908 0.09001969999999999 -0.0125626
-0.0784721 0.0899654 -0.0107901
-0.08269360000000001 0.0903634 -0.00660783
-0.0608195 0.113989 -0.0139461
-0.0851037 0.143224 0.00618561
0.0163586 0.122563 -0.00776648
-0.0794305 0.0908376 -0.00963692
0.0266901 0.106496 -0.0148024
-0.0156212 0.0948547 -0.0330779
-0.0888241 0.114444 0.00524771
-0.0850366 0.134888 0.000298852
-0.0296007 0.0890179 -0.03009
0.000667919 0.117045 -0.0170822
-0.085242 0.115675 0.000251725
-0.00456317 0.0981279 -0.0281946
-0.0247979 0.118432 -0.0125427
-0.0280967 0.119483 -0.0106843
0.00477446 0.0963981 -0.028576
0.0239365 0.09724679999999999 -0.020928
-0.0308052 0.115554 -0.0152949
0.0246367 0.0955043 -0.0211109
0.0261177 0.0957981 -0.0204126
0.0456299 0.06314790000000001 -0.00228732
0.0281593 0.0956231 -0.0192191
-0.0249964 0.117055 -0.0138984
-0.0131971 0.097636 -0.0284704
-0.010536 0.0921799 -0.0358268
-0.036657 0.113474 -0.0170902
-0.0309788 0.0453271 -0.0276759
0.0549461 0.0697415 0.0036176
-0.00435565 0.116064 -0.0164193
-0.00344803 0.111769 -0.0204187
0.0160137 0.100985 -0.0222992
-0.0192298 0.113129 -0.0186166
0.00428254 0.125334 -0.00820909
0.0157344 0.121419 -0.009858489999999999
0.0413142 0.0637288 -0.00386959
0.0103133 0.09655039999999999 -0.0254288
-0.0213327 0.108889 -0.0213222
0.0242806 0.112494 -0.0122376
0.0304971 0.0944759 -0.0179996
0.0317623 0.0938577 -0.0173357
0.0338511 0.0927423 -0.0161511
-0.0266096 0.0402845 -0.0293294
0.00710231 0.11087 -0.0198932
-0.00748035 0.116335 -0.0160652
0.0133165 0.100881 -0.0225213
0.0193845 0.110287 -0.0158586
0.010613 0.119809 -0.0141075
0.0517175 0.0673381 0.000536829
0.012012 0.112444 -0.0181757
0.0340972 0.107827 -0.007871660000000001
0.00182813 0.0995152 -0.0233923
-0.035551 0.0451135 -0.0264751
-0.0455639 0.11975 -0.0136479
0.0351408 0.0931106 -0.0145377
0.0359154 0.09158239999999999 -0.0149202
0.0374285 0.0898615 -0.0141015
-0.0600583 0.116165 -0.012716
0.016278 0.118469 -0.0126779
0.0304226 0.110077 -0.0100705
-0.0312476 0.0366812 -0.0304168
0.051413 0.0599681 -0.00375832
-0.00127953 0.123864 -0.00935242
-0.0602735 0.0369074 -0.00920616
-0.00545884 0.111961 -0.020621
-0.0162101 0.116161 -0.0160297
-0.057398 0.119372 -0.0110808
-0.0488364 0.0401065 -0.0115878
0.0136205 0.119401 -0.0132498
0.00171218 0.0953852 -0.0310187
-0.0188608 0.100918 -0.0239448
0.0221707 0.0842084 -0.02601
-0.0573932 0.117846 -0.0125066
0.0249933 0.0812673 -0.0247014
-0.0332002 0.115277 -0.0154894
0.05394 0.06321880000000001 -0.000940854
0.00759225 0.09285409999999999 -0.0309237
-0.028331 0.113195 -0.0168228
-0.0337818 0.044976 -0.0273483
0.0257033 0.063636 -0.022904
-0.033805 0.0433553 -0.0288097
0.0463209 0.0721981 0.00422749
-0.0159505 0.0895582 -0.0374252
-0.0128711 0.086233 -0.0386234
0.0480944 0.0713414 0.00496633
-0.00703256 0.111972 -0.0206298
-0.00722838 0.114587 -0.017403
-0.00780844 0.113104 -0.0192521
0.0251186 0.110206 -0.0130335
-0.0100127 0.08716740000000001 -0.037495
-0.0545604 0.123273 -0.008175719999999999
-0.045746 0.109849 -0.0182638
-0.0281826 0.117029 -0.0138486
0.0243874 0.0627545 -0.0241012
-0.0294819 0.177436 -0.0155859
0.0485161 0.0672553 0.000605713
-0.0164814 0.0371232 -0.027031
-0.00427319 0.101332 -0.0231451
0.0189935 0.0842828 -0.0276686
-0.0310373 0.0345845 -0.0301926
-0.00441993 0.11795 -0.0150029
-0.00756374 0.118003 -0.0150483
-0.026713 0.177672 -0.0179268
-0.0280322 0.158454 -0.0120702
-0.00749554 0.096499 -0.0312258
-0.0277805 0.0337088 -0.0272994
0.0130545 0.124323 -0.00698613
0.0102726 0.0949866 -0.0275709
0.0331668 0.112618 -0.00400559
-0.00741071 0.0984539 -0.0276245
-0.004341 0.122591 -0.0109633
-0.0102489 0.120921 -0.0121281
-0.0366172 0.118594 -0.0124402
0.00754415 0.0993116 -0.0224962
0.027845 0.109665 -0.012203
0.004608 0.120217 -0.0140064
-0.010184 0.0982156 -0.0278172
-0.012947 0.117871 -0.0148647
-0.01904 0.117291 -0.0141949
-0.0343523 0.17233 -0.014332
-0.0287025 0.175391 -0.0171838
-0.0399162 0.113297 -0.0168866
-0.0218316 0.117013 -0.0138723
-0.0132587 0.183503 -0.0277904
0.0367379 0.09259920000000001 -0.0129888
0.0352506 0.101471 -0.011425
-0.0161932 0.097424 -0.0272633
-0.0131799 0.10141 -0.0239122
0.0132902 0.116071 -0.0156507
-0.0310662 0.0435836 -0.0290253
-0.062358 0.172308 -0.0618736
-0.059948 0.0427531 -0.00670407
-0.0131477 0.08968230000000001 -0.0373075
-0.0104794 0.11297 -0.0186654
0.019367 0.0896938 -0.0257821
-0.0251766 0.113163 -0.0167995
-0.0565521 0.0448165 -0.00648016
0.0103429 0.121528 -0.0124672
-0.0588974 0.156171 0.00210438
-0.0443401 0.165242 -0.00899201
-0.021987 0.112509 -0.0183375
0.0362338 0.101468 -0.0102226
0.009788140000000001 0.123714 -0.00930108
0.0332909 0.106859 -0.00985076
-0.0282877 0.0343949 -0.0297538
-0.021916 0.0955382 -0.0285244
0.0233517 0.120203 -0.00555174
0.0212136 0.109719 -0.015254
-0.0102797 0.101157 -0.0241457
-0.022037 0.0983383 -0.0242411
-0.0634411 0.153757 0.00175379
-0.0603191 0.154088 0.00146985
-0.0493777 0.160927 -0.00574679
0.0137245 0.123119 -0.008684330000000001
-0.0193328 0.0979251 -0.024792
-0.0546842 0.0368403 -0.0112656
-0.0158488 0.098675 -0.0248159
-0.0133083 0.0988812 -0.0251777
0.00680575 0.100929 -0.0215915
0.030206 0.10688 -0.0124149
0.0197946 0.08721710000000001 -0.0264236
0.0147067 0.111012 -0.0176211
-0.0191996 0.0367938 -0.0277852
-0.0132965 0.11262 -0.0182834
-0.050989 0.121022 -0.0119137
-0.0104803 0.0991929 -0.0250861
-0.00723382 0.0994337 -0.0253149
-0.0602542 0.034165 -0.00952858
-0.0624841 0.0338366 -0.009395789999999999
-0.0163041 0.112938 -0.0186156
-0.015069 0.117815 -0.0147928
-0.0643335 0.153058 -0.000307605
-0.0629648 0.152633 0.00010205
-0.0609453 0.152403 0.000307176
-0.0604559 0.151317 -0.000525376
0.024214 0.0886001 -0.0237969
0.0251133 0.104394 -0.0168095
0.0236373 0.103743 -0.0178545
-0.0483925 0.115646 -0.0155283
0.0481215 0.0636507 -0.00229096
-0.0488439 0.09851559999999999 -0.0220079
-0.0312178 0.042174 -0.0297149
-0.0288804 0.0421923 -0.029545
0.00130597 0.113867 -0.0194884
0.0153998 0.109294 -0.0177665
0.0275472 0.09802379999999999 -0.0185603
-0.0222703 0.114198 -0.0169125
-0.025049 0.0369858 -0.02909
0.00110105 0.0986523 -0.0255049
0.0130764 0.09827429999999999 -0.0231036
-0.00623267 0.10133 -0.0233757
0.00405209 0.0982277 -0.0250268
-0.0369515 0.0403717 -0.0289461
-0.033944 0.041972 -0.0295009
-0.0395832 0.0479499 -0.0133498
-0.0308412 0.113461 -0.0171009
0.0293649 0.105089 -0.0143254
-0.0099661 0.114433 -0.0172234
0.00702627 0.09784180000000001 -0.0246055
0.0101651 0.114466 -0.0173409
-0.0550298 0.120325 -0.0111192
-0.0602777 0.148583 -0.00178541
-0.0573707 0.148264 -0.00162685
0.0331744 0.0899334 -0.0181959
-0.0131318 0.09227340000000001 -0.0359386
0.021146 0.101059 -0.0209832
-0.0310594 0.0467488 -0.0260193
-0.06285789999999999 0.06798949999999999 0.0349492
-0.0158619 0.124722 -0.00461605
0.009319529999999999 0.0976576 -0.0240754
0.0224462 0.110738 -0.014152
0.021782 0.115316 -0.0122835
0.0319974 0.110785 -0.00806229
-0.0105406 0.0369752 -0.0256852
-0.0624071 0.149633 -0.00268499
-0.0124633 0.103569 -0.0236917
-0.00720561 0.124494 -0.00947859
-0.0434138 0.111151 -0.0176174
-0.0570886 0.11344 -0.0157013
-0.0274503 0.0431058 -0.0290705
0.00549299 0.117639 -0.0167508
0.0072481 0.123923 -0.00951157
-0.0549903 0.0431568 -0.008343980000000001
-0.0285619 0.108073 -0.0204718
-0.0575163 0.0391437 -0.00947428
0.0124864 0.11785 -0.0149995
-0.0193114 0.124247 -0.00449387
-0.0616421 0.147655 -0.00355786
0.0514748 0.0632282 -0.00234223
-0.0220029 0.115696 -0.0152869
0.0326274 0.0949665 -0.0155079
-0.0136945 0.120426 -0.0115431
-0.060578 0.0399263 -0.008130170000000001
0.008244349999999999 0.0966482 -0.0263491
-0.0188921 0.096537 -0.0278536
-0.0573029 0.0422607 -0.007991109999999999
-0.0634517 0.0339153 -0.00732067
0.0286814 0.09305380000000001 -0.0198381
-0.0596668 0.145872 -0.00255889
0.0347324 0.08822629999999999 -0.0174421
0.0307578 0.092446 -0.0188519
-0.0545502 0.0420016 -0.00927101
0.0325469 0.09229270000000001 -0.0176842
-0.0278012 0.0455621 -0.0276405
-0.0104995 0.111435 -0.0200405
0.022423 0.0601067 -0.0258725
0.0346878 0.09025130000000001 -0.0168647
-0.0614235 0.172219 -0.0618413
-0.0179257 0.0971306 -0.0269629
0.0334986 0.08690009999999999 -0.0185225
-0.0487316 0.121279 -0.012216
-0.0515172 0.0392668 -0.01138
0.0426877 0.0578122 -0.00520494
-0.0594754 0.144099 -0.00268098
-0.0573091 0.142935 -0.00238335
0.0438775 0.06952 0.000229591
0.0357165 0.104008 -0.009459260000000001
0.00144799 0.118265 -0.0158922
-0.0104004 0.1035 -0.0236521
-0.0522647 0.117566 -0.0142997
-0.010486 0.0840003 -0.0384151
-0.0470116 0.0710509 0.0409961
-0.0455135 0.124388 -0.00950118
-0.0159217 0.0969656 -0.0287806
-0.009815920000000001 0.123797 -0.009188740000000001
-0.0119418 0.120727 -0.011899
0.00810893 0.120581 -0.0139293
-0.0633879 0.0413694 -0.00636221
0.00154225 0.101193 -0.0226437
0.0105683 0.0365635 -0.0225993
-0.036544 0.12025 -0.0111793
0.00703609 0.0944096 -0.0299572
0.0213104 0.092205 -0.0236008
-0.0483592 0.0337588 -0.0130657
-0.0583841 0.141913 -0.00360341
-0.0542342 0.141971 -0.00133083
0.0341038 0.104849 -0.0106995
0.0198288 0.120602 -0.007973010000000001
-0.0119956 0.08822969999999999 -0.0377812
-0.00965562 0.0837734 -0.0381535
-0.0487882 0.124175 -0.009238649999999999
-0.00738299 0.09316969999999999 -0.0348088
-0.0104806 0.0933133 -0.03498
-0.0136328 0.0933577 -0.0350454
-0.01638 0.0936307 -0.0343372
-0.0158148 0.09217259999999999 -0.0358504
-0.0398108 0.0340349 -0.0280762
-0.0360543 0.0398378 -0.0294769
0.0149805 0.123948 -0.0065871
0.00137461 0.123915 -0.009422989999999999
0.0041359 0.124064 -0.00963498
0.0516045 0.0711275 0.00466131
0.0546188 0.07087069999999999 0.0049515
-0.0571906 0.139989 -0.00419324
-0.054299 0.139698 -0.00169683
-0.018681 0.0947769 -0.0325164
-0.0109983 0.08616649999999999 -0.0383771
0.0261765 0.0866555 -0.0230001
-0.034164 0.0464839 -0.0250956
0.028158 0.0781922 -0.0225366
0.0253434 0.07843990000000001 -0.0246537
0.0484609 0.0602445 -0.00432281
0.0557083 0.0616421 0.000366134
-0.000679946 0.0902221 -0.0347392
-0.00714904 0.0976336 -0.029425
0.0163097 0.086886 -0.0289011
-0.0597572 0.140128 -0.00537169
-0.0536821 0.137284 -0.00174574
-0.0247836 0.100767 -0.0238832
-0.0221237 0.100791 -0.0240151
-0.0471444 0.131815 0.00391332
-0.0221021 0.0348859 -0.0280913
0.0247501 0.0865032 -0.0239184
0.042606 0.0599968 -0.00399459
0.0459621 0.0601658 -0.00430819
0.00773221 0.090624 -0.0320591
-0.0280966 0.0403938 -0.0295336
-0.0238738 0.0893103 -0.0360052
-0.0220567 0.0897215 -0.0363928
0.0151838 0.08708970000000001 -0.0295034
-0.0546383 0.0338292 -0.0105908
0.0197485 0.105413 -0.017636
-0.0552372 0.136765 -0.0034806
-0.0512963 0.133975 -0.0015963
-0.0480973 0.131151 0.00113626
0.0279827 0.0810338 -0.0222326
-0.0544089 0.0393733 -0.0106121
-0.0515067 0.03646 -0.012087
-0.0270641 0.0376545 -0.0293745
0.0224755 0.0627175 -0.0256217
-0.00118164 0.0949286 -0.0325744
0.0100024 0.09220150000000001 -0.0301553
-0.0110742 0.123419 -0.00875247
0.0394868 0.0572377 -0.00536556
-0.0202736 0.0966137 -0.0264451
-0.0531399 0.13506 -0.0028018
-0.04996 0.133052 -0.000571002
-0.00543271 0.0918052 -0.0353894
0.01215 0.09199739999999999 -0.0294248
-0.0360893 0.0343702 -0.0306179
0.0452034 0.0578675 -0.00539072
0.00200796 0.09692290000000001 -0.0286407
-0.06291140000000001 0.115341 -0.0117985
-0.0567535 0.134237 -0.00515845
-0.0541958 0.133586 -0.00421895
-0.0523718 0.133555 -0.00317026
-0.0503664 0.131271 -0.00200812
-0.0490698 0.130349 -0.0009899259999999999
0.0264267 0.0824949 -0.0235141
-0.0161167 0.127288 0.00169291
-0.0133234 0.127979 0.00129235
-0.0603548 0.0642722 0.0308011
0.0325508 0.115423 -0.000329209
-0.0519702 0.131029 -0.00365568
-0.0483249 0.128881 -0.00158106
-0.0455215 0.128149 -0.00169823
-0.019451 0.126175 0.00105149
-0.0187722 0.126676 0.00201167
-0.0104842 0.127841 -0.00148399
-0.0074566 0.128562 -0.00130751
-0.00436487 0.128911 -0.00153169
-0.00172499 0.128906 -0.00196544
0.00122931 0.129002 -0.00189516
0.0044465 0.129042 -0.0019993
0.00754605 0.128881 -0.00185849
0.0105212 0.128467 -0.00144177
0.0133731 0.127467 -0.00162791
0.00407755 0.110881 -0.0202673
-0.0347751 0.123588 -0.00668109
-0.0346988 0.120729 -0.0096591
-0.02276 0.093942 -0.0316991
0.0253696 0.108024 -0.0144412
-0.0561607 0.131588 -0.00571429
-0.0544803 0.13087 -0.00518511
-0.0502789 0.129408 -0.00267456
-0.0155312 0.126827 -0.00025822
-0.0132681 0.127114 -0.00143305
0.0162664 0.126778 -0.00063389
0.0190432 0.125016 -0.0013028
0.0182378 0.08935220000000001 -0.0266421
0.0297429 0.112241 -0.00897067
0.0386129 0.103221 -0.00423074
-0.0240588 0.111793 -0.0183639
-0.00166704 0.118136 -0.0152248
-0.0513327 0.127847 -0.00459859
-0.0483106 0.127467 -0.0044073
-0.0457679 0.127549 -0.00409854
-0.0540473 0.0346098 -0.0120929
-0.0213445 0.0916844 -0.035421
0.0463647 0.0703187 0.00350637
0.0484775 0.0702458 0.00357281
-0.0192259 0.125338 -0.00163312
-0.0166078 0.125813 -0.00198014
-0.0101318 0.127062 -0.00387607
-0.00717614 0.127631 -0.00415169
-0.00449686 0.127705 -0.00466848
-0.00159807 0.12765 -0.0044516
0.00151721 0.127564 -0.00437093
0.004559 0.127796 -0.00446908
0.00739751 0.127598 -0.004485
0.0103466 0.127178 -0.00406247
0.0166577 0.125794 -0.00209843
0.0551275 0.0637038 0.000299703
0.0516781 0.0702919 0.00352756
0.0205346 0.0937418 -0.0232686
-0.0431067 0.126892 -0.00492026
-0.0400228 0.126642 -0.00391034
-0.0131771 0.125864 -0.00431884
0.0118568 0.126524 -0.00436904
0.0133159 0.125779 -0.00456131
-0.0376206 0.0376543 -0.029358
0.0121697 0.09505619999999999 -0.0266386
-0.0574311 0.0337516 -0.0106863
-0.0277976 0.0482215 -0.025148
-0.0553259 0.126836 -0.00601308
-0.0523607 0.12647 -0.00557636
-0.0458354 0.126762 -0.00597239
-0.0417806 0.126404 -0.00562318
-0.0397816 0.126124 -0.00537429
-0.0283817 0.123518 -0.00261643
-0.023911 0.123885 -0.00309916
-0.0106631 0.126098 -0.00564063
-0.00716149 0.126708 -0.00637059
-0.00446464 0.126808 -0.00650737
-0.00192158 0.126595 -0.00630109
0.00281822 0.126541 -0.00629609
0.00447095 0.126673 -0.00645731
0.00659626 0.126649 -0.00647215
0.0110096 0.125946 -0.00574203
0.00665145 0.0343942 -0.0211204
0.00403377 0.0343153 -0.0215684
0.00159297 0.0343913 -0.0223039
-0.00158297 0.0347886 -0.0237152
-0.00457777 0.0347447 -0.0240501
-0.00749147 0.0347628 -0.0244497
-0.0134361 0.0343912 -0.0250609
-0.0157004 0.0339402 -0.0248428
-0.025357 0.0350094 -0.028817
0.0142608 0.0359816 -0.0203372
0.00766117 0.0364544 -0.0232567
0.00441726 0.0368625 -0.0240287
0.00141557 0.0368997 -0.0245292
-0.00158515 0.0369256 -0.0248496
-0.00458422 0.03693 -0.0250801
-0.0517172 0.0989194 -0.0219737
-0.0133992 0.0368847 -0.0262139
-0.021602 0.0372149 -0.0284307
-0.0672648 0.0680031 0.0322561
-0.0125374 0.169475 -0.0240986
-0.0186722 0.169735 -0.0208387
-0.054679 0.0990326 -0.0212799
-0.0191782 0.171966 -0.0219205
-0.0276708 0.171932 -0.0183275
-0.0573917 0.09909469999999999 -0.0198989
-0.0598857 0.09900050000000001 -0.0188904
-0.0485739 0.15316 -0.00547278
-0.0660506 0.0338271 -0.00700456
-0.0667435 0.0336503 -0.00449449
0.00691557 0.0375578 -0.0237291
-0.0146115 0.03779 -0.0266447
-0.0623559 0.09892330000000001 -0.018017
-0.0638466 0.0988832 -0.0174214
-0.06586119999999999 0.0988309 -0.0166034
-0.0688483 0.0987495 -0.0155191
-0.0343279 0.157087 -0.0111575
-0.0711796 0.09846100000000001 -0.0149154
-0.07251829999999999 0.09889149999999999 -0.0141145
-0.0155422 0.172217 -0.0240896
-0.0446328 0.159894 -0.009220819999999999
-0.033143 0.157873 -0.0118064
-0.023205 0.178608 -0.0204967
-0.0665205 0.0362578 -0.0069247
-0.0687522 0.0367482 -0.00491733
-0.07108009999999999 0.0346549 -0.0007238910000000001
0.0244581 0.0366925 -0.000851561
-0.0189932 0.165892 -0.0183724
-0.0253749 0.165636 -0.0169998
0.0134131 0.0396142 -0.0225153
0.0104123 0.039666 -0.0231584
0.008408809999999999 0.0396854 -0.0233754
0.00690635 0.0397129 -0.0236645
0.00440199 0.0397501 -0.0241265
0.00139947 0.0397951 -0.0247002
-0.00159962 0.0398318 -0.0251895
-0.00459807 0.0398633 -0.0256273
-0.00759833 0.039883 -0.0259319
-0.0105995 0.0399008 -0.0262508
-0.0126068 0.0392015 -0.0264338
-0.0138028 0.0400915 -0.0268586
-0.016611 0.0400167 -0.0276124
-0.0191109 0.0400706 -0.0282568
-0.0216067 0.0401075 -0.0287627
-0.0246062 0.0401294 -0.0291096
-0.0545031 0.0349267 0.0447765
-0.0664636 0.129698 -0.00893593
-0.0838565 0.118648 -0.00254513
-0.06148 0.0371866 -0.00855801
-0.0774536 0.130314 -0.00661623
-0.0711118 0.0362779 -0.000649349
0.0336018 0.0377993 0.00141881
0.033552 0.0392297 -0.00118636
0.0306246 0.0390283 -0.00197836
0.0279843 0.0381243 -0.00180155
0.026467 0.0383015 -0.00253304
-0.0161418 0.166014 -0.01926
-0.0221354 0.166765 -0.0182759
-0.06627180000000001 0.139536 -0.007855559999999999
-0.0595062 0.0386574 -0.00901889
-0.06350359999999999 0.0392045 -0.00739042
-0.0659809 0.0390892 -0.00640001
0.029436 0.039931 -0.00313898
0.0279509 0.0398909 -0.00348019
-0.07894420000000001 0.130269 -0.00557557
0.0144142 0.0418406 -0.0232939
0.0131972 0.0427919 -0.02408
0.0103953 0.0426538 -0.0243115
0.00739403 0.0426361 -0.0242204
0.0043961 0.0426344 -0.0243928
0.00139818 0.0426513 -0.0246922
-0.00160401 0.0426868 -0.0251333
-0.0046017 0.0427074 -0.0257021
-0.00761034 0.042736 -0.0259782
-0.0106074 0.0427424 -0.0261863
-0.0126035 0.0427691 -0.0264263
-0.0141068 0.0428075 -0.0268453
-0.0166092 0.0428678 -0.027507
-0.0191159 0.0429251 -0.0281633
-0.0216165 0.0429604 -0.0285996
-0.0246176 0.0429659 -0.028843
-0.0215126 0.172202 -0.0209719
-0.058528 0.0400924 -0.008802000000000001
-0.0691075 0.110272 -0.0112525
0.0369147 0.0413987 -0.00258762
0.0361598 0.0426312 -0.00374223
0.0334211 0.0422678 -0.00400909
0.0306173 0.0421614 -0.00444517
0.0282052 0.0425447 -0.00528858
0.0259422 0.0415891 -0.00540859
0.0154157 0.0433241 -0.0236953
-0.0599692 0.124541 -0.008218410000000001
-0.06692969999999999 0.105269 -0.0144963
-0.0515505 0.0424448 -0.0101366
-0.0572126 0.107382 -0.0180265
-0.0312646 0.158257 -0.01223
-0.0426581 0.162906 -0.0104411
-0.0461313 0.15988 -0.00828951
0.0424803 0.0432202 -0.000287392
0.0383916 0.042968 -0.00337479
0.0173809 0.0454834 -0.02332
0.0158881 0.0455383 -0.0239991
0.0133947 0.0455967 -0.0248644
0.0103832 0.0456243 -0.0253355
0.00738433 0.0456303 -0.0256555
0.00439141 0.0448698 -0.0257696
0.00138428 0.044921 -0.0262891
-0.000607851 0.0448652 -0.0263872
-0.00182652 0.0460062 -0.0282563
-0.0046265 0.0451491 -0.0282422
-0.00762516 0.0451707 -0.0286201
-0.0106251 0.045112 -0.0281955
-0.0136237 0.0450559 -0.0279734
-0.01663 0.0458101 -0.0283924
-0.0191313 0.0457699 -0.0279826
-0.021629 0.0457537 -0.0278567
-0.0246254 0.0457214 -0.0276928
-0.0754204 0.114554 0.0506864
-0.0271923 0.100623 -0.0236374
-0.0285237 0.101076 -0.0233213
-0.030985 0.101328 -0.0226812
-0.0338658 0.101476 -0.0221954
-0.0251803 0.174903 -0.0195911
-0.0367368 0.101608 -0.0216503
0.0418819 0.0443242 -0.00224714
0.0393782 0.0452936 -0.00447595
0.0366507 0.0449569 -0.00509201
0.0334048 0.044636 -0.00548606
0.0314005 0.0446447 -0.00577901
0.00438204 0.0465276 -0.027579
0.00137128 0.0466059 -0.0284928
-0.00463413 0.0467016 -0.0296121
-0.00763584 0.0466987 -0.0298394
-0.0106369 0.0466543 -0.0295832
-0.0136374 0.046649 -0.0295183
-0.0747814 0.13928 -0.00650422
-0.0785259 0.071876 0.0219887
-0.0121468 0.17267 -0.0267827
-0.0455923 0.0454788 -0.0107652
-0.0485681 0.0453654 -0.009894500000000001
-0.0509007 0.0450393 -0.00910354
-0.0522166 0.0454259 -0.00823134
-0.07604089999999999 0.0677685 0.0130189
-0.0221929 0.174915 -0.0213057
0.0423831 0.0459609 -0.00384643
0.0359008 0.0461501 -0.00596291
0.033394 0.046155 -0.00603543
-0.0558857 0.0998486 -0.020419
0.0221326 0.0485656 -0.0215154
0.0195754 0.0481283 -0.0223609
0.0173692 0.0476632 -0.0235115
0.0161829 0.0486211 -0.0247307
0.0133984 0.0478274 -0.0258589
0.0103691 0.0487033 -0.0275146
0.0073694 0.0487229 -0.0278473
0.00455166 0.0486948 -0.0289006
0.00136022 0.0489168 -0.0300379
-0.00164566 0.0489436 -0.0304144
-0.0046485 0.0489232 -0.0305182
-0.00764581 0.0489203 -0.0306612
-0.0106486 0.0489107 -0.030711
-0.0136484 0.0489138 -0.0307496
-0.0161558 0.0488543 -0.0303763
-0.0184152 0.0491584 -0.0299392
-0.0191546 0.0480189 -0.0291978
-0.0216568 0.0486648 -0.0284309
-0.0241523 0.0485464 -0.0271116
-0.0256193 0.0484454 -0.0263086
-0.0406227 0.159927 -0.0112497
-0.0334725 0.171642 -0.0151036
-0.0428996 0.157063 -0.00932522
-0.0456034 0.156893 -0.00824883
-0.0336222 0.16372 -0.0148197
0.0451591 0.048383 -0.00459215
0.042636 0.0479021 -0.00514468
0.0398903 0.047563 -0.00549733
0.039123 0.0487472 -0.00624993
0.0363942 0.0483711 -0.00633667
0.0333833 0.0483598 -0.00640186
0.0183835 0.0490953 -0.0235496
0.0133687 0.0494082 -0.0271267
0.00334453 0.0496343 -0.0297987
-0.08400820000000001 0.110378 0.0369207
-0.0455751 0.0483301 -0.0101925
-0.0483681 0.0480861 -0.00929757
-0.0515624 0.0480791 -0.00776706
-0.0679101 0.109459 -0.0121777
-0.0753302 0.06881950000000001 0.022349
-0.0720358 0.109569 0.0400943
-0.030859 0.163377 -0.0151647
0.041884 0.0490868 -0.00604367
0.023056 0.0509651 -0.0229358
0.0217245 0.0515428 -0.0243452
0.019577 0.0512347 -0.0252526
0.0168623 0.0507279 -0.0256918
0.0161096 0.0518725 -0.0268431
0.0133631 0.0515966 -0.0276993
0.0105631 0.051533 -0.0287372
0.00735748 0.0509878 -0.0291346
0.00482011 0.0510033 -0.0292934
0.00409922 0.0521053 -0.0297989
0.0013445 0.051804 -0.0303498
-0.00165564 0.0518488 -0.0310058
-0.00463783 0.0518867 -0.03166
-0.00764852 0.0511606 -0.0317848
-0.0106611 0.0511488 -0.0320089
-0.0136621 0.0511421 -0.0317887
-0.0163459 0.0515912 -0.0318573
-0.0186822 0.0517629 -0.0311145
-0.0210069 0.0519022 -0.0299876
-0.0223309 0.0513427 -0.0290037
-0.0246565 0.0514386 -0.0275338
-0.0495985 0.048927 -0.00879829
-0.0699133 0.123828 -0.00875488
-0.0250285 0.162923 -0.0154385
0.0455973 0.050821 -0.00538106
0.0423657 0.0512811 -0.00667799
0.0393921 0.0512575 -0.00672415
0.0363622 0.0512603 -0.00665172
0.0183728 0.0521803 -0.0265242
0.0093588 0.0524416 -0.0295377
0.0073475 0.0524587 -0.029832
-0.00765323 0.0526856 -0.0328208
-0.0106632 0.0527041 -0.0332217
-0.0136741 0.0526259 -0.032605
-0.0156786 0.0526029 -0.032522
-0.0719064 0.124547 -0.00854243
-0.0787635 0.0709497 0.0196823
-0.0336213 0.0513033 -0.0107186
-0.0366204 0.0512857 -0.0106711
-0.0396212 0.0512991 -0.0109618
-0.0426083 0.0512862 -0.0109453
-0.0456012 0.0512087 -0.0101633
-0.0480789 0.0510966 -0.00912486
-0.0495998 0.0510441 -0.008604219999999999
-0.0729009 0.105047 -0.011511
-0.0217357 0.163113 -0.0157572
0.0503129 0.0516868 -0.00299828
0.044836 0.0519584 -0.00610469
0.0225491 0.0541203 -0.0253167
0.0193492 0.054428 -0.0273942
0.0163497 0.054477 -0.0281746
0.0135318 0.0543813 -0.0287798
0.0103513 0.0546055 -0.0298799
0.00733679 0.0546532 -0.0305038
0.0043348 0.0546304 -0.0304512
0.00133656 0.054676 -0.0310423
-0.00146585 0.054576 -0.0315838
-0.00366205 0.0540631 -0.0322696
-0.00486687 0.0549364 -0.0326607
-0.00766817 0.05484 -0.033239
-0.0106764 0.0548726 -0.0337645
-0.0136819 0.0548381 -0.0336439
-0.0161896 0.0548051 -0.0334358
-0.0184325 0.0551088 -0.0327988
-0.0191838 0.0539567 -0.0318569
-0.0216842 0.0545507 -0.0307088
-0.0215026 0.0354676 0.0524576
-0.0134066 0.171834 -0.025337
-0.0725937 0.127235 -0.008721909999999999
-0.0828745 0.119161 -0.00328383
0.0506497 0.0541301 -0.00381493
0.048325 0.0540026 -0.0050643
0.046334 0.0533506 -0.00578803
0.0451487 0.0542212 -0.00619313
0.0423699 0.0540839 -0.00661981
0.0393751 0.0540577 -0.00645078
-0.0291656 0.171924 -0.0174909
-0.0480709 0.149112 -0.00369196
-0.0698935 0.122364 -0.008812739999999999
0.0213579 0.055075 -0.0266156
0.0123553 0.0552818 -0.0294499
-0.00266679 0.0554838 -0.0324138
-0.0236788 0.0551648 -0.029679
-0.053089 0.153866 -0.00337837
-0.0288184 0.168709 -0.0174799
-0.0336334 0.054134 -0.0105299
-0.0366318 0.0541245 -0.0105658
-0.0396332 0.0541528 -0.0110252
-0.0426309 0.0541636 -0.0112285
-0.0456235 0.0541068 -0.0106587
-0.0486215 0.0540032 -0.00965658
-0.0696779 0.151894 -0.0456942
0.0228308 0.0571437 -0.0258624
0.0213493 0.0572101 -0.0266974
0.0193449 0.0572726 -0.0274785
0.016329 0.0573531 -0.0285455
0.0138423 0.0573877 -0.0291005
0.012329 0.0574229 -0.0295292
0.0103341 0.0574542 -0.0299902
0.00733127 0.0574934 -0.0306325
0.00432804 0.0575366 -0.0312891
0.00132337 0.0568862 -0.0321191
-0.000675964 0.056864 -0.0322097
-0.00187845 0.0577761 -0.0328009
-0.00468025 0.0576781 -0.0334059
-0.00768364 0.0576905 -0.0336612
-0.010685 0.0577276 -0.0341895
-0.0134396 0.0574014 -0.0346767
-0.0163657 0.0575131 -0.0347521
-0.0187062 0.0576656 -0.0339697
-0.0210443 0.0577951 -0.0328877
-0.0223485 0.0572485 -0.0318304
0.0513027 0.0567528 -0.00397803
0.0483319 0.0568553 -0.00534086
0.0453562 0.0561741 -0.00594781
0.0423732 0.0561472 -0.00595952
0.0381487 0.056188 -0.00571384
-0.08095040000000001 0.130234 -0.00463915
-0.06597790000000001 0.0703217 0.0357869
-0.0458885 0.107754 -0.0191441
-0.0629899 0.130412 -0.008217459999999999
0.00132441 0.0583287 -0.0325763
-0.0141933 0.0585112 -0.0353849
-0.0156999 0.0584946 -0.0353551
-0.0752502 0.110964 0.0455648
-0.0338467 0.0568858 -0.0110663
-0.0366448 0.0570117 -0.0110099
-0.0396521 0.0570392 -0.0112859
-0.0423953 0.0567074 -0.0115766
-0.045831 0.0568883 -0.0113984
-0.0486245 0.0569453 -0.0106012
-0.0509384 0.0570572 -0.009239020000000001
-0.0522616 0.0564726 -0.008053340000000001
-0.0749315 0.127446 -0.008178120000000001
-0.0142233 0.174199 -0.0261217
-0.0488803 0.107729 -0.0191263
0.0193236 0.0600675 -0.0271433
0.0163255 0.060143 -0.0282018
0.0133254 0.0602014 -0.0290712
0.0103261 0.0602564 -0.0299042
0.0073252 0.0602862 -0.0305909
0.00482746 0.0603694 -0.0314714
0.00330495 0.0604611 -0.0324643
0.00131316 0.0605086 -0.0332365
-0.00169467 0.0605525 -0.0338814
-0.00469413 0.0606093 -0.0346612
-0.00770077 0.0606118 -0.0348676
-0.0104661 0.060263 -0.0349774
-0.0131991 0.06069 -0.0360975
-0.0157118 0.0606673 -0.0359441
-0.0180494 0.0608703 -0.0355995
-0.0193789 0.0603397 -0.0349556
-0.0217141 0.0604611 -0.0337663
-0.0687208 0.124716 -0.00886412
-0.0326534 0.0578275 -0.0120318
-0.043153 0.0578018 -0.0118531
-0.0446453 0.0577855 -0.0118043
-0.0368587 0.155033 -0.00941175
-0.0773649 0.118591 -0.00648119
-0.0112008 0.0613857 -0.0357469
-0.0138944 0.169006 -0.0228558
-0.034656 0.0592094 -0.011649
-0.0366567 0.0591959 -0.0115607
-0.0391601 0.059209 -0.0115767
-0.0399176 0.0603172 -0.0120101
-0.0426667 0.06 -0.0124216
-0.0456473 0.059965 -0.0123537
-0.0479833 0.0601411 -0.01193
-0.0493022 0.0596007 -0.0112005
-0.0514261 0.0598532 -0.00979763
-0.0526285 0.0588799 -0.00854194
-0.0600942 0.107716 -0.0170929
-0.0794629 0.0702542 0.0118898
-0.0411779 0.165909 -0.011245
-0.0572273 0.130212 -0.00631993
-0.0518865 0.107702 -0.0189692
0.0193073 0.0629306 -0.0276242
0.0165102 0.0628764 -0.028833
0.0133095 0.0630918 -0.0299367
0.0103014 0.06317730000000001 -0.0309862
0.00730526 0.06320779999999999 -0.0317406
0.00532494 0.0625045 -0.0319907
0.00409842 0.06346789999999999 -0.0330134
0.00130254 0.06340469999999999 -0.034037
-0.00170755 0.0634347 -0.0345302
-0.00421035 0.06347949999999999 -0.03515
-0.00571389 0.0634994 -0.0354554
-0.00771228 0.0635001 -0.0356219
-0.0107132 0.06353200000000001 -0.0361246
-0.013212 0.0635777 -0.0368252
-0.0157232 0.0635665 -0.0368776
-0.0187373 0.0634831 -0.036163
-0.0219863 0.0629924 -0.0346135
-0.0398596 0.102103 -0.0210778
-0.0366623 0.060679 -0.0122791
-0.0545906 0.0609182 -0.00727081
-0.042858 0.102097 -0.0213094
-0.0712184 0.0673662 0.0267237
-0.0639323 0.123848 -0.008872639999999999
-0.0458594 0.102094 -0.0214063
-0.0631998 0.142645 -0.00740376
-0.0488635 0.102091 -0.0213421
-0.0548876 0.107656 -0.0184113
-0.0629096 0.107502 -0.0158355
-0.0516699 0.101926 -0.0211761
0.0213383 0.06355479999999999 -0.0266585
0.0153129 0.06377480000000001 -0.0295702
-0.0212268 0.0641463 -0.0356111
-0.0538856 0.101336 -0.0209374
-0.0545302 0.068688 0.037904
-0.0548944 0.102361 -0.02
-0.0366742 0.0629203 -0.0134036
-0.0396764 0.06291860000000001 -0.013171
-0.0426776 0.06292879999999999 -0.0134567
-0.045663 0.062891 -0.0133284
-0.0484677 0.0629184 -0.0123473
-0.0496442 0.0620141 -0.0117058
-0.0516343 0.0626149 -0.0104442
-0.0535904 0.0617699 -0.008867740000000001
-0.0604935 0.0610437 -0.00191048
-0.06298620000000001 0.0612898 -0.00115226
-0.0391833 0.154663 -0.00894439
-0.0570824 0.101784 -0.0192073
-0.0714236 0.112202 -0.00920414
-0.0598741 0.101876 -0.0187111
-0.06266969999999999 0.101685 -0.0181732
-0.08057400000000001 0.113045 0.0462582
-0.0788663 0.118541 -0.00557082
-0.0588961 0.106893 -0.0176578
0.0246308 0.0661726 -0.023863
0.0229517 0.06538860000000001 -0.025792
0.0216321 0.0659648 -0.0271695
0.0193108 0.0658049 -0.0282809
0.0172912 0.0658685 -0.0290275
0.0157925 0.0659131 -0.0296661
0.0132898 0.06595719999999999 -0.0303683
0.0102856 0.0660186 -0.0311506
0.00778472 0.0660881 -0.0320887
0.00628773 0.0661154 -0.0325125
0.0042914 0.06615890000000001 -0.0331172
0.00127562 0.0662286 -0.0340612
-0.00171293 0.0662465 -0.0344392
-0.00471813 0.0662705 -0.0349603
-0.00772269 0.06630709999999999 -0.0355237
-0.010723 0.066359 -0.0362649
-0.0132156 0.0664143 -0.0371394
-0.0157329 0.06646539999999999 -0.0377992
-0.0187447 0.0664151 -0.0374779
-0.0217537 0.0662939 -0.0362394
-0.065854 0.101714 -0.0165321
-0.0539234 0.0641671 -0.009294790000000001
-0.0552505 0.0635484 -0.00755827
-0.0574578 0.06390129999999999 -0.00721143
-0.0586479 0.06294370000000001 -0.00583333
-0.0606371 0.06290229999999999 -0.00513475
-0.0638421 0.0633779 -0.00445852
-0.0683634 0.101623 -0.0151204
-0.0632194 0.0726422 0.0389562
-0.08331479999999999 0.129958 -0.00358291
-0.06897010000000001 0.07227690000000001 0.0360986
-0.0698761 0.101588 -0.0144158
-0.071863 0.101519 -0.0135369
-0.0741834 0.101195 -0.0124513
-0.0366864 0.0651423 -0.0144126
-0.0396893 0.06514590000000001 -0.0142705
-0.0426873 0.0651706 -0.0145902
-0.0459351 0.06544220000000001 -0.0142794
-0.0486789 0.0657045 -0.0133007
-0.0519157 0.0651399 -0.010927
-0.0606563 0.06444800000000001 -0.00690733
-0.0626395 0.0644043 -0.00619313
-0.0755393 0.101609 -0.0112062
-0.0440942 0.156163 -0.00853601
-0.0600807 0.0687347 0.0366581
-0.0731289 0.0743991 0.0348624
0.0249472 0.0695477 -0.0246951
0.0232458 0.0684828 -0.0260655
0.0217744 0.06857779999999999 -0.0273684
0.0193003 0.0686737 -0.0287391
0.0173027 0.06800539999999999 -0.0293377
0.0160764 0.0689148 -0.0300702
0.013291 0.0688401 -0.0311076
0.0102679 0.0688563 -0.0313142
0.007932160000000001 0.0686682 -0.0319983
0.00660031 0.0691959 -0.0328185
0.00426547 0.06899089999999999 -0.0332499
0.00126785 0.069017 -0.0337768
-0.00173605 0.0690692 -0.0345702
-0.00373539 0.0684024 -0.0350771
-0.00493736 0.0693005 -0.0358039
-0.00773679 0.0691749 -0.0362051
-0.0107331 0.0692219 -0.0369351
-0.0132276 0.0692811 -0.0378866
-0.0157391 0.06860090000000001 -0.0381298
-0.0187546 0.0689309 -0.0380831
-0.0217639 0.0692184 -0.037522
-0.0240967 0.0693418 -0.0362521
-0.0351226 0.169652 -0.0145814
-0.0224808 0.0350446 0.0514662
-0.0366937 0.0666057 -0.0150751
-0.0396997 0.0666186 -0.0149112
-0.0426937 0.0666457 -0.0153745
-0.0451926 0.0665832 -0.0151778
-0.0511359 0.0663559 -0.0120977
-0.0546883 0.0661418 -0.0104297
-0.0576816 0.0660558 -0.00948687
-0.0603581 0.0670524 -0.0103398
-0.0611885 0.065928 -0.008443549999999999
-0.0639054 0.0662735 -0.00759724
-0.0668841 0.0660591 -0.00513956
-0.0511339 0.145675 -0.00110048
-0.0309221 0.154557 -0.00725936
-0.0152428 0.177886 -0.0267597
0.0262865 0.0689766 -0.0234385
-0.0157485 0.0700158 -0.0383244
-0.018751 0.07000190000000001 -0.0382672
-0.0719701 0.112601 0.0487472
-0.0367052 0.0688178 -0.0160713
-0.0397155 0.068841 -0.0159883
-0.0427076 0.0688544 -0.0164961
-0.0456943 0.068773 -0.015811
-0.0488899 0.0684956 -0.014278
-0.0516908 0.0685877 -0.013624
-0.0546936 0.0685861 -0.013465
-0.0576917 0.06856230000000001 -0.0131841
-0.0606769 0.06766709999999999 -0.0113119
-0.0631502 0.0675742 -0.009820519999999999
-0.06616950000000001 0.0672735 -0.00699347
-0.0709057 0.106531 -0.0119068
0.0232601 0.0720316 -0.026318
0.021767 0.072089 -0.0270941
0.0193945 0.0717827 -0.0284638
0.0160645 0.0714574 -0.030071
0.013258 0.0716884 -0.0313073
0.0107582 0.07174129999999999 -0.0320957
0.009247389999999999 0.0717908 -0.0327432
0.00724551 0.0718531 -0.0335967
0.00424951 0.07189950000000001 -0.0343581
0.00145113 0.07177790000000001 -0.0348074
-0.00123871 0.071218 -0.0351403
-0.00199241 0.07230830000000001 -0.0355681
-0.0047477 0.0719875 -0.0359792
-0.0077458 0.07204140000000001 -0.0368461
-0.0105487 0.0719417 -0.0376338
-0.0132525 0.0721497 -0.038394
-0.0157591 0.0721672 -0.0387366
-0.0187637 0.0721499 -0.0387175
-0.0215798 0.07225239999999999 -0.0384686
-0.0227774 0.07135610000000001 -0.0378898
-0.0247614 0.07197770000000001 -0.0368317
-0.0688864 0.139342 -0.00790331
-0.0686271 0.152607 -0.0476148
-0.0476756 0.0694312 -0.0151035
-0.0606859 0.0692971 -0.0138005
-0.0636849 0.0698724 -0.0125219
-0.06461890000000001 0.0691309 -0.0109873
-0.0666371 0.0697441 -0.0100827
-0.0676215 0.0688155 -0.00772966
-0.069121 0.0694621 -0.00693495
-0.0635039 0.0712841 0.0376837
-0.0691982 0.0709422 0.0345714
0.0272626 0.0725428 -0.0236998
0.0252705 0.0726412 -0.0250256
0.0172553 0.072257 -0.0294021
0.000248169 0.0726618 -0.0353693
-0.0117675 0.0728437 -0.0380964
-0.0267449 0.0725846 -0.0356647
-0.0369694 0.07139959999999999 -0.017269
-0.0395274 0.07162209999999999 -0.0171962
-0.0427179 0.0710638 -0.017563
-0.0427225 0.0721498 -0.0179276
-0.0457187 0.0716808 -0.0167754
-0.0487063 0.07159169999999999 -0.0154763
-0.0517226 0.0716198 -0.0156022
-0.0547207 0.07164189999999999 -0.0160227
-0.0577142 0.0716077 -0.0161422
-0.0605141 0.07168910000000001 -0.0157545
-0.0617049 0.070743 -0.0146345
-0.0636872 0.07143770000000001 -0.0140922
-0.0656817 0.07052319999999999 -0.0118151
-0.0685649 0.0705046 -0.00966184
-0.0711282 0.0701412 -0.00654555
-0.0578898 0.108324 -0.0176181
-0.0882831 0.114383 0.0443189
-0.0514593 0.147766 -0.0024211
0.0191225 0.07514460000000001 -0.0279056
0.0168519 0.0753245 -0.0289416
0.0155888 0.0741623 -0.0297617
0.0132571 0.0744591 -0.0306389
0.0107527 0.07454520000000001 -0.0318921
0.009263850000000001 0.0746322 -0.0331865
0.00724684 0.07470209999999999 -0.0340524
0.00424004 0.0747505 -0.0348065
0.00224668 0.07405920000000001 -0.0351433
0.00103493 0.07493569999999999 -0.0355171
-0.00175952 0.0748118 -0.0359705
-0.00475507 0.0748463 -0.0366221
-0.00775605 0.07489990000000001 -0.0374314
-0.0105598 0.0748047 -0.0380555
-0.0129689 0.0751141 -0.038479
-0.0157715 0.0749942 -0.0388802
-0.0187742 0.0749886 -0.0389865
-0.0217927 0.0749577 -0.0388104
-0.0249667 0.074697 -0.03739
-0.0272491 0.0747101 -0.0358524
-0.06390609999999999 0.160564 -0.057123
-0.0362272 0.07253370000000001 -0.0180652
-0.0407291 0.07249709999999999 -0.0177035
-0.0631982 0.0722333 -0.0151816
-0.06666660000000001 0.072062 -0.0128371
-0.0695894 0.0719559 -0.0104453
-0.0190306 0.163445 -0.0163486
-0.0490201 0.147393 -0.00261
0.0284388 0.0754375 -0.0226493
0.0272456 0.0746657 -0.023693
0.0252435 0.0754715 -0.0250278
0.0229134 0.07578650000000001 -0.0261587
0.0215949 0.07535500000000001 -0.0266942
-0.0237813 0.0756129 -0.0382516
-0.0367364 0.0746941 -0.0185116
-0.0397395 0.0746623 -0.0180255
-0.0427336 0.07467219999999999 -0.0183979
-0.0450716 0.0748476 -0.0179122
-0.0463676 0.0744189 -0.0173022
-0.0484738 0.074187 -0.016886
-0.0517327 0.0738154 -0.0167847
-0.0547331 0.0738453 -0.0173804
-0.057733 0.0738089 -0.0175125
-0.0609801 0.07412779999999999 -0.0170603
-0.06352960000000001 0.07429520000000001 -0.0166279
-0.06572260000000001 0.07474600000000001 -0.0160247
-0.0666897 0.07359980000000001 -0.0145924
-0.0686899 0.07423390000000001 -0.0137616
-0.0691753 0.0734417 -0.0126098
-0.07164139999999999 0.07329189999999999 -0.0103042
-0.0615233 0.0354132 0.043881
0.015495 0.07828069999999999 -0.0298265
0.0133922 0.0775802 -0.0307042
0.0107468 0.0773744 -0.0320065
0.00921576 0.0774523 -0.0330682
0.00723575 0.07752149999999999 -0.0340234
0.00422635 0.0775585 -0.0346591
0.0022257 0.0775957 -0.0352532
0.000731429 0.0776143 -0.0355899
-0.0017669 0.0776457 -0.036167
-0.00477466 0.0777258 -0.0373263
-0.00777856 0.077749 -0.03777
-0.0102803 0.0777538 -0.0379403
-0.0117749 0.0777607 -0.0381282
-0.013273 0.0777687 -0.038381
-0.0157792 0.07777000000000001 -0.0385697
-0.0187851 0.0777912 -0.0388807
-0.021802 0.0777743 -0.0388338
-0.0237829 0.0770195 -0.0382449
-0.0249872 0.0777998 -0.0375135
-0.0492395 0.0753178 -0.0177439
-0.0517439 0.07534639999999999 -0.0181245
-0.0547367 0.0753515 -0.0184739
-0.0577417 0.07531119999999999 -0.0184846
-0.0602401 0.07526480000000001 -0.0178075
-0.0687067 0.07574740000000001 -0.0150686
-0.0714332 0.0757616 -0.0128992
-0.0726176 0.0747594 -0.0108396
-0.07445980000000001 0.0754605 -0.009605209999999999
-0.0768619 0.116386 -0.00596474
-0.0540329 0.147931 -0.00198123
0.0227418 0.07837239999999999 -0.0260698
0.0212504 0.07841819999999999 -0.0267355
0.0192496 0.0784841 -0.0276994
0.0169155 0.0783397 -0.0289838
-0.0228637 0.171703 -0.0203726
-0.0367502 0.0775938 -0.0192984
-0.0397494 0.0775613 -0.0189272
-0.0427472 0.0775686 -0.0191461
-0.045746 0.0775308 -0.0188327
-0.0487507 0.0775199 -0.0187032
-0.0517517 0.0775349 -0.0191345
-0.0547492 0.0775426 -0.0195028
-0.0577548 0.0774982 -0.0192596
-0.0607482 0.0774242 -0.0184944
-0.0632495 0.07738100000000001 -0.0179975
-0.06594079999999999 0.07716779999999999 -0.0171539
-0.06860090000000001 0.0783479 -0.0162876
-0.0223658 0.103031 -0.0236341
-0.0248654 0.103026 -0.0236287
0.013102 0.08099530000000001 -0.0307917
0.0107229 0.08089159999999999 -0.0318667
0.009233109999999999 0.0809438 -0.0325833
0.00723152 0.08031629999999999 -0.0336819
0.00422614 0.0803464 -0.0342624
0.00189158 0.0801577 -0.0350276
0.00054141 0.08067009999999999 -0.0356673
-0.00177837 0.0804805 -0.0364471
-0.00478441 0.0805391 -0.0373586
-0.00779154 0.0805729 -0.0379145
-0.0101227 0.0803329 -0.0379767
-0.0127899 0.0806159 -0.0387787
-0.0157926 0.0806374 -0.0391627
-0.0188017 0.0806157 -0.0390475
-0.0218047 0.0805892 -0.0388443
-0.0248016 0.0804959 -0.0377793
-0.0647445 0.07807749999999999 -0.0178137
-0.0710495 0.07879419999999999 -0.0149348
-0.07358190000000001 0.0777026 -0.0122023
0.0227383 0.08118309999999999 -0.0258367
0.021243 0.0812354 -0.0266096
0.0192347 0.08130759999999999 -0.0276535
0.0167226 0.081399 -0.0289881
0.0152443 0.08145429999999999 -0.029735
-0.010802 0.0812949 -0.0382665
-0.0372617 0.0797857 -0.0201695
-0.0397628 0.08047600000000001 -0.0200373
-0.042763 0.08046929999999999 -0.0200365
-0.0457626 0.08045239999999999 -0.0198866
-0.0485123 0.0800992 -0.0201327
-0.0517611 0.07974779999999999 -0.0203877
-0.0545663 0.08063770000000001 -0.0210783
-0.0557733 0.0797194 -0.0205764
-0.0580228 0.08004219999999999 -0.0201325
-0.0607722 0.0803263 -0.0193303
-0.0632679 0.0802774 -0.0187749
-0.0657763 0.080683 -0.0180986
-0.06676550000000001 0.079447 -0.0174677
-0.07663639999999999 0.0788383 -0.009182559999999999
0.00720989 0.08378339999999999 -0.0330441
0.00420724 0.0838508 -0.0340468
0.00218961 0.0838931 -0.0347773
0.000694204 0.08326020000000001 -0.0357857
-0.00180167 0.0833377 -0.0369348
-0.00480444 0.083381 -0.0376907
-0.00780201 0.0833884 -0.0379136
-0.0128023 0.0834415 -0.0388908
-0.0158105 0.08345859999999999 -0.0392521
-0.0188152 0.0834274 -0.0389867
-0.0216143 0.0832478 -0.038624
-0.0248161 0.0832977 -0.0376269
-0.0528842 0.102762 -0.0205636
-0.0168633 0.171718 -0.0229403
-0.0492669 0.0812021 -0.0207855
-0.0517674 0.08122450000000001 -0.0211503
-0.057276 0.08116909999999999 -0.0208546
-0.06896960000000001 0.08140650000000001 -0.0171266
-0.0717377 0.0814502 -0.0157694
-0.0632771 0.16371 -0.0593675
0.0312273 0.08357920000000001 -0.0196396
-0.0638899 0.102518 -0.0176142
0.0212116 0.083355 -0.0266295
0.0167217 0.08421389999999999 -0.0288581
0.0152218 0.0842627 -0.0295916
0.0132148 0.08431429999999999 -0.0304306
0.0102174 0.0843906 -0.031563
-0.0228183 0.0840509 -0.0381648
-0.0367935 0.0835 -0.0223029
-0.0397796 0.0834061 -0.0213287
-0.0427763 0.0833677 -0.0210029
-0.0457776 0.0833744 -0.0211114
-0.0487791 0.0833834 -0.0214382
-0.0517778 0.083375 -0.021592
-0.0547796 0.08336 -0.0215114
-0.0577849 0.0833105 -0.0210423
-0.0605841 0.08306669999999999 -0.019849
-0.0629131 0.0840389 -0.0192085
-0.0656659 0.0839877 -0.018697
-0.0677812 0.08231620000000001 -0.0178553
-0.0737119 0.082093 -0.0148287
-0.0652684 0.163853 -0.0591668
-0.0343766 0.105699 -0.0205058
0.00119562 0.0871121 -0.034627
0.00019241 0.08536249999999999 -0.035651
-0.00193839 0.086628 -0.0361615
-0.00481814 0.086841 -0.0367951
-0.00769195 0.0866909 -0.0372895
-0.015822 0.0862359 -0.0387627
-0.0186264 0.0860678 -0.0385184
-0.0208217 0.08547680000000001 -0.038298
-0.0219503 0.0870015 -0.0375301
-0.0248206 0.08675239999999999 -0.0367639
-0.0658174 0.07340099999999999 0.0384495
-0.0677865 0.0844603 -0.0179751
-0.06929979999999999 0.0844051 -0.0173363
-0.0717816 0.0843174 -0.0162868
-0.07409689999999999 0.0844613 -0.01513
0.0132046 0.08716019999999999 -0.0305473
0.0101967 0.0872188 -0.0315276
0.00720901 0.08730739999999999 -0.0328402
0.00419678 0.0873491 -0.0335826
-0.019834 0.0868717 -0.0379507
-0.0360837 0.0867076 -0.023791
-0.0374588 0.0861055 -0.0224285
-0.0397935 0.08628429999999999 -0.0217515
-0.0427905 0.0862564 -0.0215334
-0.0457911 0.0862653 -0.0218344
-0.018203 0.175668 -0.0239316
-0.000805756 0.0881637 -0.035184
-0.0663045 0.075322 0.039346
-0.0738723 0.109242 -0.009056720000000001
-0.0339639 0.0335453 -0.0298202
-0.0310301 0.0335219 -0.0280983
-0.0372474 0.0336149 -0.0279026
-0.034125 0.0335932 -0.0280197
-0.0248071 0.0335609 -0.0252247
-0.0219813 0.0335665 -0.024863
-0.0188557 0.0335488 -0.0249868
-0.0100471 0.0338344 -0.0221143
-0.00730062 0.0338713 -0.022079
-0.00447567 0.0338766 -0.0217188
-0.00132 0.033911 -0.021889
0.00739999 0.034189 -0.0193452
0.0102663 0.0343466 -0.0190428
0.012674 0.0346626 -0.019055
-0.0425281 0.0341216 -0.0273544
-0.0363986 0.0335338 -0.0251318
-0.033654 0.0335728 -0.0250963
-0.0308287 0.0335793 -0.0247347
-0.0277038 0.0335636 -0.0248554
-0.0193226 0.0336799 -0.0223788
-0.0162021 0.0337929 -0.0218716
-0.0132982 0.0338032 -0.0222508
-0.00425712 0.0340477 -0.0192905
-0.00153471 0.0340823 -0.0190693
0.00105092 0.0340803 -0.0189372
0.00419394 0.0340894 -0.0190854
0.0130349 0.0343973 -0.0162818
0.0147315 0.0347337 -0.0176578
0.0155396 0.0348678 -0.0161787
-0.0398018 0.033539 -0.0248739
-0.0281407 0.0337444 -0.0222984
-0.0250275 0.0338454 -0.0217782
-0.0223434 0.0337763 -0.0216547
-0.0131412 0.0341452 -0.0197164
-0.0102935 0.0342591 -0.0190733
-0.00747249 0.0342575 -0.0187041
0.00140101 0.0344962 -0.0167061
0.00431784 0.034382 -0.0164976
0.00730513 0.0342527 -0.0157894
0.0101888 0.0342083 -0.0161463
-0.08679480000000001 0.111282 0.0370459
-0.0394803 0.0336057 -0.0223544
-0.0368142 0.0336363 -0.0218545
-0.0339106 0.0337835 -0.0216027
-0.0311442 0.033864 -0.0216011
-0.0217691 0.0348701 -0.0197459
-0.0194162 0.0346267 -0.0197118
-0.0165244 0.0346972 -0.0192078
-0.00409066 0.0345563 -0.017375
-0.0015155 0.03461 -0.0169147
0.0102243 0.0343514 -0.0134204
0.0130426 0.0343319 -0.0130475
-0.0430435 0.0335627 -0.0222732
-0.0310002 0.0347859 -0.0200892
-0.0281774 0.0346526 -0.0203422
-0.0249611 0.0349427 -0.0199769
-0.0162974 0.0361017 -0.0180877
-0.0135218 0.0353609 -0.0181036
-0.0114808 0.0353662 -0.0177045
-0.0103269 0.0368116 -0.0167039
-0.00736598 0.0367084 -0.0162566
-0.00428335 0.0367555 -0.0156921
-0.00112989 0.0362953 -0.0155804
0.00169733 0.03602 -0.0152383
0.00389123 0.0355229 -0.0148126
0.00493889 0.0367792 -0.0136509
0.00772045 0.0350717 -0.0136386
0.0136668 0.0343768 -0.0105685
0.0160836 0.0347208 -0.0105497
0.0180782 0.0350549 -0.010687
-0.0425315 0.033599 -0.0194158
-0.0396568 0.033698 -0.0191245
-0.036941 0.0340752 -0.0185593
-0.0341526 0.0346313 -0.0191736
-0.0306839 0.036693 -0.0184598
-0.0280213 0.0367598 -0.0187932
-0.025022 0.0367344 -0.0188422
-0.0218341 0.0369718 -0.0184303
-0.0189712 0.0367667 -0.0181423
-0.013554 0.0372102 -0.0170089
0.00207702 0.0375985 -0.0140837
0.00738356 0.0366172 -0.0125003
0.009263459999999999 0.0356775 -0.0107589
0.0107074 0.0346833 -0.0103388
-0.0455561 0.0341411 -0.0191256
-0.0331206 0.0356024 -0.0184705
-0.0182243 0.03769 -0.0174416
-0.0161599 0.0377371 -0.0170736
-0.00117761 0.0381216 -0.0144581
0.00762276 0.0373568 -0.0105026
0.0106364 0.0346041 -0.00746163
0.0132359 0.034382 -0.00720929
0.0162526 0.0347406 -0.00712851
0.0181482 0.0349839 -0.00678926
-0.0715636 0.0667745 0.0245224
-0.0456742 0.033668 -0.0162119
-0.0428589 0.033658 -0.0158271
-0.0397156 0.0339729 -0.015953
-0.0371967 0.034805 -0.016065
-0.0342512 0.0369991 -0.0162589
-0.0262141 0.0383199 -0.0177378
-0.0246605 0.038573 -0.0165424
-0.0218432 0.0385669 -0.0161646
-0.0189908 0.0386258 -0.01584
-0.0158799 0.038593 -0.0159365
-0.0132939 0.0386614 -0.0154864
-0.0107414 0.0386758 -0.014991
-0.00738258 0.0389355 -0.0136267
-0.00428477 0.0390124 -0.0130832
-0.00155404 0.0390273 -0.0130209
0.00156165 0.0388196 -0.01268
0.00400402 0.0386308 -0.012019
0.0046129 0.0387164 -0.0104754
0.00908719 0.0358267 -0.00842564
0.019051 0.0349724 -0.00425104
-0.0473982 0.0343754 -0.0164682
-0.039545 0.0346303 -0.0132828
-0.0364387 0.0357946 -0.0155844
-0.0321536 0.0380399 -0.0168
-0.0304473 0.0385683 -0.0158291
-0.0278995 0.0386865 -0.0160819
-0.0162942 0.0388108 -0.0134167
-0.0134108 0.0389273 -0.0131362
-0.0102619 0.0389602 -0.0132876
-0.00151618 0.0391497 -0.0103144
0.00122755 0.0391924 -0.0102751
0.00669982 0.0383228 -0.00932299
0.00763102 0.0370829 -0.00752883
0.009955220000000001 0.0344481 -0.00448703
0.0132096 0.0343824 -0.00440007
0.0158289 0.0345197 -0.00400547
-0.0456414 0.033564 -0.0130615
-0.042326 0.0337289 -0.0130111
-0.0365752 0.0370276 -0.0136534
-0.0326136 0.0384639 -0.0154224
-0.0279368 0.038656 -0.0132702
-0.02522 0.0386538 -0.0131898
-0.0224832 0.038685 -0.0131388
-0.019225 0.0387383 -0.0130026
-0.0128211 0.0388834 -0.0106124
-0.0102904 0.0389559 -0.0104835
-0.00771638 0.0390056 -0.0100173
-0.00479497 0.0390574 -0.0104139
0.0044526 0.0389182 -0.00750534
0.00615023 0.0385922 -0.00780619
0.00649294 0.0361243 -0.00453585
0.00766408 0.0348367 -0.00405208
0.0103808 0.034233 -0.00155443
0.0130974 0.0342299 -0.00147604
0.0158796 0.034342 -0.00149163
0.0193446 0.0347741 -0.00166353
0.0214264 0.0348625 -0.00133145
-0.0456324 0.0336005 -0.0103297
-0.0428047 0.0338059 -0.0104104
-0.0403076 0.0346571 -0.0106882
-0.0339234 0.0384632 -0.0127116
-0.0311684 0.0386497 -0.0134456
-0.0216206 0.0386219 -0.0103923
-0.0189909 0.0387091 -0.0103192
-0.0162319 0.0388195 -0.0101463
-0.00708537 0.0389557 -0.00750951
-0.00430946 0.0390619 -0.00751658
-0.00144042 0.0391553 -0.00721497
0.00174468 0.0392544 -0.00741802
0.00511339 0.0376701 -0.00436026
0.00709017 0.034436 -0.00146865
0.0163041 0.0344839 0.0013627
0.0188797 0.0344711 0.00151402
0.0218417 0.0347335 0.00167977
0.0249471 0.0360614 0.000147656
0.0280785 0.0365531 0.000826759
0.0308022 0.0368089 0.00192577
0.0314571 0.0378867 -6.50808e-05
-0.0517732 0.0335498 -0.0101342
-0.0489001 0.0335228 -0.0104527
-0.037907 0.0368934 -0.0113278
-0.0361046 0.0383233 -0.0122787
-0.0307606 0.0384936 -0.0104367
-0.0280408 0.0384999 -0.0103615
-0.0248196 0.0384876 -0.0101682
-0.0161461 0.0387272 -0.00753326
-0.0132946 0.0387919 -0.00720665
-0.0103778 0.0388404 -0.00759663
-0.00135462 0.0390711 -0.00460017
0.00133235 0.0390472 -0.00432164
0.00339822 0.0388979 -0.00489144
0.00383739 0.0365048 -0.0013715
0.00519077 0.0347107 -0.000701205
0.00757858 0.0341185 0.00125189
0.0101773 0.034217 0.00168169
0.0131317 0.0342818 0.00203061
0.0252679 0.0348251 0.00415184
0.0274937 0.0354669 0.00307886
0.0314184 0.0360255 0.00457907
0.0360001 0.0381146 0.00239588
-0.0483938 0.0335295 -0.00760106
-0.0455323 0.0336151 -0.00728901
-0.0431526 0.0338096 -0.00680321
-0.0409612 0.0344092 -0.00782476
-0.0385893 0.036902 -0.00962928
-0.0366843 0.0383266 -0.009930100000000001
-0.0336485 0.0384972 -0.0100932
-0.0278064 0.0383962 -0.00771673
-0.0251497 0.0384153 -0.00720128
-0.0225297 0.0384879 -0.00710992
-0.0193528 0.0385811 -0.00730111
-0.0101468 0.0387989 -0.00490692
-0.00733587 0.0388558 -0.00420737
-0.00480463 0.0389307 -0.0040776
0.00157449 0.0386094 -0.00188206
0.00439829 0.0343744 0.00177222
0.0141672 0.0347073 0.00296826
0.0169506 0.0351441 0.00312714
0.0193903 0.0348026 0.0043959
0.0221665 0.0344375 0.00481715
0.0281282 0.0351071 0.00540286
0.029758 0.0352966 0.00556049
0.0340335 0.0367267 0.00519603
0.0365776 0.0376675 0.00481626
-0.06937400000000001 0.065502 0.0252027
-0.0572723 0.0334294 -0.00746513
-0.0544694 0.0334043 -0.00706004
-0.0513184 0.0334594 -0.00720805
-0.0424311 0.0339028 -0.00444889
-0.0396703 0.036174 -0.00733977
-0.0365218 0.0383865 -0.0077989
-0.0339642 0.0384415 -0.00714827
-0.0314789 0.0384556 -0.00730755
-0.0216519 0.0384434 -0.00439363
-0.0188942 0.0385195 -0.00436881
-0.0161225 0.0386222 -0.00436679
-0.0128438 0.0387204 -0.00426206
-0.00421106 0.0388873 -0.00156049
-0.00160019 0.0389437 -0.00145921
0.00197552 0.0378956 -0.000532016
0.0015995 0.0369055 0.00122507
0.00250327 0.0351261 0.00210209
0.0044393 0.0341974 0.00444967
0.00713028 0.0344038 0.00443532
0.0106669 0.0351599 0.00371093
0.0134488 0.0355994 0.00386922
0.0162615 0.036094 0.00398443
0.0184612 0.0354585 0.00500949
0.0220453 0.0347024 0.0072158
0.0251151 0.0345867 0.00714149
0.0277946 0.0348363 0.00745088
0.0305034 0.0351402 0.00772065
0.0322458 0.0355363 0.00770856
0.0341873 0.0362992 0.00740508
0.0367685 0.0373496 0.00697954
0.0388945 0.0381247 0.00758871
0.0402005 0.0387495 0.00731433
-0.07947899999999999 0.1087 0.0330138
-0.0577044 0.0634854 0.0306638
-0.060115 0.0335072 -0.00719563
-0.0543222 0.0333949 -0.00455394
-0.0515772 0.0334866 -0.00435695
-0.0489757 0.0335303 -0.00423786
-0.0458024 0.0336244 -0.00441476
-0.0372457 0.0381548 -0.00680953
-0.0306189 0.0383702 -0.00456386
-0.0278247 0.0383313 -0.0041491
-0.0249299 0.0383444 -0.00450124
-0.0162247 0.0384616 -0.0014642
-0.0134561 0.0385589 -0.00145653
-0.0106706 0.0386831 -0.00147081
-0.00737481 0.0388159 -0.00139128
-0.00108959 0.0387459 0.00117457
0.000471055 0.038278 0.000679374
0.000569925 0.0361805 0.00384228
0.00167856 0.0346673 0.00482148
0.00942926 0.0360304 0.00452751
0.0196004 0.0360199 0.00658736
0.0250293 0.034468 0.0100245
0.0279784 0.0347145 0.0102093
0.0306685 0.0350497 0.0108199
0.0335904 0.0356804 0.0104647
0.0367997 0.0369618 0.0103119
-0.0772206 0.0702185 0.021822
-0.0631288 0.0334159 -0.0045296
-0.0604339 0.0334144 -0.00425623
-0.0579727 0.0333891 -0.0043725
-0.0480234 0.0336 -0.00163996
-0.0455138 0.033664 -0.00182998
-0.0426915 0.0337405 -0.00114803
-0.0399669 0.0343914 -0.00210399
-0.0362964 0.0383532 -0.00495706
-0.0337253 0.038399 -0.00447972
-0.0249604 0.0383086 -0.00170391
-0.022169 0.0383311 -0.0009759770000000001
-0.0194767 0.0384097 -0.00161222
-0.009806840000000001 0.0386181 0.00126397
-0.00719347 0.0386765 0.00136698
-0.00452087 0.0387297 0.00186103
-0.000342105 0.0380462 0.00257941
0.00158646 0.0344743 0.00732303
0.00374029 0.0341052 0.00760059
0.00621941 0.0351341 0.00654928
0.00788239 0.0363273 0.00580236
0.0208979 0.0359371 0.0087849
0.0223362 0.0356837 0.0105461
0.0229939 0.0351098 0.009962820000000001
0.0393737 0.0381589 0.0105128
0.0409151 0.0390283 0.00994476
0.042801 0.0399653 0.0106072
0.045017 0.0410596 0.008895170000000001
-0.08075300000000001 0.109486 0.0365922
-0.0570389 0.0334145 -0.00175652
-0.0541989 0.0334622 -0.00140449
-0.0514544 0.0335231 -0.00135712
-0.0398163 0.0337224 0.00127001
-0.0354812 0.0383051 -0.00290933
-0.0336075 0.0383146 -0.00208396
-0.0309801 0.0383441 -0.000943094
-0.0283337 0.0383528 -0.00150593
-0.0189999 0.0383646 0.00128368
-0.0161669 0.0383985 0.00164369
-0.0130101 0.0384671 0.00149195
-0.00426809 0.0386407 0.00446936
-0.00234431 0.0385459 0.00418459
-0.000925858 0.0373041 0.0049893
-0.00147516 0.0368068 0.0074537
0.00436694 0.0341016 0.0100526
0.0248569 0.0348102 0.0133791
0.0276673 0.0346791 0.0131549
0.0304279 0.0350811 0.0133488
0.0321473 0.0354374 0.0133726
0.0343595 0.0361862 0.0137519
0.0367744 0.0370996 0.0137195
0.0385505 0.0378908 0.0124577
0.0397958 0.038538 0.0133456
-0.0657108 0.0334742 -0.00148965
-0.06304609999999999 0.033392 -0.00132661
-0.0603088 0.0334394 -0.00126681
-0.0514557 0.0335028 0.00137388
-0.0487095 0.0335705 0.00141661
-0.0459545 0.0336518 0.00144966
-0.0427583 0.033606 0.00168448
-0.0376403 0.0336717 0.00266115
-0.0331634 0.0381954 -0.000525199
-0.0278927 0.0382787 0.00119441
-0.0251266 0.0383164 0.00144915
-0.0219044 0.0383177 0.00164646
-0.0160131 0.0383924 0.00413592
-0.0132882 0.0384482 0.00436531
-0.0104378 0.0385177 0.00469691
-0.00752366 0.0385782 0.00432122
-0.000142722 0.0349789 0.009983570000000001
0.00124458 0.0344125 0.010323
0.0227568 0.0360513 0.0133492
0.0280856 0.0349488 0.01555
0.0303366 0.0352283 0.0150252
0.0310942 0.0356853 0.0161303
0.0336792 0.0363929 0.01556
0.0425227 0.0398545 0.0132433
0.0448072 0.040936 0.0136002
0.0462514 0.0416461 0.0131816
-0.0694637 0.0338457 -0.00153584
-0.0602871 0.0334591 0.00142729
-0.0575564 0.0335001 0.00149325
-0.0548313 0.033527 0.00156928
-0.045104 0.0335135 0.00418833
-0.0425058 0.0335588 0.00431196
-0.0398321 0.0336125 0.00480482
-0.0367945 0.033656 0.00465686
-0.0352323 0.0337248 0.00491425
-0.0312985 0.0381858 0.00167702
-0.0297129 0.0382953 0.00190139
-0.0277181 0.0382234 0.00237012
-0.02418 0.0382822 0.00363762
-0.0224354 0.0382704 0.0043056
-0.0209391 0.0382166 0.00465788
-0.0194076 0.0383326 0.0045607
-0.00725862 0.0385614 0.00693861
-0.00463951 0.0385166 0.00750902
-0.00175129 0.0364958 0.0107102
0.00154321 0.034388 0.0128588
0.00425555 0.0340135 0.013565
0.0222016 0.0360664 0.0156525
0.0248824 0.0348562 0.0160761
0.0368537 0.0376675 0.0165715
0.0383745 0.038179 0.01581
0.0399622 0.0389256 0.0163699
0.0426315 0.0400836 0.0158373
-0.0632625 0.0637201 0.0278114
-0.0755145 0.0681717 0.0194053
-0.0690088 0.0336141 0.00131445
-0.06638670000000001 0.033451 0.00154746
-0.063692 0.0334252 0.00166706
-0.0541301 0.0335502 0.003946
-0.0516025 0.0335217 0.00448633
-0.0486467 0.033506 0.00464973
-0.0397752 0.0339696 0.00768805
-0.0367771 0.03367 0.00736222
-0.0344229 0.0337431 0.00747246
-0.0299564 0.0381526 0.00379178
-0.0283292 0.0381269 0.00475137
-0.0258531 0.0382137 0.00457061
-0.0195719 0.0382251 0.00674359
-0.018284 0.0383134 0.00722754
-0.0159561 0.0383314 0.00738
-0.0132213 0.0383786 0.00743944
-0.00996242 0.0384486 0.00758233
-0.00465651 0.0384347 0.009882780000000001
-0.00337098 0.0380996 0.0101446
-0.000385714 0.0351459 0.0134171
0.00663645 0.0342324 0.0159688
0.0228628 0.0351973 0.0171792
0.024925 0.0349305 0.0187498
0.0274199 0.0351595 0.0181381
0.0284065 0.0356244 0.0191347
0.0309391 0.0362152 0.0189937
0.0339661 0.0370489 0.0184923
0.0360925 0.0377235 0.0184968
0.0443703 0.0410834 0.0161644
0.0459649 0.041847 0.0166968
-0.06252489999999999 0.06424970000000001 0.029495
-0.0546981 0.0652408 0.0345016
-0.07163219999999999 0.034398 0.00142463
-0.0629594 0.0335063 0.0039929
-0.0604145 0.0335108 0.00450878
-0.0574429 0.0335229 0.00465123
-0.0487662 0.0340498 0.00729539
-0.0457743 0.0342623 0.00680885
-0.0427003 0.0343044 0.00739484
-0.03371 0.0337493 0.009901180000000001
-0.0274526 0.0380644 0.00709953
-0.0248707 0.0381385 0.00755703
-0.0224734 0.0381908 0.00709001
-0.0209098 0.0382599 0.00734769
-0.0132257 0.0383607 0.0101766
-0.0104916 0.0384012 0.0102422
-0.00774375 0.0384689 0.0102873
-0.00190651 0.0366592 0.0133763
0.00143955 0.0346161 0.0162101
0.0043293 0.0341399 0.0161898
0.0210891 0.0359899 0.0179214
0.0224678 0.034769 0.0193055
0.037399 0.0385736 0.0198194
0.0396389 0.0393987 0.0193474
0.0425848 0.0406533 0.0189951
0.0456295 0.0421804 0.0191004
-0.07159550000000001 0.0344896 0.00439613
-0.06909609999999999 0.0337313 0.00433373
-0.0662599 0.0335872 0.00486193
-0.0572804 0.0335233 0.00711571
-0.054496 0.0334714 0.00754912
-0.0516028 0.0336196 0.007824569999999999
-0.0389795 0.034282 0.00907489
-0.0370345 0.0342906 0.0104932
-0.0315653 0.0338872 0.0109346
-0.0222575 0.0381324 0.0100866
-0.0193774 0.0381959 0.0106153
-0.0195451 0.0382679 0.009429999999999999
-0.0164924 0.0382697 0.010047
-0.00685208 0.0384144 0.0129653
-0.00456499 0.0383843 0.0132765
-0.0033633 0.038102 0.0128662
-0.00145515 0.0367635 0.0162794
0.00444746 0.0343475 0.0187464
0.0072692 0.0344223 0.0194336
0.00977048 0.0347906 0.0194296
0.0189601 0.036126 0.0191857
0.0194741 0.0351845 0.0201392
0.0194539 0.0347238 0.021763
0.0220404 0.034914 0.0218143
0.0242344 0.0352136 0.0219944
0.0257545 0.0357272 0.022144
0.0281435 0.0363055 0.0216219
0.0310969 0.0371318 0.0218416
0.0338995 0.0377389 0.0212262
0.0366113 0.0391022 0.0225258
0.047994 0.0434293 0.0193345
0.0495524 0.0442799 0.0187382
-0.0748365 0.07511379999999999 0.0335975
-0.0658763 0.0337021 0.00725484
-0.0632144 0.0336184 0.00742934
-0.0605322 0.0335727 0.00757248
-0.0471043 0.0355495 0.00808039
-0.0454533 0.0357831 0.00820591
-0.0433699 0.0358756 0.00854657
-0.0419398 0.0356984 0.008997049999999999
-0.039534 0.0357516 0.010162
-0.0338745 0.0338483 0.0133366
-0.0310117 0.0339509 0.0136991
-0.0275114 0.0379423 0.00991362
-0.025457 0.0379798 0.0102991
-0.0171825 0.0382402 0.011747
-0.0154674 0.0382698 0.0129743
-0.0132501 0.0383011 0.0129451
-0.0104289 0.0383462 0.0134782
-0.00308793 0.0379842 0.0148477
0.000822932 0.0359975 0.0195451
0.00217072 0.0349377 0.0192627
0.0108687 0.0346134 0.0220798
0.0132975 0.0345354 0.0220113
0.0159714 0.0345901 0.0225064
0.034711 0.0383001 0.0222555
0.0397577 0.0402566 0.022252
0.0427261 0.0415705 0.0218601
0.0454054 0.0430754 0.0223099
-0.0834468 0.114317 0.0472532
-0.0808898 0.109854 0.0398262
-0.0692876 0.0339563 0.00766954
-0.0601776 0.0336336 0.0100072
-0.0572999 0.033571 0.0104769
-0.0548507 0.0335112 0.0107358
-0.0514284 0.034421 0.0100202
-0.0485971 0.0359097 0.009255350000000001
-0.0375341 0.0356789 0.0117182
-0.0365655 0.0357926 0.0130139
-0.035622 0.0351358 0.0134984
-0.0270239 0.0378836 0.0127776
-0.0249706 0.0379216 0.013162
-0.0220575 0.0381098 0.0134051
-0.0189128 0.0381638 0.0132746
-0.0168597 0.0382017 0.0136589
-0.0127796 0.0382227 0.0144711
-0.009990600000000001 0.0383599 0.0158204
-0.00743252 0.0383934 0.0163126
-0.0047369 0.0383658 0.0164321
-0.00115206 0.0375724 0.018934
0.0046881 0.0349031 0.0217401
0.00719194 0.0346452 0.0224812
0.0163647 0.0347455 0.0248946
0.0191569 0.0348962 0.0248742
0.0216144 0.0351619 0.0248348
0.0230825 0.0355806 0.0250603
0.0250756 0.0364517 0.0246847
0.02781 0.0374937 0.0248959
0.0307054 0.0377641 0.0237366
0.0336911 0.0393019 0.0250108
0.0471472 0.0437632 0.0216364
0.0489595 0.0448964 0.0218578
-0.0664375 0.0338736 0.0101127
-0.0636844 0.0337668 0.0105958
-0.0541666 0.0335772 0.0130828
-0.0525671 0.0335472 0.0123651
-0.0341953 0.0339946 0.0161681
-0.0309631 0.0340196 0.0163543
-0.0219103 0.0380841 0.0158997
-0.0191854 0.0381413 0.0161324
0 0 0
-0.016259 0.0382464 0.0167557
-0.0134095 0.0383017 0.0160824
-0.0114161 0.0382303 0.016554
-0.00438972 0.0384305 0.0188897
0.001768 0.0369883 0.0221687
0.00355809 0.0360273 0.0227938
0.008042799999999999 0.0349162 0.0247052
0.0102446 0.0347013 0.0250459
0.0129479 0.0346873 0.0251556
0.0307671 0.0387889 0.0255494
0.0366582 0.0403506 0.0253608
0.0393205 0.0409003 0.0245014
0.0427633 0.0428089 0.0247087
-0.0512793 0.07166069999999999 0.0399365
-0.0497993 0.06778480000000001 0.0379447
-0.07086050000000001 0.0347825 0.009288640000000001
-0.06904780000000001 0.0344778 0.0106427
-0.0627008 0.0338576 0.013123
-0.0600807 0.0336987 0.01336
-0.0572436 0.0336343 0.0131118
-0.0357116 0.0358916 0.0155029
-0.0353308 0.0347033 0.016646
-0.0338646 0.0340144 0.0186466
-0.031034 0.0343665 0.0189092
-0.0275658 0.0369592 0.0168111
-0.025301 0.0379129 0.0167156
-0.0136437 0.0382737 0.0184712
-0.012423 0.0382258 0.0190641
-0.0103419 0.0383185 0.0194059
-0.007813840000000001 0.0383998 0.0195462
-0.00230491 0.038462 0.0200126
-7.52397e-05 0.037877 0.020989
0.00467544 0.0369723 0.0247872
0.0072184 0.0358381 0.0256698
0.0133201 0.034801 0.0275742
0.0162593 0.034849 0.0279495
0.0191633 0.0350778 0.0285178
0.0208523 0.0352023 0.0276656
0.0222775 0.0361671 0.0282982
0.0250271 0.0373926 0.02727
0.0287985 0.0385521 0.0262584
0.0395464 0.0416355 0.0257089
0.0447739 0.0438422 0.0248039
0.0453836 0.0445828 0.0254721
-0.0837267 0.11049 0.039568
-0.0660511 0.068728 0.0340756
-0.06781239999999999 0.0347301 0.0126313
-0.0660065 0.0343024 0.013382
-0.057231 0.0336157 0.0158046
-0.0547533 0.0335048 0.0164161
-0.0357073 0.0349252 0.0190746
-0.0246007 0.0379363 0.0190952
-0.0218324 0.0380466 0.0191095
-0.0189476 0.0381833 0.0193964
-0.0162973 0.0382668 0.0191403
-0.0147995 0.0382136 0.0194957
-0.00713292 0.0384748 0.0219085
-0.00427533 0.0385621 0.0222347
-0.00156284 0.0385695 0.0223301
0.00051428 0.0383337 0.0225142
0.00978625 0.036211 0.0283805
0.0104816 0.035128 0.0274269
0.0277979 0.0391704 0.0284266
0.0308121 0.0401754 0.0275033
0.0338731 0.040833 0.0270825
0.0366959 0.0422414 0.0279889
0.0394848 0.0431072 0.0280146
0.0415717 0.0435335 0.0271532
-0.0687511 0.147184 -0.0278984
-0.0606583 0.0338316 0.0162367
-0.0544673 0.0334175 0.0192177
-0.0361895 0.0355992 0.0192692
-0.0337967 0.0340459 0.022052
-0.031216 0.0345457 0.0218316
-0.0274052 0.0377569 0.0191302
-0.0175101 0.0381991 0.0207599
-0.016033 0.0382964 0.0220573
-0.0131908 0.0383512 0.0224079
-0.0102651 0.0384418 0.0220217
-0.00146419 0.0387346 0.0249156
0.00148776 0.0386916 0.0249771
0.00735946 0.0373141 0.0273611
0.0134095 0.0348825 0.0309559
0.016135 0.0349108 0.0310347
0.0189615 0.0351313 0.0309647
0.0218517 0.0363918 0.0313251
0.0236875 0.0373106 0.0299772
0.0314384 0.0418927 0.0286641
0.0432452 0.0451124 0.0278893
-0.0689842 0.148403 -0.0340677
-0.0794475 0.0732175 0.0216948
-0.0656047 0.0349682 0.0155221
-0.0602572 0.0339634 0.0185959
-0.0574811 0.0337123 0.0192174
-0.0357155 0.0348805 0.0218083
-0.0276604 0.0377011 0.0216534
-0.024991 0.038002 0.02229
-0.022357 0.0381146 0.0223681
-0.0197247 0.038166 0.0221421
-0.0181385 0.038277 0.0223668
-0.0102332 0.0384826 0.0247007
-0.00740286 0.0385797 0.0253739
-0.00489189 0.0386546 0.0251883
0.00350659 0.0388434 0.0262887
0.00436226 0.0389136 0.0274852
0.00673136 0.0386854 0.028443
0.0102001 0.0368894 0.0309126
0.0118497 0.0354401 0.0310392
0.0161118 0.0348493 0.0337957
0.018451 0.0351086 0.0335924
0.0200475 0.0355684 0.0326031
0.0410489 0.0445052 0.0289111
-0.0671962 0.0736816 0.0379285
-0.0612726 0.0708854 0.0380779
-0.089724 0.113527 0.0337067
-0.0633546 0.06688189999999999 0.0333449
-0.0543189 0.0337648 0.0217802
-0.0526701 0.0335001 0.0221765
-0.0366651 0.0353042 0.023032
-0.0360664 0.0341884 0.0250395
-0.0337435 0.0342899 0.0256131
-0.0319429 0.0346356 0.0246022
-0.0301963 0.0366106 0.0249887
-0.0217514 0.0381536 0.0244389
-0.0198527 0.0382258 0.0238627
-0.01898 0.0383281 0.0250309
-0.0162817 0.0384328 0.0254895
-0.0136355 0.0384504 0.0249362
-0.0041604 0.0387402 0.0275198
-0.00154729 0.0388705 0.0279367
0.00133154 0.0390609 0.0285373
0.008595449999999999 0.0382141 0.0296981
0.0100332 0.036456 0.0333707
0.012878 0.0348177 0.0336137
0.033052 0.0440867 0.029429
-0.0712786 0.07333480000000001 0.0355839
-0.0747913 0.109169 0.0401489
-0.07199659999999999 0.07210279999999999 0.0336376
-0.08604539999999999 0.11137 0.0343256
-0.0891458 0.114062 0.0307113
-0.0763852 0.108818 0.0389983
-0.0601341 0.0340547 0.0218998
-0.0575181 0.0338935 0.0221469
-0.0382796 0.035429 0.0243806
-0.0372877 0.0353832 0.0246264
-0.0278897 0.037869 0.0250552
-0.025105 0.0381379 0.0253855
0 0 0
-0.0130513 0.0385681 0.0276527
-0.0101994 0.0386452 0.0279881
-0.00747201 0.0387115 0.0282194
0.00460623 0.0392791 0.0306384
0.00722151 0.0391083 0.0308746
0.00900714 0.0383394 0.0314785
0.0108045 0.0350449 0.034789
0.0133362 0.0347034 0.0365166
0.016251 0.0348987 0.0367594
0.01819 0.0352303 0.0370437
0.0195159 0.0358111 0.0367948
-0.0721566 0.06619070000000001 0.0222595
-0.07734729999999999 0.0695157 0.0193489
-0.0630613 0.0694671 0.0362652
-0.0738697 0.0672451 0.0209913
-0.062948 0.0347688 0.0224479
-0.0571374 0.0339814 0.0245323
-0.0544747 0.0340253 0.0250507
-0.0520018 0.0338535 0.0253669
-0.0438381 0.033833 0.0263899
-0.0423462 0.0339443 0.0276673
-0.0396718 0.034148 0.027696
-0.036858 0.0342228 0.0283985
-0.0338175 0.0345581 0.0278581
-0.0310127 0.0369382 0.02848
-0.0245661 0.0382373 0.0273865
-0.0232358 0.0382045 0.0267906
-0.0217094 0.0383839 0.0280208
-0.0190852 0.0384807 0.0281142
-0.0159582 0.038504 0.0280148
-0.00721212 0.0388898 0.030545
-0.00436586 0.0389562 0.0308898
-0.00148182 0.0390939 0.0311789
0.00170948 0.0392427 0.0309796
0.00745223 0.0390005 0.0329736
0.0076587 0.0347321 0.0374271
0.0104479 0.03468 0.0368453
-0.0665222 0.0776993 0.0406516
-0.0681165 0.0640584 0.024121
-0.06637759999999999 0.0635627 0.0248718
-0.087075 0.112018 0.0331249
-0.0640739 0.0617863 -0.0011495
-0.0604827 0.0600176 0.00132778
-0.060125 0.06292300000000001 0.0281223
-0.0728414 0.07103279999999999 0.031391
-0.06329369999999999 0.0345642 0.0248396
-0.0603671 0.0341632 0.0252779
-0.0515335 0.0342245 0.0279621
-0.048784 0.0340068 0.0278493
-0.0457352 0.0340218 0.0284792
-0.0344716 0.0346574 0.0299993
-0.0282132 0.0380518 0.0281506
-0.024879 0.0382754 0.0281847
-0.0163661 0.0386701 0.0304825
-0.0132778 0.0387418 0.0310524
-0.0105364 0.0388051 0.0311082
0.00126796 0.0393417 0.0335051
0.00401651 0.0394185 0.033549
0.0052969 0.0348485 0.0374397
0.00745976 0.034603 0.0394522
0.0101576 0.034616 0.0397241
0.0130564 0.034782 0.0399929
0.0154969 0.0350223 0.0399816
0.0169578 0.0354278 0.0402206
-0.08120520000000001 0.109606 0.0309941
-0.08767270000000001 0.111787 0.0358475
-0.0792829 0.109073 0.0381388
-0.0659594 0.0621594 0.00115094
-0.06332409999999999 0.0607164 0.00197883
-0.0606568 0.0595037 0.00428605
-0.0574602 0.0341777 0.0276345
-0.0543758 0.0342584 0.0282143
-0.0426291 0.034419 0.0305499
-0.0396266 0.0343425 0.0312492
-0.0367586 0.0343534 0.030962
-0.0333766 0.0356299 0.031455
-0.0284638 0.0381906 0.0302194
-0.0273172 0.0383263 0.030633
-0.0250435 0.0384432 0.030878
-0.0221673 0.0385673 0.0311784
-0.0192832 0.0385915 0.0308534
-0.0101057 0.0390185 0.0334364
-0.00742529 0.0390907 0.0339224
-0.00481968 0.039155 0.0340422
-0.0016692 0.0392224 0.0339092
0.00152218 0.0347219 0.0399225
0.00398449 0.0347117 0.0398096
0.0328934 0.0381571 -2.41096e-05
-0.0857367 0.111526 0.0418488
-0.0762457 0.07087010000000001 0.0261488
-0.06560589999999999 0.0615317 0.0026003
-0.06544469999999999 0.060881 0.00457097
-0.0632466 0.0602318 0.00429056
-0.0607013 0.0589914 0.00686541
-0.0596052 0.0585047 0.00797523
-0.0632952 0.0344219 0.0278184
-0.0606909 0.0342034 0.0283897
-0.0511657 0.0343965 0.0307031
-0.0483228 0.034473 0.0310619
-0.0454408 0.0345123 0.0307593
-0.0369469 0.0344432 0.0336679
-0.0350281 0.0346924 0.033682
-0.0310357 0.0378059 0.0309292
-0.0191633 0.0387801 0.0334029
-0.0163092 0.0389242 0.0340422
-0.0137043 0.0389886 0.0341604
-0.00406047 0.0393706 0.0362839
-0.0012002 0.0394559 0.0355961
-0.00107351 0.0349322 0.0396515
0.00489336 0.0346772 0.0424538
0.00737366 0.0346961 0.0423192
0.0102768 0.0349348 0.0428852
0.0132815 0.0351795 0.0423882
0.0164127 0.0364091 0.0426567
-0.0545234 0.0699458 0.0385955
-0.0690302 0.0625701 0.00415133
-0.0671124 0.0618759 0.00376788
-0.0635059 0.0597481 0.00741812
-0.06523669999999999 0.0347413 0.0281307
-0.0599836 0.0342834 0.0306862
-0.0571693 0.0343088 0.0310859
-0.054428 0.0343947 0.0311566
-0.0456436 0.0345703 0.0334784
-0.0428699 0.0345138 0.0339368
-0.0400361 0.0344621 0.0337034
-0.0325248 0.0371997 0.032926
-0.0304863 0.0381748 0.0325087
-0.0278007 0.0385699 0.0334261
-0.0249436 0.0387172 0.0340626
-0.0224311 0.0387731 0.0342317
-0.0126519 0.0392169 0.0365989
-0.0101583 0.039269 0.0364386
-0.00746117 0.0393743 0.0368979
-0.00429922 0.0348912 0.0408186
-0.00119797 0.0346681 0.0425545
0.001602 0.0346526 0.0429649
0.0134813 0.035857 0.0436247
-0.0711493 0.109188 0.0379103
-0.08181099999999999 0.11456 0.047449
-0.07126780000000001 0.06392780000000001 0.00432009
-0.06797789999999999 0.0615132 0.00568001
-0.0665014 0.0607757 0.00718569
-0.0633358 0.0592509 0.0101481
-0.0604612 0.0584643 0.0100874
-0.0572165 0.0573971 0.0130569
-0.065659 0.0348219 0.0305885
-0.0634943 0.0343754 0.0312585
-0.0543523 0.0344566 0.0337389
-0.0516391 0.0344914 0.0338501
-0.048912 0.0345519 0.0339389
-0.0394814 0.0344826 0.0364377
-0.0366944 0.0344556 0.036878
-0.0344867 0.034458 0.0372253
-0.0300463 0.0383431 0.0342348
-0.0216714 0.0389866 0.0364701
-0.0190651 0.0390515 0.03659
-0.0162291 0.0391605 0.0372586
-0.009793909999999999 0.0349256 0.042641
-0.0075381 0.0347618 0.0427767
-0.00406173 0.0346844 0.0428459
0.00419383 0.0349247 0.0443362
0.00688811 0.03522 0.0446274
0.00738126 0.0364549 0.0454004
0.0104421 0.0368078 0.0448225
-0.0566897 0.06967950000000001 0.0383463
-0.0698911 0.0621488 0.00725017
-0.0683014 0.0611846 0.00779151
-0.0659259 0.060129 0.0103663
-0.0620129 0.0587144 0.0113478
-0.0600966 0.05817 0.0131277
-0.06312719999999999 0.0344129 0.0336538
-0.0604686 0.0343442 0.0338436
-0.0577382 0.0344131 0.0339299
-0.0481924 0.0345688 0.0362628
-0.0456415 0.0346017 0.0367787
-0.0427351 0.0345209 0.0370286
-0.033778 0.0345484 0.0395245
-0.0311814 0.0344695 0.0404084
-0.0276356 0.038706 0.036645
-0.0249526 0.0389779 0.0369643
-0.0134153 0.0393527 0.0385624
-0.0112898 0.0395292 0.0388441
-0.0129596 0.0348802 0.0432002
-0.00727336 0.0346498 0.0453421
-0.00451511 0.0347527 0.0453808
-0.0017633 0.0348385 0.0454244
0.00160099 0.0351269 0.0454172
0.00442055 0.0363014 0.0458021
-0.0612601 0.0653881 0.0322823
-0.0729873 0.0650818 0.0052814
-0.071793 0.06347 0.00762881
-0.0689037 0.0612701 0.0101692
-0.0635396 0.0591311 0.0131847
-0.0617744 0.0585089 0.0133805
-0.05792 0.0577904 0.015713
-0.0654536 0.0347957 0.0341308
-0.0570062 0.0344447 0.0362341
-0.0544708 0.0344521 0.036768
-0.0515112 0.0345651 0.0371306
-0.0425017 0.0346023 0.0393697
-0.0396926 0.0346218 0.0397774
-0.0370248 0.0345718 0.0399536
-0.0244003 0.0390404 0.0383653
-0.0223085 0.0391616 0.0386891
-0.0192007 0.0392753 0.0392298
-0.0160474 0.0394715 0.0397067
-0.0159752 0.0347918 0.0438104
-0.0130552 0.0347302 0.0455424
-0.010508 0.0347042 0.0457563
-0.000973441 0.0353569 0.0464761
-0.06898799999999999 0.148982 -0.0367343
-0.07325189999999999 0.06488770000000001 0.00719031
-0.0719201 0.06332119999999999 0.0103585
-0.0688532 0.0610949 0.0131993
-0.0664064 0.0600676 0.0134377
-0.0631809 0.059372 0.0161816
-0.0600857 0.0584753 0.0162794
-0.06318260000000001 0.0345203 0.0365861
-0.0603421 0.034405 0.0371181
-0.0511755 0.0345434 0.0395669
-0.0484594 0.0345879 0.0396775
-0.0456563 0.0345956 0.0400956
-0.0365592 0.0348088 0.0422086
-0.0337089 0.0347084 0.042727
-0.0312276 0.0347268 0.0429513
-0.0283302 0.034689 0.0430217
-0.0252213 0.0348271 0.0435644
-0.0231843 0.0348489 0.0439808
-0.0217648 0.0348166 0.0453659
-0.0189864 0.034776 0.0458181
-0.0161487 0.0347405 0.0455781
-0.0101787 0.0349846 0.0479646
-0.007447 0.0349135 0.0472889
-0.00579434 0.0351694 0.0474261
-0.00175668 0.036107 0.0473968
-0.0644463 0.0769092 0.0410862
-0.074087 0.07347140000000001 0.0331119
-0.0702178 0.0620248 0.0130007
-0.0660763 0.0602874 0.0162807
-0.0608999 0.058839 0.0168686
-0.0578587 0.0585066 0.0186885
-0.06532839999999999 0.0349129 0.0366619
-0.060303 0.0344983 0.0398108
-0.057273 0.0344558 0.0396381
-0.0544535 0.0344959 0.0400358
-0.0453419 0.0348305 0.0423134
-0.0428804 0.0349911 0.0419805
-0.0399195 0.0351135 0.041949
-0.0305057 0.034834 0.0452286
-0.0277059 0.0348365 0.0456527
-0.0250228 0.0348144 0.0458086
-0.0160792 0.0347954 0.0481801
-0.0134513 0.0349656 0.0486077
-0.0659086 0.06438770000000001 0.026894
-0.0719451 0.0636646 0.0133327
-0.0682918 0.0611469 0.0159546
-0.0633407 0.0601272 0.0190813
-0.0603479 0.0593878 0.0193068
-0.0648928 0.0350374 0.038379
-0.0633224 0.0347605 0.039797
-0.0542244 0.0345388 0.0423634
-0.0515336 0.0345667 0.0426631
-0.0486397 0.0347561 0.0429549
-0.0359844 0.0351259 0.0445086
-0.0336116 0.0349124 0.0458779
-0.0249377 0.0348778 0.0483679
-0.022286 0.0348032 0.048574
-0.0196024 0.0347942 0.0487301
-0.0120723 0.0353434 0.0494553
-0.0679292 0.0674285 0.0308631
-0.0791205 0.07097829999999999 0.00599758
-0.0731928 0.064943 0.0125198
-0.0699171 0.0621877 0.0164987
-0.0877043 0.111984 0.0401433
-0.0602306 0.0346289 0.0424391
-0.0574847 0.0345291 0.0429423
-0.0455603 0.0354469 0.0438807
-0.035019 0.035354 0.0462574
-0.0309561 0.0349258 0.0483164
-0.0281687 0.0349082 0.0487597
-0.0192847 0.034982 0.05078
-0.016313 0.0351836 0.0504037
-0.0763247 0.06790889999999999 0.0110614
-0.06846480000000001 0.0617211 0.0180797
-0.06461989999999999 0.0359342 0.0410351
-0.0625883 0.0350605 0.0422449
-0.0514892 0.0349285 0.0447583
-0.0326308 0.0352345 0.0485487
-0.045853 0.148594 -0.00370371
-0.06923269999999999 0.149562 -0.0395297
-0.0483699 0.146034 -0.00115148
-0.0613731 0.166672 -0.0595846
-0.0689777 0.150533 -0.0428243
-0.0249204 0.157903 -0.0104489
-0.0423454 0.150536 -0.00541416
-0.0643006 0.149063 -0.0275217
-0.0655659 0.154438 -0.0456045
-0.063878 0.143579 -0.0100331
-0.0659618 0.147891 -0.0278999
-0.06359570000000001 0.145423 -0.013054
-0.0449931 0.152736 -0.00651735
-0.0250831 0.160182 -0.0133205
-0.0654851 0.150372 -0.0342525
-0.06386989999999999 0.146102 -0.0157011
-0.0131808 0.165451 -0.0195785
-0.0660789 0.144619 -0.015887
-0.0158193 0.162923 -0.0160168
-0.0665236 0.152087 -0.0423455
-0.06625259999999999 0.143488 -0.0127307
-0.0451971 0.147592 -0.00276132
-0.0394668 0.150443 -0.00460253
-0.0663323 0.145309 -0.018858
-0.0425034 0.152163 -0.0067085
-0.033857 0.1525 -0.00416488
-0.0334583 0.153843 -0.00727977
-0.067159 0.152634 -0.0476967
-0.0427248 0.147844 -0.00149851
-0.0665461 0.151326 -0.0394905
-0.0399772 0.152054 -0.00677178
-0.0224591 0.160495 -0.0133558
-0.0652177 0.144322 -0.0140816
-0.0670005 0.152195 -0.0457919
-0.067139 0.149953 -0.0371146
-0.051152 0.14218 0.00129156
-0.0429309 0.149092 -0.00395164
-0.0219487 0.158272 -0.00979468
-0.0366202 0.152526 -0.00661447
-0.0661735 0.154205 -0.0486414
-0.0367031 0.153662 -0.008070559999999999
-0.0459514 0.146452 -0.001005
-0.0127773 0.167011 -0.0216097
-0.0148931 0.161809 -0.0143393
-0.0656142 0.151227 -0.0365467
-0.06487900000000001 0.156976 -0.0513283
-0.0640723 0.151904 -0.0337663
-0.0279764 0.157062 -0.0102025
-0.0686076 0.145713 -0.0228379
-0.0660094 0.146209 -0.0215711
-0.0695171 0.141232 -0.008458139999999999
-0.0164717 0.164478 -0.0177156
-0.0128851 0.164546 -0.0183954
-0.0308647 0.156634 -0.0104773
-0.0494259 0.144129 0.00171058
-0.06923269999999999 0.146522 -0.0252718
-0.06374879999999999 0.148962 -0.024902
-0.065557 0.158804 -0.0559152
-0.07176730000000001 0.146065 -0.0213605
-0.0192251 0.160572 -0.0130882
-0.06542100000000001 0.14151 -0.008172469999999999
-0.0338836 0.15537 -0.00957276
-0.0281904 0.15544 -0.00748275
-0.0643373 0.146634 -0.0189485
-0.0652167 0.147555 -0.0249915
-0.06438580000000001 0.158644 -0.0550626
-0.0691142 0.144907 -0.0194062
-0.0248477 0.156593 -0.00730506
-0.070219 0.146984 -0.026659
-0.0218385 0.158969 -0.0111275
-0.066761 0.149061 -0.0334672
-0.0649407 0.153497 -0.0400521
-0.0660048 0.14877 -0.0308592
-0.0195496 0.161752 -0.0147401
-0.0643159 0.158145 -0.0519517
-0.0505186 0.144191 0.000702726
-0.06450500000000001 0.152553 -0.0362048
-0.0687801 0.143291 -0.0130328
-0.0437605 0.146927 0.00133694
-0.0482581 0.144701 0.00135428
-0.0652764 0.154204 -0.0429397
-0.0685487 0.144413 -0.0171202
-0.0262324 0.15581 -0.00635861
-0.0643695 0.149877 -0.0298747
-0.0318636 0.155275 -0.00893878
$EndNodes
$Elements
1 16301 1 16301
2 1 2 16301
1 1539 2411 1102 
2 714 6197 102 
3 697 705 102 
4 1193 118 1114 
5 1261 174 1858 
6 541 1193 1114 
7 705 697 399 
8 399 697 459 
9 1606 773 4541 
10 1193 541 1858 
11 773 714 810 
12 714 174 1261 
13 174 1193 1858 
14 810 714 1261 
15 805 4129 4121 
16 1134 805 4121 
17 4129 4141 4532 
18 4141 1535 4137 
19 4532 4141 4137 
20 4137 1535 1255 
21 4516 1610 4486 
22 711 1397 890 
23 1246 3619 4205 
24 2047 1906 769 
25 2454 5700 5699 
26 1255 2047 769 
27 769 1906 1394 
28 1394 1491 4113 
29 5658 5659 5681 
30 1491 4282 840 
31 4113 1491 840 
32 840 4282 1331 
33 6898 8080 3287 
34 921 4292 1938 
35 322 1133 1223 
36 5339 4916 4915 
37 1094 4538 841 
38 4538 1698 841 
39 706 660 4159 
40 7249 7324 7323 
41 5414 5104 799 
42 5245 5290 5267 
43 4198 4218 4259 
44 278 361 215 
45 4499 4537 4536 
46 4498 4499 4536 
47 232 655 776 
48 4536 4537 793 
49 8066 6578 8095 
50 1596 704 4146 
51 5204 1090 4370 
52 2699 5204 4370 
53 1654 4492 227 
54 2942 2941 2908 
55 6414 6415 3341 
56 5232 3277 923 
57 1629 793 884 
58 4274 2043 543 
59 4092 4127 4126 
60 4078 4092 4126 
61 5619 104 2012 
62 2027 935 4252 
63 4124 4174 4173 
64 3398 4124 4173 
65 4123 4124 3398 
66 83 285 81 
67 5114 6121 5846 
68 804 697 102 
69 140 1421 2138 
70 1349 1311 738 
71 1424 197 397 
72 4404 4357 4433 
73 144 782 143 
74 1149 1926 4133 
75 1032 805 1134 
76 459 1032 1134 
77 1319 2138 1421 
78 4256 4329 4302 
79 716 175 1653 
80 5484 8117 5262 
81 1469 1452 543 
82 2207 2220 4979 
83 805 4141 4129 
84 1223 1133 4522 
85 4522 1319 607 
86 5163 5619 1444 
87 3222 5262 8120 
88 4068 4078 4072 
89 4527 1652 4516 
90 4527 892 1652 
91 6321 6346 3534 
92 4141 780 1535 
93 840 1331 1482 
94 1535 545 1255 
95 140 1319 1421 
96 1843 941 1841 
97 5731 5730 3616 
98 175 716 1148 
99 1346 1847 1094 
100 4085 1179 4114 
101 3398 4173 1258 
102 2043 1469 543 
103 788 4131 176 
104 1462 1312 1311 
105 1312 458 1311 
106 4212 322 886 
107 117 4212 886 
108 3762 4327 1464 
109 545 1906 2047 
110 1255 545 2047 
111 1311 458 230 
112 58 4161 736 
113 4030 4215 4020 
114 4368 4422 4391 
115 4256 4302 4301 
116 4412 963 1007 
117 2708 1336 4447 
118 889 758 121 
119 4981 4548 2164 
120 892 1462 201 
121 892 201 1652 
122 4839 312 25 
123 170 106 1881 
124 1394 4180 1491 
125 1491 4180 4282 
126 3264 8103 8090 
127 701 758 897 
128 4466 4485 4515 
129 4203 701 465 
130 3284 2969 1694 
131 1610 4515 4485 
132 4486 1610 4485 
133 1610 715 4515 
134 607 1319 140 
135 1748 980 971 
136 4137 1255 400 
137 4474 4452 4498 
138 4058 2421 4264 
139 1397 771 890 
140 4422 4421 4391 
141 1070 4139 1210 
142 3949 3671 1878 
143 2708 5163 1336 
144 3485 864 1301 
145 4979 5001 6415 
146 191 1162 1022 
147 897 758 889 
148 1349 738 498 
149 640 1349 498 
150 1113 4203 4195 
151 3959 3958 3904 
152 65 614 12 
153 1345 457 796 
154 28 44 546 
155 1034 889 31 
156 1024 4225 1034 
157 4195 4203 465 
158 498 738 191 
159 738 357 191 
160 2873 1246 4205 
161 4376 4532 4137 
162 1242 242 1390 
163 4129 4532 4376 
164 4121 4129 4376 
165 710 1834 654 
166 1794 4151 70 
167 70 1320 71 
168 1793 1376 25 
169 6321 7501 6346 
170 1226 58 1246 
171 1258 4173 4215 
172 998 191 1022 
173 465 4225 1024 
174 4 465 1024 
175 715 640 951 
176 715 951 4515 
177 7748 7747 7699 
178 653 1297 1384 
179 1204 1205 1203 
180 971 6019 1748 
181 4431 4452 4474 
182 121 4363 4412 
183 7849 7875 7824 
184 468 467 361 
185 1260 4096 4180 
186 6 414 316 
187 4099 4058 4264 
188 1058 1597 1070 
189 972 1058 1070 
190 45 413 1794 
191 4020 4256 4301 
192 5379 5413 5378 
193 1260 4115 4060 
194 4983 5001 4979 
195 4335 966 1420 
196 1565 1086 1596 
197 4173 4216 4215 
198 1226 2873 2429 
199 4111 1634 504 
200 4329 4379 4355 
201 514 1344 377 
202 3998 3999 4040 
203 8102 8123 8088 
204 5001 6416 6415 
205 661 704 1626 
206 806 2353 25 
207 1600 800 1195 
208 5851 4012 5785 
209 3872 5851 5785 
210 2873 1226 1246 
211 1634 514 377 
212 3872 5785 879 
213 660 4172 803 
214 709 1223 366 
215 118 459 1134 
216 4498 4536 4535 
217 1968 1967 1904 
218 3260 4092 4069 
219 4186 3114 53 
220 8091 8133 3007 
221 212 966 4335 
222 4215 4255 4020 
223 1024 2046 212 
224 1924 1024 212 
225 4044 2799 2957 
226 4536 793 1629 
227 399 459 118 
228 140 2138 778 
229 4535 4536 1629 
230 4412 4363 963 
231 5200 5199 5178 
232 1839 4428 364 
233 5214 5234 5213 
234 1420 800 1600 
235 212 31 966 
236 348 103 2424 
237 139 3872 879 
238 4183 4202 4052 
239 2314 1223 709 
240 886 2314 709 
241 3328 3978 3514 
242 3536 1346 841 
243 916 914 917 
244 679 635 683 
245 635 347 683 
246 7255 6348 7861 
247 8062 8083 8103 
248 1596 1086 704 
249 2661 2754 2350 
250 2339 2681 4040 
251 4041 2339 4040 
252 5308 5307 4394 
253 4538 706 1698 
254 6564 8062 8064 
255 1306 4447 1301 
256 4313 4312 491 
257 4302 4329 4355 
258 468 504 467 
259 4052 1934 1696 
260 6860 6861 6912 
261 2456 2213 5002 
262 1198 6342 4984 
263 5241 5240 5219 
264 706 1347 1698 
265 1732 1748 605 
266 492 587 679 
267 834 492 679 
268 587 680 679 
269 680 87 635 
270 679 680 635 
271 1486 347 635 
272 87 1486 635 
273 1486 497 347 
274 592 639 347 
275 497 592 347 
276 30 16 639 
277 592 30 639 
278 30 439 16 
279 746 962 439 
280 746 447 962 
281 4188 1024 1924 
282 190 1022 4188 
283 366 607 140 
284 884 793 147 
285 175 1598 893 
286 827 1022 190 
287 5571 1351 5642 
288 8073 531 3669 
289 5700 5728 5727 
290 2928 2927 2883 
291 6913 6944 6943 
292 6342 1198 2809 
293 537 1306 1301 
294 5179 5200 5178 
295 4312 4384 491 
296 175 1423 1598 
297 5643 5659 5658 
298 587 87 680 
299 1922 447 746 
300 1200 40 447 
301 1626 4223 4252 
302 1488 305 2681 
303 305 1488 489 
304 2151 965 3085 
305 5727 5728 5765 
306 804 5 697 
307 3512 4030 4020 
308 5 1032 459 
309 697 5 459 
310 5728 5766 5765 
311 4370 1090 4394 
312 4327 3342 3259 
313 4159 660 803 
314 5835 5834 5817 
315 3009 7052 7030 
316 966 889 800 
317 951 1653 4484 
318 4515 951 4484 
319 1113 117 886 
320 3863 1974 7811 
321 2094 2258 1750 
322 467 417 144 
323 812 4955 813 
324 93 1922 746 
325 93 447 1922 
326 318 345 94 
327 94 345 40 
328 1627 3254 350 
329 4380 4432 4431 
330 4379 4380 4431 
331 4504 780 4141 
332 5284 5285 5338 
333 805 4504 4141 
334 2071 1368 1245 
335 361 467 215 
336 230 117 1113 
337 4078 4110 4077 
338 1024 1034 2046 
339 315 1420 1600 
340 876 2156 1921 
341 4445 4483 4465 
342 31 889 966 
343 4901 4546 5579 
344 1261 1462 892 
345 810 1261 892 
346 1272 4549 2253 
347 2247 352 353 
348 6947 6969 6917 
349 6556 2094 1750 
350 236 1293 1518 
351 1293 1851 1518 
352 1521 587 492 
353 252 1521 492 
354 1521 2226 587 
355 64 87 587 
356 2226 64 587 
357 64 245 1486 
358 87 64 1486 
359 1486 245 497 
360 245 591 592 
361 497 245 592 
362 591 1199 30 
363 592 591 30 
364 1199 442 439 
365 30 1199 439 
366 442 957 746 
367 439 442 746 
368 746 957 93 
369 93 869 447 
370 1248 1200 447 
371 869 1248 447 
372 94 40 1200 
373 1248 94 1200 
374 2151 3085 833 
375 489 2151 833 
376 6045 5934 5935 
377 8077 1296 3041 
378 780 545 1535 
379 2339 1488 2681 
380 1488 2151 489 
381 1906 4180 1394 
382 682 684 303 
383 1261 1312 1462 
384 5163 1444 1336 
385 4483 4526 4514 
386 4335 1420 315 
387 951 716 1653 
388 1306 2708 4447 
389 121 4412 1007 
390 4546 3622 5579 
391 7265 7264 7223 
392 6699 6700 6751 
393 1521 535 64 
394 2226 1521 64 
395 64 535 245 
396 318 94 4540 
397 3085 965 3095 
398 1295 875 170 
399 2790 2833 2832 
400 4166 88 2478 
401 833 3085 3095 
402 4431 4432 4452 
403 349 250 269 
404 5619 5617 1444 
405 716 498 1148 
406 4469 3674 3474 
407 7747 7746 7698 
408 3750 5381 5305 
409 889 121 1007 
410 2133 2132 2086 
411 8108 3007 2732 
412 5813 5824 7074 
413 154 1244 1293 
414 236 154 1293 
415 1293 1244 1851 
416 113 252 1851 
417 1244 113 1851 
418 1594 1521 252 
419 113 1594 252 
420 1594 173 535 
421 1521 1594 535 
422 728 727 628 
423 591 590 1199 
424 1199 358 442 
425 443 311 957 
426 442 443 957 
427 311 61 93 
428 957 311 93 
429 93 61 869 
430 61 1789 1248 
431 869 61 1248 
432 1789 114 94 
433 1248 1789 94 
434 1060 1295 170 
435 106 784 1067 
436 142 4207 4187 
437 6861 6913 6912 
438 5014 6485 5456 
439 965 1295 1060 
440 3095 965 1060 
441 129 884 4595 
442 884 129 77 
443 3751 1464 3682 
444 6095 3374 3301 
445 4180 1491 4282 
446 1491 4311 4282 
447 1462 1311 1349 
448 701 897 4225 
449 1022 1162 4 
450 1351 5643 5642 
451 460 212 4335 
452 4238 4258 4276 
453 5802 5818 5801 
454 4445 4465 4444 
455 6351 6350 6322 
456 2046 1034 31 
457 1743 7052 3009 
458 7053 3661 3455 
459 6791 6810 6755 
460 1594 17 173 
461 3400 4551 4448 
462 527 583 626 
463 726 725 626 
464 8130 7694 8117 
465 1196 4396 5195 
466 3009 3976 3945 
467 130 129 696 
468 130 77 129 
469 6150 3702 3649 
470 3496 3495 3435 
471 8117 7694 8072 
472 196 4351 4099 
473 1151 39 111 
474 1312 541 458 
475 498 191 998 
476 460 4335 4413 
477 1751 4895 1699 
478 4413 4335 315 
479 4545 6354 6687 
480 5522 8072 8126 
481 315 1600 4245 
482 5537 5523 5558 
483 5851 3750 4012 
484 1996 2050 2016 
485 6300 405 6418 
486 173 17 1744 
487 583 584 626 
488 784 689 1067 
489 170 875 106 
490 875 784 106 
491 616 4282 4311 
492 227 1151 111 
493 775 1635 684 
494 4175 4218 4198 
495 541 4212 117 
496 201 1462 1349 
497 465 701 4225 
498 1148 498 998 
499 104 2031 2012 
500 4430 1924 460 
501 1700 1752 1751 
502 1699 1700 1751 
503 4588 4589 4590 
504 1812 1886 1811 
505 6554 3253 3284 
506 4483 4514 4465 
507 977 4965 4966 
508 2051 2050 1996 
509 1951 2051 1996 
510 2051 2076 2050 
511 2076 2097 2050 
512 3662 2213 2456 
513 1332 1244 154 
514 598 1332 154 
515 554 113 1244 
516 1332 554 1244 
517 554 1728 1594 
518 113 554 1594 
519 1728 1744 17 
520 1594 1728 17 
521 171 1291 1241 
522 1185 1000 1189 
523 527 528 583 
524 584 627 626 
525 3599 3548 6599 
526 2681 305 2663 
527 2854 3191 2417 
528 3301 5978 6095 
529 61 146 1789 
530 311 2695 61 
531 8127 6892 3149 
532 7925 7924 7874 
533 3008 4487 6071 
534 1066 1341 1451 
535 689 1066 1067 
536 3360 3326 3327 
537 5179 5178 4631 
538 1981 2008 1980 
539 1985 1917 1918 
540 278 215 1993 
541 1540 97 1588 
542 4336 4152 1834 
543 769 1394 865 
544 458 541 117 
545 1653 893 4526 
546 2031 3914 2012 
547 2015 1924 737 
548 4393 2342 7052 
549 2098 2097 2076 
550 2008 1979 1980 
551 1937 1334 2342 
552 1412 1332 598 
553 5354 6837 145 
554 1722 1779 1778 
555 393 171 1241 
556 1476 1477 1548 
557 434 435 486 
558 528 584 583 
559 386 387 434 
560 435 528 527 
561 338 339 386 
562 239 339 238 
563 387 435 434 
564 339 387 386 
565 339 338 238 
566 3383 3382 3357 
567 2583 2475 2586 
568 5078 4550 1810 
569 3306 3359 3325 
570 3384 3383 3358 
571 3901 3479 3456 
572 1067 1066 1451 
573 2037 2082 2036 
574 2082 2127 2069 
575 2082 2069 2036 
576 2127 2126 2069 
577 2275 1883 4981 
578 865 4113 840 
579 3342 864 3259 
580 864 537 1301 
581 1394 4113 865 
582 4212 4213 322 
583 1598 1423 19 
584 2015 4188 1924 
585 1924 4430 737 
586 737 4430 460 
587 359 190 4185 
588 1951 1930 1886 
589 2051 2098 2076 
590 1781 1844 1843 
591 1549 1550 1618 
592 8131 8121 8099 
593 3081 1303 14 
594 1845 1846 1874 
595 2036 2069 1979 
596 1060 170 653 
597 486 435 527 
598 2651 3982 3055 
599 3454 2651 3055 
600 2893 1306 537 
601 7694 8130 3977 
602 444 172 445 
603 2744 3688 1379 
604 3546 3596 3575 
605 914 2893 537 
606 3433 3493 3463 
607 3359 3384 3358 
608 5770 5769 5732 
609 6046 6081 5454 
610 549 596 646 
611 8071 3535 3669 
612 1587 1196 3316 
613 400 1255 769 
614 4376 4137 400 
615 4213 295 322 
616 357 4195 1162 
617 191 357 1162 
618 1423 1148 998 
619 1653 175 893 
620 1423 827 19 
621 4185 4188 2015 
622 5978 3301 1937 
623 1753 1813 1812 
624 1752 1753 1812 
625 1887 1886 1812 
626 1813 1887 1812 
627 1952 1951 1886 
628 1887 1952 1886 
629 1952 1997 1951 
630 2052 2051 1951 
631 1997 2052 1951 
632 2099 2098 2051 
633 2052 2099 2051 
634 2099 2144 2098 
635 596 647 646 
636 3493 3546 3492 
637 1046 1145 993 
638 8129 8067 3278 
639 1875 1914 1913 
640 387 436 435 
641 396 172 60 
642 60 172 444 
643 3918 3917 3869 
644 3149 6892 3009 
645 744 743 648 
646 1404 1405 1476 
647 789 2559 601 
648 3543 3574 3542 
649 3959 3960 3999 
650 939 5 804 
651 5 265 1032 
652 265 4236 805 
653 4195 465 4 
654 506 5310 470 
655 1636 1700 1443 
656 4444 4443 4392 
657 4444 4465 4443 
658 4465 4464 4443 
659 1329 1406 1328 
660 1839 364 1838 
661 725 817 816 
662 1915 1984 1983 
663 1620 1687 1686 
664 2125 2194 2124 
665 1682 1683 1740 
666 292 337 336 
667 1664 1631 3082 
668 727 726 627 
669 628 727 627 
670 727 819 726 
671 1477 1549 1548 
672 907 818 819 
673 3961 3960 3917 
674 3918 3961 3917 
675 3961 4001 4000 
676 3960 3961 4000 
677 7116 7140 7130 
678 3190 3017 2151 
679 1032 265 805 
680 805 4236 4504 
681 4504 4236 780 
682 780 710 545 
683 174 705 399 
684 1162 4195 4 
685 2353 1793 25 
686 4716 4717 4715 
687 6433 3266 1942 
688 1604 1637 1636 
689 1567 1604 1636 
690 1704 1753 1703 
691 2144 2167 2166 
692 291 334 290 
693 1406 1405 1328 
694 1406 1478 1405 
695 7004 7003 6964 
696 3304 3305 3324 
697 723 724 815 
698 628 627 584 
699 529 628 584 
700 4427 6578 6838 
701 1909 29 3637 
702 3359 3358 3325 
703 4043 2947 4042 
704 2947 2572 3195 
705 3191 2556 2417 
706 2559 20 601 
707 545 4455 1906 
708 4455 4136 1906 
709 118 1134 4214 
710 1906 4136 4180 
711 1806 1491 4180 
712 1806 4311 1491 
713 1806 616 4311 
714 4522 1592 1319 
715 107 1208 5147 
716 4422 4463 4421 
717 1339 4215 4030 
718 7458 7516 7540 
719 1496 1568 1567 
720 1495 1496 1567 
721 1568 1569 1604 
722 1567 1568 1604 
723 1569 1638 1637 
724 1604 1569 1637 
725 1638 1705 1704 
726 1637 1638 1704 
727 1754 1753 1704 
728 1705 1754 1704 
729 1754 1796 1753 
730 1814 1813 1753 
731 1796 1814 1753 
732 1888 1887 1813 
733 1814 1888 1813 
734 1888 1953 1952 
735 1887 1888 1952 
736 1953 1997 1952 
737 2053 2052 1997 
738 1953 2053 1997 
739 2100 2099 2052 
740 2053 2100 2052 
741 2100 2144 2099 
742 8081 8095 8070 
743 3933 1060 653 
744 6312 8123 1169 
745 625 724 624 
746 1980 1979 1912 
747 388 387 339 
748 239 240 339 
749 1688 1783 1782 
750 341 594 910 
751 1919 909 1191 
752 5118 351 2292 
753 2434 2401 2435 
754 866 777 868 
755 4214 1134 4121 
756 322 295 1133 
757 102 174 714 
758 656 196 4057 
759 196 4099 4057 
760 661 119 68 
761 1610 201 715 
762 1429 1496 1495 
763 1496 1569 1568 
764 1754 1814 1796 
765 3195 2572 3017 
766 2033 2124 2123 
767 648 550 2610 
768 2260 6315 6647 
769 1329 1330 1406 
770 1407 1448 1447 
771 1778 1779 1840 
772 8085 8111 8125 
773 437 436 387 
774 340 388 339 
775 487 529 435 
776 529 584 528 
777 3457 3567 3862 
778 530 529 487 
779 438 487 437 
780 1874 1875 1913 
781 1617 1618 1684 
782 3463 3493 3462 
783 1881 106 2559 
784 3546 3545 3492 
785 2434 112 2401 
786 102 705 174 
787 1133 1592 4522 
788 5766 5802 5765 
789 278 782 12 
790 614 278 12 
791 880 4124 4123 
792 3422 8114 3279 
793 912 2159 6685 
794 1352 1429 8009 
795 1352 1396 1429 
796 1568 1569 1496 
797 1815 1814 1754 
798 1657 3228 3199 
799 450 548 547 
800 3960 4000 3999 
801 449 450 547 
802 648 692 744 
803 2192 2193 393 
804 548 645 547 
805 628 629 728 
806 1235 1236 1329 
807 1977 2033 2007 
808 3324 3323 3304 
809 487 435 436 
810 388 437 387 
811 529 528 435 
812 1406 1407 1447 
813 305 489 3081 
814 3332 3365 3331 
815 1297 1881 2559 
816 7398 7454 7425 
817 1319 868 2138 
818 3818 4757 4683 
819 5241 5265 5240 
820 5617 5619 2012 
821 5259 5283 5282 
822 2027 1928 4235 
823 2259 1264 5456 
824 3363 6351 6322 
825 2159 2273 6685 
826 7152 3292 3291 
827 1354 1430 1429 
828 1396 1354 1429 
829 1497 1496 1429 
830 1430 1497 1429 
831 1570 1568 1496 
832 1497 1570 1496 
833 1605 1569 1568 
834 1570 1605 1568 
835 1639 1638 1569 
836 1605 1639 1569 
837 1639 1706 1705 
838 1638 1639 1705 
839 1755 1754 1705 
840 1706 1755 1705 
841 1816 1815 1754 
842 1755 1816 1754 
843 1863 1814 1815 
844 1816 1863 1815 
845 1889 1888 1814 
846 1863 1889 1814 
847 1954 1953 1888 
848 1889 1954 1888 
849 2054 2053 1953 
850 1954 2054 1953 
851 2101 2100 2053 
852 2054 2101 2053 
853 829 828 742 
854 386 434 433 
855 1843 1844 1911 
856 2010 1189 863 
857 1781 1804 1844 
858 437 487 436 
859 433 485 484 
860 3988 3947 22 
861 1781 1782 1804 
862 1063 1015 930 
863 1183 1049 954 
864 1184 1183 954 
865 2946 3901 3456 
866 7116 7130 7103 
867 4174 4217 4216 
868 4336 4281 643 
869 1113 886 4203 
870 2027 4235 935 
871 3819 1908 2786 
872 4329 4330 4379 
873 1208 107 3879 
874 6204 323 804 
875 4330 4380 4379 
876 2377 6571 1264 
877 5060 1517 3178 
878 5503 2209 5082 
879 3320 2246 2337 
880 1353 1396 1352 
881 1570 1639 1605 
882 2055 2054 1954 
883 3917 3960 3905 
884 909 910 1191 
885 5118 2292 187 
886 629 729 728 
887 335 336 432 
888 2124 2193 2192 
889 1291 1185 2010 
890 1448 1408 1480 
891 3464 3495 3433 
892 1858 541 1312 
893 864 3485 3259 
894 4078 4077 4072 
895 4256 4276 4329 
896 323 6 5 
897 939 323 5 
898 6 316 265 
899 5 6 265 
900 4276 4330 4329 
901 6620 2246 1266 
902 626 625 582 
903 583 626 582 
904 1782 1783 1804 
905 1780 1842 1841 
906 1919 2010 909 
907 2193 2194 171 
908 1146 1145 1046 
909 2123 2124 2192 
910 525 526 581 
911 4519 1929 1880 
912 927 1012 1011 
913 927 926 828 
914 2069 2034 2035 
915 6296 3284 8104 
916 3356 3355 3323 
917 1979 2069 2035 
918 1234 1328 1233 
919 222 2769 2542 
920 265 316 4236 
921 4236 4160 780 
922 780 4160 710 
923 5057 5006 4951 
924 3703 5521 1991 
925 6563 6300 4555 
926 1355 1431 1430 
927 1354 1355 1430 
928 1431 1498 1497 
929 1430 1431 1497 
930 1498 1571 1570 
931 1497 1498 1570 
932 1571 1640 1639 
933 1570 1571 1639 
934 1707 1706 1639 
935 1640 1707 1639 
936 1707 1756 1755 
937 1706 1707 1755 
938 1817 1816 1755 
939 1756 1817 1755 
940 1864 1863 1816 
941 1817 1864 1816 
942 1864 1890 1889 
943 1863 1864 1889 
944 1890 1955 1954 
945 1889 1890 1954 
946 2056 2055 1954 
947 1955 2056 1954 
948 2077 2054 2055 
949 2056 2077 2055 
950 2102 2101 2054 
951 2077 2102 2054 
952 2169 2168 2101 
953 2102 2169 2101 
954 2169 2091 2090 
955 2168 2169 2090 
956 863 961 341 
957 909 341 910 
958 1618 1685 1684 
959 1048 907 2845 
960 1327 1326 1232 
961 1144 1143 992 
962 1233 1327 1232 
963 1189 1000 863 
964 525 581 624 
965 2194 2193 2124 
966 434 486 485 
967 433 434 485 
968 340 388 240 
969 1235 1234 1143 
970 109 2135 36 
971 791 743 744 
972 1114 4214 4213 
973 541 1114 4212 
974 365 366 4363 
975 366 140 4363 
976 140 964 963 
977 704 661 4146 
978 1169 4572 6312 
979 8080 3422 8105 
980 545 654 4455 
981 4570 2455 2273 
982 6072 6378 6083 
983 6951 4982 5007 
984 6563 5968 405 
985 6571 6563 4555 
986 1354 1268 1355 
987 1499 1572 1571 
988 1498 1499 1571 
989 1571 1572 1640 
990 1145 1146 1235 
991 2034 2125 2124 
992 3720 3516 960 
993 1548 1617 1616 
994 1547 1548 1616 
995 2085 1049 1050 
996 743 829 742 
997 690 3316 3829 
998 527 526 485 
999 486 527 485 
1000 1241 1291 1919 
1001 829 927 828 
1002 36 752 6229 
1003 745 791 744 
1004 830 829 743 
1005 5802 5801 5765 
1006 6578 4427 6838 
1007 470 469 368 
1008 654 4054 4136 
1009 4455 654 4136 
1010 377 1344 1565 
1011 2260 6647 8104 
1012 4180 4096 1806 
1013 5844 1029 2959 
1014 5498 4531 2240 
1015 2159 4570 2273 
1016 3583 3455 3661 
1017 6300 6563 405 
1018 1466 1499 1498 
1019 1431 1466 1498 
1020 633 1185 1291 
1021 507 633 691 
1022 171 507 691 
1023 3904 3958 3957 
1024 1001 861 1877 
1025 1783 1845 1844 
1026 1778 1840 1839 
1027 1804 1783 1844 
1028 402 449 2446 
1029 6613 6649 6612 
1030 791 830 743 
1031 199 198 127 
1032 128 199 127 
1033 369 368 198 
1034 199 369 198 
1035 369 470 368 
1036 615 616 1806 
1037 6647 6296 8104 
1038 1565 1596 4146 
1039 1095 840 1482 
1040 2409 5232 2220 
1041 6563 3899 5968 
1042 1117 5498 2240 
1043 7479 7478 7423 
1044 8021 2321 8020 
1045 1356 1355 1268 
1046 1315 1356 1268 
1047 1432 1431 1355 
1048 1356 1432 1355 
1049 1432 1467 1466 
1050 1431 1432 1466 
1051 1467 1500 1499 
1052 1466 1467 1499 
1053 1500 1573 1572 
1054 1499 1500 1572 
1055 1641 1640 1572 
1056 1573 1641 1572 
1057 1641 1708 1707 
1058 1640 1641 1707 
1059 1757 1756 1707 
1060 1708 1757 1707 
1061 1757 1818 1817 
1062 1756 1757 1817 
1063 1818 1819 1864 
1064 1817 1818 1864 
1065 1819 1891 1890 
1066 1864 1819 1890 
1067 1891 1956 1955 
1068 1890 1891 1955 
1069 1956 2057 2056 
1070 1955 1956 2056 
1071 2057 2058 2077 
1072 2056 2057 2077 
1073 2103 2102 2077 
1074 2058 2103 2077 
1075 2103 2170 2169 
1076 2102 2103 2169 
1077 2170 2136 2091 
1078 2169 2170 2091 
1079 632 2091 2136 
1080 993 907 1046 
1081 903 902 815 
1082 1846 1875 1874 
1083 693 294 1183 
1084 1684 1778 1777 
1085 1911 941 1843 
1086 1740 1776 1802 
1087 1237 1236 1146 
1088 1981 1980 1912 
1089 992 1143 991 
1090 1849 1917 1916 
1091 3655 3713 3654 
1092 928 927 829 
1093 3379 3378 3352 
1094 3535 8082 8073 
1095 830 928 829 
1096 4330 4277 4356 
1097 865 840 1095 
1098 194 769 865 
1099 4718 368 469 
1100 2246 6345 1266 
1101 1264 6324 6510 
1102 6164 6030 6067 
1103 1432 1500 1467 
1104 1757 1819 1818 
1105 1982 2009 2038 
1106 5588 5627 5587 
1107 596 597 647 
1108 729 727 728 
1109 306 441 244 
1110 693 1183 1184 
1111 155 693 1184 
1112 1236 1237 1238 
1113 2129 2130 2150 
1114 1013 1012 927 
1115 928 1013 927 
1116 1013 1061 1012 
1117 1105 1104 1012 
1118 1061 1105 1012 
1119 1105 1158 1104 
1120 1158 1041 1202 
1121 875 37 3867 
1122 1104 1158 1202 
1123 410 151 90 
1124 881 4094 1442 
1125 4110 4150 4091 
1126 4614 279 4591 
1127 3899 4988 5968 
1128 4569 186 3248 
1129 1956 2058 2057 
1130 485 526 525 
1131 432 433 484 
1132 484 485 525 
1133 597 648 647 
1134 1688 1782 1781 
1135 1328 1405 1404 
1136 1191 910 1190 
1137 2586 2651 3454 
1138 934 693 155 
1139 156 934 155 
1140 991 1142 1141 
1141 1236 1371 1330 
1142 1001 1374 1516 
1143 1979 1978 1868 
1144 2131 2199 2198 
1145 1225 1041 1907 
1146 2037 2036 1979 
1147 3287 8105 80 
1148 2008 2037 1979 
1149 3856 3855 3813 
1150 3382 3381 3355 
1151 3814 3856 3813 
1152 2652 2747 3769 
1153 1464 3259 3682 
1154 1875 1848 1914 
1155 2083 2082 2037 
1156 6433 1942 3253 
1157 370 471 470 
1158 369 370 470 
1159 508 506 470 
1160 471 508 470 
1161 4214 4121 295 
1162 278 1993 782 
1163 1495 3863 1429 
1164 4570 2809 2455 
1165 2246 6620 2337 
1166 6481 5277 5351 
1167 7240 7262 7220 
1168 1357 1433 1432 
1169 1356 1357 1432 
1170 1501 1500 1432 
1171 1433 1501 1432 
1172 1574 1573 1500 
1173 1501 1574 1500 
1174 1574 1642 1641 
1175 1573 1574 1641 
1176 1709 1708 1641 
1177 1642 1709 1641 
1178 1709 1758 1757 
1179 1708 1709 1757 
1180 1758 1797 1757 
1181 1797 1820 1819 
1182 1757 1797 1819 
1183 1892 1891 1819 
1184 1820 1892 1819 
1185 1957 1956 1891 
1186 1892 1957 1891 
1187 1957 2059 2058 
1188 1956 1957 2058 
1189 2059 2104 2103 
1190 2058 2059 2103 
1191 2104 2171 2170 
1192 2103 2104 2170 
1193 2227 2136 2170 
1194 2171 2227 2170 
1195 2227 2153 2137 
1196 2136 2227 2137 
1197 1185 1189 2010 
1198 1981 1982 2037 
1199 1986 730 731 
1200 2198 934 156 
1201 2197 2198 156 
1202 2038 2039 2083 
1203 2084 2129 2128 
1204 2039 2084 2083 
1205 2199 2200 2217 
1206 993 1145 992 
1207 6394 3359 3306 
1208 1912 1979 1868 
1209 1264 4555 6324 
1210 338 386 337 
1211 1550 1549 1477 
1212 1478 1477 1405 
1213 3665 297 3476 
1214 2747 3567 3769 
1215 527 626 583 
1216 2123 2032 2033 
1217 2149 2148 2127 
1218 1619 1686 1685 
1219 526 582 581 
1220 3988 4228 3947 
1221 295 4121 4376 
1222 4549 4569 3248 
1223 5114 6099 5915 
1224 1502 1501 1433 
1225 2260 8104 6352 
1226 861 1239 1184 
1227 2083 2084 2128 
1228 2129 2150 2149 
1229 2150 2198 2197 
1230 2128 2129 2149 
1231 2149 2150 2197 
1232 2131 2132 2199 
1233 725 724 625 
1234 2200 2201 2217 
1235 1685 1686 1722 
1236 1684 1722 1778 
1237 1619 1620 1686 
1238 241 4184 261 
1239 3264 2747 2652 
1240 393 306 2191 
1241 3916 3904 3957 
1242 2870 2833 2869 
1243 1914 1982 1981 
1244 1886 4699 1811 
1245 650 445 493 
1246 400 769 194 
1247 1592 400 1033 
1248 1033 400 194 
1249 4376 400 1592 
1250 3778 4262 5734 
1251 1493 1750 5076 
1252 5890 6164 6067 
1253 5512 5513 5549 
1254 3253 6554 6433 
1255 1758 1821 1820 
1256 1797 1758 1820 
1257 1821 1892 1820 
1258 2130 2131 2150 
1259 1914 1915 1982 
1260 1983 1984 2009 
1261 1984 2039 2038 
1262 1982 1983 2009 
1263 2009 1984 2038 
1264 2068 2006 2007 
1265 1868 1978 2391 
1266 2132 2200 2199 
1267 626 725 625 
1268 742 741 645 
1269 1240 1241 1191 
1270 646 742 645 
1271 548 549 645 
1272 691 633 1291 
1273 2035 2034 1978 
1274 2121 2122 2190 
1275 441 395 244 
1276 2610 745 692 
1277 1780 1781 1843 
1278 4036 4037 2152 
1279 1089 1187 1453 
1280 6348 7255 6349 
1281 272 371 370 
1282 371 419 370 
1283 419 472 471 
1284 509 508 471 
1285 472 509 471 
1286 567 566 508 
1287 509 567 508 
1288 756 4085 4114 
1289 2031 5204 2699 
1290 230 1113 357 
1291 7827 7854 7802 
1292 1031 979 4992 
1293 6737 6791 6755 
1294 6093 6177 5941 
1295 1358 1357 1316 
1296 4577 4597 7525 
1297 1358 1434 1433 
1298 1357 1358 1433 
1299 1434 1503 1502 
1300 1433 1434 1502 
1301 1536 1501 1502 
1302 1503 1536 1502 
1303 1575 1574 1501 
1304 1536 1575 1501 
1305 1575 1643 1642 
1306 1574 1575 1642 
1307 1643 1710 1709 
1308 1642 1643 1709 
1309 1710 1759 1758 
1310 1709 1710 1758 
1311 1759 1822 1821 
1312 1758 1759 1821 
1313 1893 1892 1821 
1314 1822 1893 1821 
1315 1958 1957 1892 
1316 1893 1958 1892 
1317 1958 2017 1957 
1318 2017 2060 2059 
1319 1957 2017 2059 
1320 2105 2104 2059 
1321 2060 2105 2059 
1322 2172 2171 2104 
1323 2105 2172 2104 
1324 2172 2228 2227 
1325 2171 2172 2227 
1326 2228 2162 2153 
1327 2227 2228 2153 
1328 2162 392 2153 
1329 777 783 778 
1330 1915 1983 1982 
1331 1143 1142 991 
1332 1404 1476 1475 
1333 3646 3645 3592 
1334 451 549 548 
1335 549 646 645 
1336 1241 1240 306 
1337 1618 1619 1685 
1338 222 242 241 
1339 103 222 241 
1340 110 2040 350 
1341 7748 7746 7747 
1342 1105 1041 1158 
1343 3914 2031 2699 
1344 5642 5643 5658 
1345 1464 4327 3259 
1346 5338 5339 4915 
1347 640 716 951 
1348 4223 4132 4252 
1349 1358 1316 1317 
1350 1503 1575 1536 
1351 1710 1760 1759 
1352 6687 3535 8071 
1353 1786 1850 1849 
1354 2217 969 294 
1355 1785 1786 1849 
1356 1876 1918 1917 
1357 1849 1876 1917 
1358 450 451 548 
1359 1107 1204 1203 
1360 1327 1328 1404 
1361 688 1745 2089 
1362 597 596 549 
1363 1686 1723 1722 
1364 2217 2201 969 
1365 103 1554 222 
1366 7195 7209 7226 
1367 1145 1235 1143 
1368 472 567 509 
1369 201 1349 715 
1370 1349 640 715 
1371 738 230 357 
1372 1034 897 889 
1373 4484 4526 4483 
1374 4474 4498 4521 
1375 827 190 739 
1376 1823 1822 1759 
1377 1760 1823 1759 
1378 1822 1823 1893 
1379 1958 2060 2017 
1380 2173 2172 2105 
1381 1850 1876 1849 
1382 2034 2033 1977 
1383 1234 1235 1328 
1384 340 437 388 
1385 222 749 242 
1386 285 4284 1242 
1387 2894 5308 4394 
1388 273 372 371 
1389 272 273 371 
1390 372 420 419 
1391 371 372 419 
1392 420 473 472 
1393 419 420 472 
1394 568 567 472 
1395 473 568 472 
1396 716 640 498 
1397 4484 1653 4526 
1398 1022 4 4188 
1399 4498 4535 137 
1400 4526 1674 4514 
1401 1275 1276 1317 
1402 1276 1359 1358 
1403 1317 1276 1358 
1404 1435 1434 1358 
1405 1359 1435 1358 
1406 1504 1503 1434 
1407 1435 1504 1434 
1408 1576 1575 1503 
1409 1504 1576 1503 
1410 1644 1643 1575 
1411 1576 1644 1575 
1412 1644 1711 1710 
1413 1643 1644 1710 
1414 1711 1712 1710 
1415 1712 1761 1760 
1416 1710 1712 1760 
1417 1824 1823 1760 
1418 1761 1824 1760 
1419 1824 1894 1893 
1420 1823 1824 1893 
1421 1894 1959 1958 
1422 1893 1894 1958 
1423 2061 2060 1958 
1424 1959 2061 1958 
1425 2061 2078 2060 
1426 2106 2105 2060 
1427 2078 2106 2060 
1428 2174 2173 2105 
1429 2106 2174 2105 
1430 2174 2175 2172 
1431 2173 2174 2172 
1432 2175 2229 2228 
1433 2172 2175 2228 
1434 2229 2215 2162 
1435 2228 2229 2162 
1436 681 392 2162 
1437 2215 681 2162 
1438 681 1625 1624 
1439 392 681 1624 
1440 8062 8098 8083 
1441 2039 2070 2084 
1442 1779 1780 1841 
1443 4427 4022 8101 
1444 2122 2123 2191 
1445 171 691 1291 
1446 7978 7977 7928 
1447 1848 1915 1914 
1448 243 1689 1390 
1449 242 243 1390 
1450 1689 134 1242 
1451 1390 1689 1242 
1452 3452 3517 2583 
1453 1913 1981 1912 
1454 205 273 272 
1455 569 568 473 
1456 4225 897 1034 
1457 889 1007 800 
1458 4521 4498 137 
1459 7929 7928 7877 
1460 1577 1576 1504 
1461 1577 1644 1576 
1462 1644 1712 1711 
1463 8125 3272 2811 
1464 906 905 859 
1465 2127 2148 2147 
1466 860 906 859 
1467 1842 1843 1841 
1468 1620 1619 1550 
1469 816 904 903 
1470 2542 243 242 
1471 884 77 147 
1472 3517 3538 2583 
1473 3478 5786 4163 
1474 5481 4528 4163 
1475 1000 1986 961 
1476 273 205 206 
1477 4107 8143 8079 
1478 4484 4483 4445 
1479 175 1148 1423 
1480 137 4535 1629 
1481 190 4188 4185 
1482 1645 1644 1577 
1483 1644 1645 1712 
1484 2106 2175 2174 
1485 1727 1786 1785 
1486 1726 1727 1785 
1487 1839 1840 4428 
1488 2032 2068 2030 
1489 274 373 372 
1490 373 421 420 
1491 372 373 420 
1492 421 474 473 
1493 420 421 473 
1494 570 569 473 
1495 474 570 473 
1496 570 666 665 
1497 569 570 665 
1498 1423 998 827 
1499 827 998 1022 
1500 1035 1128 1173 
1501 1173 1128 1222 
1502 1128 1277 1276 
1503 1222 1128 1276 
1504 1277 1360 1359 
1505 1276 1277 1359 
1506 1360 1436 1435 
1507 1359 1360 1435 
1508 1505 1504 1435 
1509 1436 1505 1435 
1510 1578 1577 1504 
1511 1505 1578 1504 
1512 1646 1645 1577 
1513 1578 1646 1577 
1514 1646 1713 1712 
1515 1645 1646 1712 
1516 1762 1761 1712 
1517 1713 1762 1712 
1518 1762 1825 1824 
1519 1761 1762 1824 
1520 1895 1894 1824 
1521 1825 1895 1824 
1522 1895 1960 1959 
1523 1894 1895 1959 
1524 1960 2062 2061 
1525 1959 1960 2061 
1526 2062 2063 2078 
1527 2061 2062 2078 
1528 2063 2107 2106 
1529 2078 2063 2106 
1530 2107 2176 2175 
1531 2106 2107 2175 
1532 2176 2230 2229 
1533 2175 2176 2229 
1534 2230 1560 2215 
1535 2229 2230 2215 
1536 634 681 2215 
1537 1560 634 2215 
1538 634 1625 681 
1539 1188 1187 1625 
1540 634 1188 1625 
1541 1188 1453 1187 
1542 1188 1920 1453 
1543 8111 5522 8126 
1544 1327 1404 1403 
1545 1658 1659 1726 
1546 1689 135 134 
1547 135 81 285 
1548 134 135 285 
1549 8126 8072 8069 
1550 273 274 372 
1551 494 176 493 
1552 6385 3363 3388 
1553 1035 1036 1128 
1554 1960 2063 2062 
1555 3713 3759 3712 
1556 3446 3649 3597 
1557 1018 3514 3453 
1558 109 36 37 
1559 3149 3009 2744 
1560 1659 1727 1726 
1561 5058 8097 6123 
1562 3457 3406 2921 
1563 5238 5601 2087 
1564 5152 5172 6115 
1565 1550 1619 1618 
1566 983 1036 1035 
1567 944 983 1035 
1568 1960 2018 2063 
1569 3688 2744 3874 
1570 3598 3446 3597 
1571 2122 2121 2029 
1572 3538 2073 2475 
1573 582 625 624 
1574 904 991 990 
1575 2149 2197 2148 
1576 454 83 81 
1577 5138 4632 5137 
1578 1478 1550 1477 
1579 4368 4391 4344 
1580 413 4151 1794 
1581 275 374 373 
1582 274 275 373 
1583 374 375 421 
1584 373 374 421 
1585 375 475 474 
1586 421 375 474 
1587 475 571 570 
1588 474 475 570 
1589 571 667 666 
1590 570 571 666 
1591 667 763 762 
1592 666 667 762 
1593 763 847 846 
1594 762 763 846 
1595 847 945 944 
1596 846 847 944 
1597 944 945 983 
1598 945 1037 1036 
1599 983 945 1036 
1600 1037 1129 1128 
1601 1036 1037 1128 
1602 1278 1277 1128 
1603 1129 1278 1128 
1604 1361 1360 1277 
1605 1278 1361 1277 
1606 1361 1437 1436 
1607 1360 1361 1436 
1608 1506 1505 1436 
1609 1437 1506 1436 
1610 1506 1579 1578 
1611 1505 1506 1578 
1612 1579 1647 1646 
1613 1578 1579 1646 
1614 1647 1714 1713 
1615 1646 1647 1713 
1616 1714 1763 1762 
1617 1713 1714 1762 
1618 1826 1825 1762 
1619 1763 1826 1762 
1620 1826 1896 1895 
1621 1825 1826 1895 
1622 1896 1961 1960 
1623 1895 1896 1960 
1624 1961 1998 1960 
1625 1960 1998 2018 
1626 1998 2064 2063 
1627 2018 1998 2063 
1628 2064 2108 2107 
1629 2063 2064 2107 
1630 2108 2109 2107 
1631 2109 2177 2176 
1632 2107 2109 2176 
1633 2177 2231 2230 
1634 2176 2177 2230 
1635 2231 867 1560 
1636 2230 2231 1560 
1637 867 551 634 
1638 1560 867 634 
1639 551 1245 1188 
1640 634 551 1188 
1641 1245 1368 1188 
1642 2196 342 2195 
1643 7276 7255 7254 
1644 1978 2034 1977 
1645 2583 3538 2475 
1646 903 904 902 
1647 1233 1232 1141 
1648 1142 1233 1141 
1649 2083 2128 2082 
1650 52 302 454 
1651 81 52 454 
1652 95 83 302 
1653 1694 3426 3284 
1654 5220 5241 5219 
1655 3345 4222 593 
1656 773 892 4541 
1657 275 375 374 
1658 4315 1562 1526 
1659 3592 3645 3591 
1660 2744 3932 3874 
1661 2126 2127 2147 
1662 724 816 815 
1663 2197 156 166 
1664 2196 2197 166 
1665 2940 81 135 
1666 5681 2454 5699 
1667 275 321 375 
1668 2064 2109 2108 
1669 551 1409 1245 
1670 1368 2071 615 
1671 7511 7510 7453 
1672 860 859 817 
1673 306 244 2190 
1674 52 356 302 
1675 95 158 197 
1676 2744 3009 3945 
1677 5181 5180 5137 
1678 5659 2454 5681 
1679 771 2353 806 
1680 4065 4070 3318 
1681 376 476 475 
1682 375 376 475 
1683 572 571 475 
1684 476 572 475 
1685 668 667 571 
1686 572 668 571 
1687 764 763 667 
1688 668 764 667 
1689 848 847 763 
1690 764 848 763 
1691 946 945 847 
1692 848 946 847 
1693 1038 1037 945 
1694 946 1038 945 
1695 1130 1129 1037 
1696 1038 1130 1037 
1697 1130 1279 1278 
1698 1129 1130 1278 
1699 1362 1361 1278 
1700 1279 1362 1278 
1701 1438 1437 1361 
1702 1362 1438 1361 
1703 1507 1506 1437 
1704 1438 1507 1437 
1705 1507 1580 1579 
1706 1506 1507 1579 
1707 1580 1648 1647 
1708 1579 1580 1647 
1709 1648 1715 1714 
1710 1647 1648 1714 
1711 1715 1764 1763 
1712 1714 1715 1763 
1713 1827 1826 1763 
1714 1764 1827 1763 
1715 1897 1896 1826 
1716 1827 1897 1826 
1717 1962 1961 1896 
1718 1897 1962 1896 
1719 1962 1998 1961 
1720 1962 2019 1998 
1721 2019 2065 2064 
1722 1998 2019 2064 
1723 2110 2109 2064 
1724 2065 2110 2064 
1725 2110 2178 2177 
1726 2109 2110 2177 
1727 2178 781 2231 
1728 2177 2178 2231 
1729 2231 781 867 
1730 781 390 551 
1731 867 781 551 
1732 390 1410 1409 
1733 551 390 1409 
1734 1410 1096 1245 
1735 1409 1410 1245 
1736 1096 2071 1245 
1737 3365 3364 3331 
1738 5818 5817 5801 
1739 3870 3891 3855 
1740 3976 2813 3685 
1741 1548 1549 1617 
1742 724 723 624 
1743 906 993 905 
1744 251 158 95 
1745 302 251 95 
1746 3945 3976 3685 
1747 1456 298 141 
1748 1193 399 118 
1749 947 946 848 
1750 1765 1827 1764 
1751 1066 922 1341 
1752 2193 171 393 
1753 992 991 904 
1754 2150 2131 2198 
1755 2747 3264 8140 
1756 174 399 1193 
1757 773 810 892 
1758 4515 4484 4466 
1759 1039 1038 946 
1760 947 1039 946 
1761 1039 1130 1038 
1762 1715 1765 1764 
1763 1828 1827 1765 
1764 2111 2110 2065 
1765 3998 4040 4039 
1766 3997 3998 4039 
1767 4000 4042 4041 
1768 1107 1205 1204 
1769 907 1047 1046 
1770 910 911 1190 
1771 3573 3591 3590 
1772 1303 1304 14 
1773 1845 1874 1913 
1774 341 4224 594 
1775 1851 252 1518 
1776 1335 3872 139 
1777 4203 563 701 
1778 4683 1377 3900 
1779 107 5140 5139 
1780 1246 58 736 
1781 464 468 361 
1782 3750 3663 4012 
1783 1136 1286 5068 
1784 6899 6564 8064 
1785 573 612 572 
1786 669 668 572 
1787 612 669 572 
1788 765 764 668 
1789 669 765 668 
1790 849 848 764 
1791 765 849 764 
1792 948 947 848 
1793 849 948 848 
1794 1040 1039 947 
1795 948 1040 947 
1796 1040 1130 1039 
1797 1040 1174 1130 
1798 1280 1279 1130 
1799 1174 1280 1130 
1800 1363 1362 1279 
1801 1280 1363 1279 
1802 1439 1438 1362 
1803 1363 1439 1362 
1804 1508 1507 1438 
1805 1439 1508 1438 
1806 1581 1580 1507 
1807 1508 1581 1507 
1808 1581 1649 1648 
1809 1580 1581 1648 
1810 1649 1716 1715 
1811 1648 1649 1715 
1812 1716 1736 1715 
1813 1736 1766 1765 
1814 1715 1736 1765 
1815 1829 1828 1765 
1816 1766 1829 1765 
1817 1865 1827 1828 
1818 1829 1865 1828 
1819 1898 1897 1827 
1820 1865 1898 1827 
1821 1963 1962 1897 
1822 1898 1963 1897 
1823 2020 2019 1962 
1824 1963 2020 1962 
1825 2066 2065 2019 
1826 2020 2066 2019 
1827 2112 2111 2065 
1828 2066 2112 2065 
1829 2145 2110 2111 
1830 2112 2145 2111 
1831 2179 2178 2110 
1832 2145 2179 2110 
1833 2179 735 781 
1834 2178 2179 781 
1835 391 390 781 
1836 735 391 781 
1837 1373 1410 390 
1838 391 1373 390 
1839 616 1096 1410 
1840 1373 616 1410 
1841 3431 3490 3430 
1842 3381 3431 3380 
1843 4039 4040 2663 
1844 3490 3489 3430 
1845 581 582 624 
1846 294 1182 1183 
1847 1617 1684 1683 
1848 2038 2083 2037 
1849 240 2291 2293 
1850 907 993 906 
1851 158 92 224 
1852 682 303 15 
1853 695 4166 2478 
1854 563 709 701 
1855 468 4111 504 
1856 3294 7134 7111 
1857 766 765 669 
1858 1175 1174 1040 
1859 1175 1280 1174 
1860 1829 1898 1865 
1861 1963 2066 2020 
1862 2112 2179 2145 
1863 2244 2326 2325 
1864 3324 3356 3323 
1865 1143 1234 1142 
1866 831 929 928 
1867 830 831 928 
1868 527 583 526 
1869 6578 8089 8095 
1870 2128 2127 2082 
1871 1981 2037 2008 
1872 1877 461 823 
1873 4245 1600 4224 
1874 15 39 682 
1875 3663 3750 5305 
1876 4632 5181 5137 
1877 960 536 6687 
1878 701 709 758 
1879 4188 4 1024 
1880 766 849 765 
1881 1281 1280 1175 
1882 1364 1363 1280 
1883 1281 1364 1280 
1884 1899 1898 1829 
1885 2232 735 2179 
1886 2698 3328 1212 
1887 255 2663 2473 
1888 1014 1013 928 
1889 929 1014 928 
1890 1687 1688 1781 
1891 1090 2894 4394 
1892 1261 1858 1312 
1893 1320 1522 730 
1894 140 778 964 
1895 2786 3879 3420 
1896 7516 7574 7539 
1897 2142 8086 974 
1898 3535 8139 8082 
1899 767 766 669 
1900 670 767 669 
1901 850 849 766 
1902 767 850 766 
1903 949 948 849 
1904 850 949 849 
1905 949 984 948 
1906 1083 1040 948 
1907 984 1083 948 
1908 1176 1175 1040 
1909 1083 1176 1040 
1910 1282 1281 1175 
1911 1176 1282 1175 
1912 1365 1364 1281 
1913 1282 1365 1281 
1914 1365 1363 1364 
1915 1440 1439 1363 
1916 1365 1440 1363 
1917 1509 1508 1439 
1918 1440 1509 1439 
1919 1582 1581 1508 
1920 1509 1582 1508 
1921 1582 1650 1649 
1922 1581 1582 1649 
1923 1650 1717 1716 
1924 1649 1650 1716 
1925 1718 1736 1716 
1926 1717 1718 1716 
1927 1767 1766 1736 
1928 1718 1767 1736 
1929 1767 1830 1829 
1930 1766 1767 1829 
1931 1900 1899 1829 
1932 1830 1900 1829 
1933 1931 1898 1899 
1934 1900 1931 1899 
1935 1964 1963 1898 
1936 1931 1964 1898 
1937 2067 2066 1963 
1938 1964 2067 1963 
1939 2067 2079 2066 
1940 2113 2112 2066 
1941 2079 2113 2066 
1942 2180 2179 2112 
1943 2113 2180 2112 
1944 2233 2232 2179 
1945 2180 2233 2179 
1946 1449 735 2232 
1947 2233 1449 2232 
1948 776 391 735 
1949 1449 776 735 
1950 655 1373 391 
1951 776 655 391 
1952 1373 655 616 
1953 3081 14 2473 
1954 2923 2924 2973 
1955 1062 1061 1013 
1956 1014 1062 1013 
1957 1106 1105 1061 
1958 1062 1106 1061 
1959 1522 731 730 
1960 5181 5200 5180 
1961 1684 1777 1776 
1962 6648 5472 6612 
1963 1777 1778 1803 
1964 15 75 39 
1965 3350 3423 3685 
1966 3290 3308 3289 
1967 6140 4241 3798 
1968 2046 31 212 
1969 19 827 739 
1970 985 984 949 
1971 850 985 949 
1972 1440 1441 1509 
1973 1768 1767 1718 
1974 1717 1768 1718 
1975 1331 655 1482 
1976 2834 3055 3077 
1977 594 540 911 
1978 173 1744 3123 
1979 395 441 1450 
1980 1616 1683 1615 
1981 1240 1191 1450 
1982 1779 1841 1840 
1983 787 964 778 
1984 2589 75 15 
1985 5454 5924 6119 
1986 709 366 758 
1987 121 365 4363 
1988 366 365 121 
1989 4363 140 963 
1990 758 366 121 
1991 5570 3122 5571 
1992 479 278 614 
1993 985 1083 984 
1994 8080 8078 3422 
1995 2094 4922 2258 
1996 1537 1583 1582 
1997 1583 1651 1650 
1998 1718 1717 1650 
1999 1673 1718 1650 
2000 1328 1327 1233 
2001 3593 3646 3592 
2002 909 863 341 
2003 2030 2122 2029 
2004 2128 2149 2127 
2005 1616 1617 1683 
2006 2197 2196 2148 
2007 1366 1441 1440 
2008 5200 5220 5199 
2009 424 384 326 
2010 4692 325 384 
2011 670 708 767 
2012 851 850 767 
2013 768 851 767 
2014 986 985 850 
2015 851 986 850 
2016 986 1084 1083 
2017 985 986 1083 
2018 1084 1177 1176 
2019 1083 1084 1176 
2020 1177 1283 1282 
2021 1176 1177 1282 
2022 1283 1366 1365 
2023 1282 1283 1365 
2024 3348 4061 3318 
2025 1522 4245 731 
2026 4482 4481 4422 
2027 2452 550 451 
2028 3949 4327 3671 
2029 3862 8098 8084 
2030 733 284 872 
2031 4482 1675 4463 
2032 1719 1717 1718 
2033 1769 1768 1717 
2034 1719 1769 1717 
2035 1768 1769 1767 
2036 1769 1831 1830 
2037 1767 1769 1830 
2038 1831 1901 1900 
2039 1830 1831 1900 
2040 1900 1901 1931 
2041 1901 1965 1964 
2042 1931 1901 1964 
2043 2021 2067 1964 
2044 1965 2021 1964 
2045 2080 2079 2067 
2046 2021 2080 2067 
2047 2114 2113 2079 
2048 2080 2114 2079 
2049 2181 2180 2113 
2050 2114 2181 2113 
2051 2234 2233 2180 
2052 2181 2234 2180 
2053 1372 1449 2233 
2054 2234 1372 2233 
2055 232 776 1449 
2056 1372 232 1449 
2057 5181 5221 5200 
2058 5242 5241 5200 
2059 3700 3699 3646 
2060 3647 3700 3646 
2061 7233 3289 7234 
2062 27 71 461 
2063 291 336 335 
2064 2191 306 2190 
2065 1915 1944 1984 
2066 2199 294 693 
2067 2198 2199 693 
2068 1133 982 1592 
2069 8119 8127 4836 
2070 8134 8108 2302 
2071 966 800 1420 
2072 4132 2027 4252 
2073 768 767 708 
2074 986 950 1084 
2075 5031 5062 1131 
2076 325 4692 326 
2077 811 733 717 
2078 4442 4482 4422 
2079 413 737 1081 
2080 771 1933 2353 
2081 2182 2181 2114 
2082 5221 5242 5200 
2083 2583 2586 3373 
2084 3356 3382 3355 
2085 3573 3574 3591 
2086 6231 3437 5877 
2087 816 858 904 
2088 1403 1404 1475 
2089 1683 1682 1615 
2090 1338 1846 1845 
2091 818 817 725 
2092 1183 1182 1050 
2093 3317 1296 2811 
2094 441 1240 1450 
2095 742 2731 741 
2096 2030 2081 2122 
2097 4203 886 563 
2098 327 424 326 
2099 480 515 424 
2100 4379 4431 4355 
2101 4215 4216 4255 
2102 893 1598 811 
2103 768 852 851 
2104 59 8129 228 
2105 4973 950 852 
2106 851 950 986 
2107 5030 1131 1084 
2108 1084 1131 1177 
2109 5030 5031 1131 
2110 885 615 4096 
2111 1081 460 981 
2112 733 739 284 
2113 4181 1259 413 
2114 1320 981 1522 
2115 733 872 717 
2116 1225 1905 3049 
2117 4427 8101 6838 
2118 284 1058 872 
2119 1831 1866 1901 
2120 8086 8092 8068 
2121 5286 5285 5241 
2122 3405 2583 3373 
2123 863 1000 961 
2124 2194 507 171 
2125 990 991 1141 
2126 1913 1914 1981 
2127 1723 1687 1780 
2128 1405 1477 1476 
2129 1291 2010 1919 
2130 5371 5329 6092 
2131 8108 8138 3007 
2132 281 280 4693 
2133 5242 5286 5241 
2134 425 424 327 
2135 425 480 424 
2136 516 515 480 
2137 576 575 515 
2138 516 576 515 
2139 1224 4161 58 
2140 636 1855 2658 
2141 1259 2015 737 
2142 1081 981 26 
2143 1259 737 413 
2144 4472 5296 4473 
2145 4355 4431 4403 
2146 1867 1866 1831 
2147 1867 1902 1901 
2148 1866 1867 1901 
2149 1902 1903 1901 
2150 1966 1965 1901 
2151 1903 1966 1901 
2152 1966 1999 1965 
2153 2022 2021 1965 
2154 1999 2022 1965 
2155 2022 2080 2021 
2156 2115 2114 2080 
2157 2022 2115 2080 
2158 2183 2182 2114 
2159 2115 2183 2114 
2160 2216 2181 2182 
2161 2183 2216 2182 
2162 10 2234 2181 
2163 2216 10 2181 
2164 10 1372 2234 
2165 233 232 1372 
2166 10 233 1372 
2167 1095 1482 232 
2168 233 1095 232 
2169 2148 2196 2195 
2170 2199 2217 294 
2171 1745 1060 3933 
2172 2010 863 909 
2173 389 438 340 
2174 389 340 240 
2175 1145 1144 992 
2176 1330 1407 1406 
2177 260 411 456 
2178 818 860 817 
2179 1346 1094 841 
2180 197 125 608 
2181 577 4908 674 
2182 4526 893 1674 
2183 4161 1164 2013 
2184 811 1598 19 
2185 5600 5641 5640 
2186 737 460 1081 
2187 5599 5600 5640 
2188 5238 5574 5308 
2189 1207 139 1735 
2190 4521 137 4497 
2191 4474 4521 4497 
2192 1832 1867 1831 
2193 2183 10 2216 
2194 1053 1095 233 
2195 5340 5339 5285 
2196 5286 5340 5285 
2197 2034 2069 2125 
2198 2069 2126 2125 
2199 1145 1143 1144 
2200 337 386 433 
2201 1723 1780 1779 
2202 2081 2068 2122 
2203 2030 2068 2081 
2204 240 340 339 
2205 629 628 529 
2206 3698 3699 3744 
2207 583 582 526 
2208 328 327 282 
2209 328 385 327 
2210 426 425 327 
2211 385 426 327 
2212 481 480 425 
2213 426 481 425 
2214 517 516 480 
2215 481 517 480 
2216 577 576 516 
2217 517 577 516 
2218 576 577 674 
2219 5818 5835 5817 
2220 893 811 1674 
2221 4443 4442 4392 
2222 284 739 359 
2223 460 4413 981 
2224 47 740 6 
2225 884 147 77 
2226 1058 284 189 
2227 1904 1967 1966 
2228 1903 1904 1966 
2229 2000 1999 1966 
2230 1967 2000 1966 
2231 2023 2022 1999 
2232 2000 2023 1999 
2233 2116 2115 2022 
2234 2023 2116 2022 
2235 2116 2146 2115 
2236 2184 2183 2115 
2237 2146 2184 2115 
2238 2184 10 2183 
2239 1514 233 10 
2240 1633 77 130 
2241 2014 59 878 
2242 729 820 727 
2243 1154 6798 8124 
2244 1183 1050 1049 
2245 336 337 432 
2246 902 904 990 
2247 5340 4917 4916 
2248 1869 3761 1784 
2249 3785 4885 4240 
2250 5339 5340 4916 
2251 4514 1674 4482 
2252 1296 3317 3349 
2253 4245 4224 341 
2254 731 4245 341 
2255 1115 1116 2048 
2256 4481 4463 4422 
2257 799 5104 5379 
2258 41 10 2184 
2259 41 164 10 
2260 234 1514 10 
2261 164 234 10 
2262 1515 233 1514 
2263 234 1515 1514 
2264 1056 1053 233 
2265 1515 1056 233 
2266 1055 1095 1053 
2267 1056 1055 1053 
2268 1055 866 1095 
2269 2894 3947 5308 
2270 228 1483 59 
2271 1239 861 1001 
2272 306 1240 441 
2273 1658 1657 1553 
2274 815 816 903 
2275 8093 8121 8131 
2276 2132 2201 2200 
2277 818 906 860 
2278 2033 2034 2124 
2279 3947 4228 5308 
2280 250 1665 269 
2281 1235 1329 1328 
2282 865 866 868 
2283 8141 8064 8103 
2284 578 577 517 
2285 577 578 675 
2286 359 4185 2015 
2287 6554 6296 6647 
2288 1442 24 4182 
2289 1928 871 711 
2290 811 717 1675 
2291 594 1600 540 
2292 4153 4181 4449 
2293 359 4181 4153 
2294 189 359 4153 
2295 4481 4482 4463 
2296 942 120 1050 
2297 189 4153 4139 
2298 4153 189 4139 
2299 1675 717 4513 
2300 6510 6532 8093 
2301 4061 4065 3318 
2302 2000 1967 2023 
2303 234 1056 1515 
2304 1056 866 1055 
2305 2138 868 777 
2306 3759 3758 3712 
2307 3195 3017 3190 
2308 443 442 358 
2309 1911 1912 1868 
2310 1050 1182 1051 
2311 1803 1778 1839 
2312 337 433 432 
2313 5306 5573 3148 
2314 905 992 904 
2315 1407 1408 1448 
2316 8115 8109 6798 
2317 438 437 340 
2318 1191 1190 1450 
2319 8082 8094 8073 
2320 941 1911 1868 
2321 329 427 426 
2322 385 329 426 
2323 427 482 481 
2324 426 427 481 
2325 482 518 517 
2326 481 482 517 
2327 579 578 517 
2328 518 579 517 
2329 676 677 678 
2330 578 579 676 
2331 739 190 359 
2332 662 1442 4182 
2333 4514 4482 4464 
2334 6 740 414 
2335 981 4245 1522 
2336 1425 380 609 
2337 417 605 503 
2338 26 981 1320 
2339 4449 4181 413 
2340 139 879 1735 
2341 5559 3122 5570 
2342 4431 4474 4403 
2343 880 3398 3371 
2344 4153 4449 4139 
2345 4109 4149 4125 
2346 8132 8076 8108 
2347 1968 1969 1967 
2348 1969 2024 2023 
2349 1967 1969 2023 
2350 2117 2116 2023 
2351 2024 2117 2023 
2352 2117 2146 2116 
2353 2185 2184 2146 
2354 2117 2185 2146 
2355 84 41 2184 
2356 2185 84 2184 
2357 1002 164 41 
2358 84 1002 41 
2359 235 234 164 
2360 1002 235 164 
2361 1054 1056 234 
2362 235 1054 234 
2363 777 866 1056 
2364 1054 777 1056 
2365 5195 1103 1455 
2366 1745 3933 2089 
2367 1722 1723 1779 
2368 2198 693 934 
2369 1776 1777 1803 
2370 1241 1919 1191 
2371 1447 1448 1479 
2372 3881 3869 3832 
2373 3833 3881 3832 
2374 2192 393 2191 
2375 4588 2321 8021 
2376 1844 1912 1911 
2377 5014 2257 6485 
2378 1868 2391 941 
2379 579 580 677 
2380 1339 1258 4215 
2381 4216 4256 4255 
2382 4413 315 981 
2383 811 19 733 
2384 981 315 4245 
2385 4465 4514 4464 
2386 1674 811 1675 
2387 4464 4482 4442 
2388 8067 8093 8099 
2389 1226 491 1224 
2390 413 1081 70 
2391 4151 413 70 
2392 881 1442 662 
2393 3645 3698 3697 
2394 189 4153 4139 
2395 84 235 1002 
2396 783 777 1054 
2397 1692 1671 1734 
2398 393 1241 306 
2399 2123 2192 2191 
2400 2068 2123 2122 
2401 1480 1478 1479 
2402 1603 1611 750 
2403 1479 1478 1406 
2404 3705 6141 6170 
2405 1366 1440 1365 
2406 3919 3918 3869 
2407 518 580 579 
2408 2224 6485 2257 
2409 5835 1943 142 
2410 1463 4178 4117 
2411 131 90 151 
2412 137 1629 884 
2413 4442 4422 4368 
2414 1678 1677 1611 
2415 70 1081 26 
2416 3644 3645 3697 
2417 1070 189 4139 
2418 1661 1054 235 
2419 1379 3149 2744 
2420 3881 3919 3869 
2421 1095 866 865 
2422 1803 1839 1838 
2423 1635 1424 397 
2424 743 742 646 
2425 1916 1917 1944 
2426 1915 1916 1944 
2427 1683 1684 1776 
2428 1447 1479 1406 
2429 1236 1330 1329 
2430 3962 3961 3918 
2431 3919 3962 3918 
2432 1146 1236 1235 
2433 7152 3291 7176 
2434 330 428 427 
2435 329 330 427 
2436 427 428 482 
2437 428 519 518 
2438 482 428 518 
2439 519 520 580 
2440 518 519 580 
2441 520 618 580 
2442 580 618 678 
2443 2027 871 1928 
2444 733 19 739 
2445 4443 4464 4442 
2446 4069 4068 1254 
2447 359 2015 4181 
2448 4392 4442 4368 
2449 1227 1322 1321 
2450 1322 1399 1398 
2451 1321 1322 1398 
2452 1398 1399 1446 
2453 1399 1471 1470 
2454 1446 1399 1470 
2455 1471 1543 1542 
2456 1470 1471 1542 
2457 1612 1611 1542 
2458 1543 1612 1542 
2459 1679 1678 1611 
2460 1612 1679 1611 
2461 1721 1677 1678 
2462 1679 1721 1678 
2463 1721 1772 4818 
2464 4139 4449 413 
2465 1675 4513 4463 
2466 6838 8089 6578 
2467 4037 110 2152 
2468 1970 2025 2024 
2469 1969 1970 2024 
2470 2025 2118 2117 
2471 2024 2025 2117 
2472 2186 2185 2117 
2473 2118 2186 2117 
2474 153 84 2185 
2475 2186 153 2185 
2476 1289 235 84 
2477 153 1289 84 
2478 862 1661 235 
2479 1289 862 235 
2480 999 1054 1661 
2481 862 999 1661 
2482 787 783 1054 
2483 999 787 1054 
2484 4328 1428 562 
2485 170 1881 1297 
2486 653 170 1297 
2487 4001 4043 4042 
2488 4000 4001 4042 
2489 3962 4002 4001 
2490 2130 2070 2131 
2491 1982 2038 2037 
2492 859 905 904 
2493 648 743 646 
2494 1944 1917 1984 
2495 1917 1985 1984 
2496 3373 2586 3454 
2497 1047 1146 1046 
2498 6099 5114 6175 
2499 519 428 520 
2500 871 1397 711 
2501 1674 1675 4482 
2502 717 1676 4513 
2503 4139 413 45 
2504 2475 2073 8097 
2505 5022 1970 5020 
2506 5020 1970 1969 
2507 2187 2186 2118 
2508 862 787 999 
2509 3713 3712 3654 
2510 6170 6142 6155 
2511 3357 3356 3324 
2512 3961 3962 4001 
2513 1802 1803 1838 
2514 726 818 725 
2515 2519 449 547 
2516 2070 2039 2531 
2517 1785 1849 1848 
2518 648 646 647 
2519 724 725 816 
2520 816 817 858 
2521 3699 3745 3744 
2522 238 338 337 
2523 520 619 618 
2524 856 898 952 
2525 898 953 952 
2526 4181 2015 1259 
2527 953 5035 952 
2528 1322 1370 1399 
2529 1679 1772 1721 
2530 1597 189 1070 
2531 4537 4453 4821 
2532 394 4043 4001 
2533 4002 394 4001 
2534 633 342 1185 
2535 342 1374 1185 
2536 1683 1776 1740 
2537 1476 1548 1547 
2538 2084 2070 2129 
2539 2070 2130 2129 
2540 7176 3291 7197 
2541 858 859 904 
2542 817 859 858 
2543 1326 1327 1403 
2544 1304 1303 688 
2545 331 332 330 
2546 332 429 428 
2547 330 332 428 
2548 429 521 520 
2549 428 429 520 
2550 521 620 619 
2551 520 521 619 
2552 719 718 619 
2553 620 719 619 
2554 718 719 856 
2555 1043 1042 953 
2556 899 1043 953 
2557 1137 1136 1042 
2558 1043 1137 1042 
2559 1228 1227 1136 
2560 1137 1228 1136 
2561 1228 1323 1322 
2562 1227 1228 1322 
2563 1322 1323 1370 
2564 1323 1400 1399 
2565 1370 1323 1399 
2566 1400 1472 1471 
2567 1399 1400 1471 
2568 1472 1544 1543 
2569 1471 1472 1543 
2570 1544 1613 1612 
2571 1543 1544 1612 
2572 1680 1679 1612 
2573 1613 1680 1612 
2574 1773 1772 1679 
2575 1680 1773 1679 
2576 1836 1835 1772 
2577 1773 1836 1772 
2578 323 6204 844 
2579 3381 3380 3354 
2580 3355 3381 3354 
2581 4645 4741 1971 
2582 1971 2001 1970 
2583 1970 2001 2025 
2584 8091 8066 8081 
2585 2119 2118 2025 
2586 2026 2119 2025 
2587 2188 2187 2118 
2588 2119 2188 2118 
2589 2188 2186 2187 
2590 162 153 2186 
2591 2188 162 2186 
2592 1194 1289 153 
2593 162 1194 153 
2594 1194 1288 1289 
2595 908 862 1289 
2596 1288 908 1289 
2597 630 787 862 
2598 908 630 862 
2599 630 963 787 
2600 3357 3382 3356 
2601 3005 2947 4043 
2602 8107 8136 3450 
2603 530 629 529 
2604 1849 1916 1915 
2605 1848 1849 1915 
2606 2477 2311 3845 
2607 1687 1781 1780 
2608 237 238 337 
2609 331 2394 287 
2610 521 522 620 
2611 8116 8137 8141 
2612 1520 80 2545 
2613 4022 4836 8107 
2614 4447 1336 2608 
2615 5834 5835 142 
2616 3431 3430 3380 
2617 489 833 1303 
2618 3081 489 1303 
2619 1058 189 1597 
2620 872 595 894 
2621 717 872 894 
2622 394 3005 4043 
2623 8140 3264 8090 
2624 1877 823 1986 
2625 823 730 1986 
2626 1686 1687 1723 
2627 2194 633 507 
2628 1685 1722 1684 
2629 2132 2202 2201 
2630 2194 2195 342 
2631 1185 1374 1000 
2632 1780 1843 1842 
2633 287 332 331 
2634 429 522 521 
2635 917 914 864 
2636 284 359 189 
2637 1228 1287 1323 
2638 1774 1773 1680 
2639 1872 1836 1873 
2640 8075 8093 8067 
2641 3355 3354 3322 
2642 2797 305 3081 
2643 1676 717 894 
2644 1194 908 1288 
2645 821 630 908 
2646 6103 3832 3869 
2647 3005 2088 2572 
2648 1007 1101 800 
2649 730 823 1320 
2650 1147 1146 1047 
2651 1048 1147 1047 
2652 1475 1476 1547 
2653 1374 1001 1000 
2654 3265 8145 2302 
2655 1001 1877 1000 
2656 288 333 332 
2657 333 430 429 
2658 332 333 429 
2659 430 523 522 
2660 429 430 522 
2661 523 621 620 
2662 522 523 620 
2663 721 719 720 
2664 620 621 719 
2665 813 900 899 
2666 812 813 899 
2667 1044 899 900 
2668 1044 1138 1137 
2669 1138 1229 1228 
2670 1137 1138 1228 
2671 1229 1230 1287 
2672 1228 1229 1287 
2673 1230 1324 1323 
2674 1287 1230 1323 
2675 1324 1401 1400 
2676 1323 1324 1400 
2677 1401 1473 1472 
2678 1400 1401 1472 
2679 1473 1545 1544 
2680 1472 1473 1544 
2681 1614 1613 1544 
2682 1545 1614 1544 
2683 1614 1681 1680 
2684 1613 1614 1680 
2685 1681 1775 1774 
2686 1680 1681 1774 
2687 1801 1773 1774 
2688 1775 1801 1774 
2689 1837 1836 1773 
2690 1801 1837 1773 
2691 1837 1873 1836 
2692 297 631 3476 
2693 2028 2001 2003 
2694 1676 894 4513 
2695 8070 8101 3483 
2696 2120 2119 2026 
2697 2028 2120 2026 
2698 2189 2188 2119 
2699 2120 2189 2119 
2700 180 162 2188 
2701 2189 180 2188 
2702 1375 1194 162 
2703 180 1375 162 
2704 955 908 1194 
2705 1375 955 1194 
2706 915 821 908 
2707 955 915 908 
2708 488 630 821 
2709 915 488 821 
2710 1101 963 630 
2711 488 1101 630 
2712 3492 3491 3462 
2713 2947 3005 2572 
2714 3932 3685 3665 
2715 1844 1845 1912 
2716 8069 8072 3265 
2717 2088 133 3017 
2718 910 594 911 
2719 1234 1233 1142 
2720 1448 1480 1479 
2721 1845 1913 1912 
2722 3435 3495 3464 
2723 2572 2088 3017 
2724 1776 1803 1802 
2725 1877 1986 1000 
2726 719 721 4955 
2727 4259 4218 86 
2728 6854 6906 6893 
2729 1138 1230 1229 
2730 1303 833 1745 
2731 833 1060 1745 
2732 223 180 2189 
2733 2223 2211 6564 
2734 133 2838 585 
2735 2365 3343 3344 
2736 1549 1618 1617 
2737 240 239 2291 
2738 823 461 71 
2739 3699 3698 3645 
2740 5989 5973 4148 
2741 621 721 720 
2742 5310 506 470 
2743 1138 1181 1230 
2744 1350 2003 1972 
2745 3648 3647 3595 
2746 2699 4370 5336 
2747 3017 133 585 
2748 627 726 626 
2749 291 292 336 
2750 993 992 905 
2751 1303 1745 688 
2752 1979 2035 1978 
2753 290 334 333 
2754 334 431 430 
2755 333 334 430 
2756 431 483 430 
2757 483 524 523 
2758 430 483 523 
2759 524 622 621 
2760 523 524 621 
2761 622 722 721 
2762 621 622 721 
2763 722 814 813 
2764 721 722 813 
2765 814 901 900 
2766 813 814 900 
2767 901 989 900 
2768 989 1045 1044 
2769 900 989 1044 
2770 1045 1139 1138 
2771 1044 1045 1138 
2772 1139 1140 1181 
2773 1138 1139 1181 
2774 1140 1231 1230 
2775 1181 1140 1230 
2776 1231 1325 1324 
2777 1230 1231 1324 
2778 1325 1402 1401 
2779 1324 1325 1401 
2780 1474 1473 1401 
2781 1402 1474 1401 
2782 1474 1546 1545 
2783 1473 1474 1545 
2784 1615 1614 1545 
2785 1546 1615 1545 
2786 1615 1682 1681 
2787 1614 1615 1681 
2788 1682 1740 1681 
2789 1740 1775 1681 
2790 1802 1801 1775 
2791 1740 1802 1775 
2792 1802 1838 1837 
2793 1801 1802 1837 
2794 1838 381 1837 
2795 5498 3351 4531 
2796 2004 2003 1350 
2797 1350 1972 1949 
2798 2029 2028 2003 
2799 2004 2029 2003 
2800 2029 2121 2120 
2801 2028 2029 2120 
2802 2190 2189 2120 
2803 2121 2190 2120 
2804 244 223 2189 
2805 2190 244 2189 
2806 395 180 223 
2807 244 395 223 
2808 1450 1375 180 
2809 395 1450 180 
2810 1450 911 955 
2811 1375 1450 955 
2812 540 915 955 
2813 911 540 955 
2814 78 488 915 
2815 540 78 915 
2816 1195 1101 488 
2817 78 1195 488 
2818 1195 800 1101 
2819 3700 3701 3746 
2820 2838 2502 109 
2821 585 2838 109 
2822 2502 108 109 
2823 930 1015 1014 
2824 929 930 1014 
2825 1015 1063 1062 
2826 1014 1015 1062 
2827 1063 1107 1106 
2828 1062 1063 1106 
2829 1106 1107 1203 
2830 305 2797 2663 
2831 3869 3917 3880 
2832 240 388 340 
2833 622 623 722 
2834 1045 1140 1139 
2835 392 1624 1089 
2836 109 108 2135 
2837 2244 2325 2243 
2838 2122 2191 2190 
2839 1190 911 1450 
2840 108 752 36 
2841 2135 108 36 
2842 5699 5698 5680 
2843 524 623 622 
2844 1045 989 1140 
2845 7272 7271 7230 
2846 3548 3547 3495 
2847 2743 2030 2004 
2848 540 1195 78 
2849 7140 7162 7139 
2850 2006 2032 2743 
2851 291 335 334 
2852 335 432 431 
2853 334 335 431 
2854 432 484 483 
2855 431 432 483 
2856 484 525 524 
2857 483 484 524 
2858 525 624 623 
2859 524 525 623 
2860 624 723 722 
2861 623 624 722 
2862 815 814 722 
2863 723 815 722 
2864 902 901 814 
2865 815 902 814 
2866 902 990 989 
2867 901 902 989 
2868 990 1141 1140 
2869 989 990 1140 
2870 1141 1232 1231 
2871 1140 1141 1231 
2872 1232 1326 1325 
2873 1231 1232 1325 
2874 1403 1402 1325 
2875 1326 1403 1325 
2876 1475 1474 1402 
2877 1403 1475 1402 
2878 1475 1547 1546 
2879 1474 1475 1546 
2880 1547 1616 1615 
2881 1546 1547 1615 
2882 2294 2359 293 
2883 2293 2294 293 
2884 254 967 922 
2885 7130 7140 7139 
2886 407 2409 2220 
2887 8086 8074 974 
2888 2422 4057 2421 
2889 3316 1196 5195 
2890 248 254 922 
2891 8144 8124 8129 
2892 2364 2365 2441 
2893 2915 2896 2858 
2894 2438 2437 2359 
2895 2929 2928 2884 
2896 3153 3197 1620 
2897 2627 2733 2626 
2898 3152 3153 1551 
2899 1480 3152 1551 
2900 1551 3153 1620 
2901 2943 555 2367 
2902 2858 2766 2915 
2903 2881 2882 2925 
2904 2841 3251 2876 
2905 2896 2381 2582 
2906 3198 3197 3153 
2907 2516 2600 2599 
2908 2891 2890 2849 
2909 1011 2891 2849 
2910 1631 57 3082 
2911 2636 2389 2390 
2912 2953 2490 2571 
2913 2431 92 2134 
2914 6952 6871 6797 
2915 2805 2787 1063 
2916 2787 2830 1063 
2917 2880 2879 2847 
2918 2848 2880 2847 
2919 2737 2738 2787 
2920 2545 2745 3138 
2921 1202 1201 1104 
2922 2509 2508 389 
2923 6946 6945 6914 
2924 2567 2527 2528 
2925 2567 2615 2527 
2926 2477 1305 2301 
2927 3358 3357 3324 
2928 1011 2849 926 
2929 2739 2738 2686 
2930 2788 2787 2738 
2931 2739 2788 2738 
2932 2685 2684 2613 
2933 438 2560 2591 
2934 2901 2634 2301 
2935 3597 3649 3596 
2936 2508 2509 2560 
2937 2509 2591 2560 
2938 631 3318 1378 
2939 2788 2789 2787 
2940 4588 136 2321 
2941 2831 2830 2787 
2942 2789 2831 2787 
2943 2831 2867 1108 
2944 2830 2831 1108 
2945 2685 2738 2684 
2946 2738 2737 2684 
2947 2634 2553 2301 
2948 2508 438 389 
2949 2508 2560 438 
2950 6436 6481 6480 
2951 407 2225 747 
2952 2266 2298 2297 
2953 2614 2613 2527 
2954 173 245 535 
2955 2726 2727 2725 
2956 173 2544 245 
2957 2834 3982 3076 
2958 6322 7252 3289 
2959 2584 2630 686 
2960 2719 2718 2666 
2961 550 2523 2610 
2962 2770 2848 2847 
2963 6480 6481 6508 
2964 2719 2771 2770 
2965 6810 6861 6860 
2966 4673 5893 5879 
2967 2344 8098 8062 
2968 967 3040 1091 
2969 820 819 727 
2970 3469 3440 3441 
2971 2446 449 2519 
2972 2718 2719 2770 
2973 692 648 2610 
2974 922 967 1091 
2975 1048 2922 1147 
2976 3155 3198 3154 
2977 979 1031 1078 
2978 1480 1408 1481 
2979 7197 3289 7233 
2980 2771 2816 2770 
2981 5329 2239 5302 
2982 590 591 245 
2983 2544 590 245 
2984 650 176 703 
2985 3181 2968 2386 
2986 2142 4986 6708 
2987 2672 2725 2724 
2988 2194 2126 2564 
2989 3701 3747 3746 
2990 8141 8103 3264 
2991 3020 3059 1408 
2992 205 272 204 
2993 2770 2816 2848 
2994 2637 5651 5453 
2995 2344 1075 8074 
2996 745 744 692 
2997 1371 3020 1408 
2998 2554 172 396 
2999 3237 2793 3270 
3000 2085 861 954 
3001 8077 2811 1296 
3002 2638 166 1239 
3003 2665 2718 629 
3004 585 109 1295 
3005 3123 2544 173 
3006 2544 2898 590 
3007 2898 443 590 
3008 290 333 289 
3009 3353 3354 3379 
3010 1099 2761 1097 
3011 293 389 240 
3012 2130 2132 2131 
3013 6040 6135 5489 
3014 4882 4294 4958 
3015 1478 1551 1550 
3016 4828 4888 5335 
3017 2042 1744 554 
3018 3274 2544 3123 
3019 3274 2624 2544 
3020 2624 2405 2898 
3021 2544 2624 2898 
3022 2405 443 2898 
3023 2516 2515 2443 
3024 749 2542 242 
3025 253 967 1159 
3026 3462 3491 3431 
3027 4925 1167 7074 
3028 7075 4925 7074 
3029 3248 6431 145 
3030 7345 7344 7286 
3031 2904 2426 1412 
3032 598 2904 1412 
3033 2426 2760 2042 
3034 1412 2426 2042 
3035 2760 2459 1744 
3036 2042 2760 1744 
3037 3123 2624 3274 
3038 2405 2480 443 
3039 2843 311 443 
3040 2480 2843 443 
3041 2843 2695 311 
3042 4888 5378 5377 
3043 3354 3380 3379 
3044 2729 2728 2677 
3045 2871 2529 2368 
3046 2667 2720 2719 
3047 2688 2636 2762 
3048 2719 2720 2771 
3049 1408 1407 1371 
3050 8093 6532 8121 
3051 2615 2613 2614 
3052 3154 3198 3153 
3053 2598 2641 2597 
3054 2373 598 2655 
3055 2373 2904 598 
3056 2459 2547 3123 
3057 1744 2459 3123 
3058 2547 2700 3123 
3059 3123 2700 2624 
3060 2480 2628 2843 
3061 2628 2695 2843 
3062 2412 2529 2871 
3063 2425 2412 2871 
3064 2636 3251 2389 
3065 2557 2431 2389 
3066 2932 2980 2979 
3067 3137 2373 2655 
3068 2373 2426 2904 
3069 2459 2458 2547 
3070 2547 2829 2624 
3071 2700 2547 2624 
3072 2855 2704 2480 
3073 2405 2855 2480 
3074 2480 2704 2628 
3075 2616 2615 2567 
3076 199 128 200 
3077 3237 3270 2457 
3078 2650 3115 2537 
3079 2688 2762 2858 
3080 2841 2389 3251 
3081 3090 3113 3133 
3082 3182 2426 2373 
3083 2759 2760 2426 
3084 3182 2759 2426 
3085 2759 2458 2459 
3086 2760 2759 2459 
3087 2829 2993 2624 
3088 2993 2349 2405 
3089 2624 2993 2405 
3090 2405 2349 2855 
3091 3514 2583 3405 
3092 2740 2739 2686 
3093 2706 2740 2686 
3094 3049 1905 3050 
3095 2729 2757 2728 
3096 3091 3995 3994 
3097 3113 3091 3994 
3098 1841 941 1870 
3099 3129 3170 3128 
3100 2617 3137 2549 
3101 2487 2486 7616 
3102 2617 2373 3137 
3103 2643 2759 3182 
3104 2289 2643 3182 
3105 2759 2643 2458 
3106 2547 2993 2829 
3107 2349 2758 2704 
3108 2855 2349 2704 
3109 2758 2633 2628 
3110 2704 2758 2628 
3111 2628 2690 146 
3112 163 239 101 
3113 2778 2824 2823 
3114 2789 2788 2739 
3115 2740 2789 2739 
3116 3070 3071 3112 
3117 2781 2780 2728 
3118 2757 2781 2728 
3119 2529 3184 3136 
3120 2368 2529 3136 
3121 2839 2373 2617 
3122 2839 2997 2373 
3123 2289 3182 2373 
3124 2997 2289 2373 
3125 2643 2606 2458 
3126 2606 3226 2547 
3127 2458 2606 2547 
3128 2547 3226 2993 
3129 2349 2575 2758 
3130 2575 2449 2633 
3131 2758 2575 2633 
3132 2633 2449 2628 
3133 2449 2554 2690 
3134 2628 2449 2690 
3135 5699 5700 5727 
3136 2623 2550 2568 
3137 2891 2937 2890 
3138 2831 2868 2867 
3139 2693 3082 57 
3140 2535 199 200 
3141 2765 2840 3143 
3142 1908 1249 3879 
3143 3143 2840 91 
3144 2345 2555 2703 
3145 2402 2996 2703 
3146 2555 2402 2703 
3147 3071 3070 3032 
3148 3033 3071 3032 
3149 2805 1063 930 
3150 3098 2839 2617 
3151 2835 3098 2617 
3152 3098 2997 2839 
3153 2905 2289 2997 
3154 3098 2905 2997 
3155 2607 2643 2289 
3156 2905 2607 2289 
3157 2607 2784 2606 
3158 2643 2607 2606 
3159 2784 2520 3226 
3160 2606 2784 3226 
3161 3226 2520 2993 
3162 2768 300 2349 
3163 2993 2768 2349 
3164 2349 300 2575 
3165 8084 8100 5772 
3166 2821 2820 2774 
3167 370 200 272 
3168 2153 822 2137 
3169 5014 5951 8109 
3170 1286 1136 1227 
3171 2206 2223 6564 
3172 2840 2203 91 
3173 1250 2489 2618 
3174 2489 2543 2372 
3175 2618 2489 2372 
3176 2270 2507 2506 
3177 3208 3238 3207 
3178 2737 2787 930 
3179 2736 2737 930 
3180 2856 3098 2835 
3181 2520 2767 2993 
3182 2993 2767 2768 
3183 3021 3022 3060 
3184 2666 2718 2665 
3185 2007 2006 2743 
3186 2634 2657 2585 
3187 2657 2332 2585 
3188 3055 2764 1788 
3189 2505 2332 2462 
3190 5915 6099 5192 
3191 3237 3238 2793 
3192 1664 3082 116 
3193 2787 2805 930 
3194 3318 1805 3348 
3195 3192 2404 4962 
3196 2404 2971 2835 
3197 2971 2856 2835 
3198 2856 2905 3098 
3199 2784 2521 2520 
3200 2520 2521 2767 
3201 2767 3016 300 
3202 2768 2767 300 
3203 3016 3079 300 
3204 3079 2753 2575 
3205 300 3079 2575 
3206 2753 2952 2449 
3207 2575 2753 2449 
3208 2952 2379 2554 
3209 2449 2952 2554 
3210 2554 2379 172 
3211 1688 1687 3197 
3212 2887 2886 2822 
3213 2775 2774 2722 
3214 2527 2613 2566 
3215 2627 2840 2765 
3216 412 2496 2900 
3217 3224 2496 2912 
3218 2900 2496 3224 
3219 2496 2367 2912 
3220 2912 2367 1337 
3221 2372 2657 2634 
3222 3748 3747 3701 
3223 2947 2339 4041 
3224 2697 2971 2404 
3225 2697 2856 2971 
3226 2604 2905 2856 
3227 2899 2607 2905 
3228 2604 2899 2905 
3229 2899 2785 2784 
3230 2607 2899 2784 
3231 2784 2785 2521 
3232 2767 3044 3016 
3233 3016 3044 3079 
3234 3044 2713 2753 
3235 3079 3044 2753 
3236 2642 2952 2753 
3237 2713 2642 2753 
3238 2642 2499 2379 
3239 2952 2642 2379 
3240 5682 5700 2454 
3241 2639 2593 2667 
3242 2527 2566 2526 
3243 8117 8110 8120 
3244 1089 1453 1593 
3245 2821 2885 2884 
3246 2445 2444 2369 
3247 2716 3096 3014 
3248 3180 2618 2504 
3249 2667 2668 2720 
3250 988 3453 3978 
3251 3328 1388 3637 
3252 1337 786 2086 
3253 3062 3102 3101 
3254 2869 2870 2908 
3255 3238 3237 3207 
3256 2166 2697 2404 
3257 2970 2856 2697 
3258 2484 2899 2604 
3259 3187 2484 2604 
3260 3221 2785 2899 
3261 2484 3221 2899 
3262 2785 3221 2521 
3263 2521 2918 2767 
3264 2767 2918 3044 
3265 2499 2497 172 
3266 2379 2499 172 
3267 3265 2302 873 
3268 2493 494 2497 
3269 1391 132 152 
3270 3216 3014 2355 
3271 4241 3797 3798 
3272 8085 8128 8111 
3273 2632 2841 2587 
3274 2381 2587 2582 
3275 2600 2601 2674 
3276 2601 2675 2674 
3277 3597 3596 3546 
3278 3596 3595 3545 
3279 1003 2432 1284 
3280 2364 2363 2298 
3281 2363 2364 2440 
3282 2364 2441 2440 
3283 2441 2513 2440 
3284 2672 2671 2596 
3285 3139 2538 1051 
3286 2516 2601 2600 
3287 3505 3469 3442 
3288 2167 2948 2697 
3289 2166 2167 2697 
3290 2254 2604 2856 
3291 2970 2254 2856 
3292 2254 3187 2604 
3293 3221 2562 2521 
3294 2562 2563 2521 
3295 2521 2563 2918 
3296 3044 2540 2713 
3297 2540 2717 2713 
3298 2491 2642 2713 
3299 2717 2491 2713 
3300 2491 2499 2642 
3301 2846 2845 2801 
3302 2978 3000 2977 
3303 2365 2442 2441 
3304 112 259 1654 
3305 4544 4548 4981 
3306 2930 2931 2929 
3307 2494 2468 1790 
3308 2435 2401 2546 
3309 3493 3492 3462 
3310 2674 2675 2701 
3311 2654 2965 2132 
3312 3383 3433 3408 
3313 1050 120 2085 
3314 2571 2490 2299 
3315 2724 2723 2670 
3316 2672 2724 2670 
3317 2672 2670 2671 
3318 4555 6300 1990 
3319 356 251 302 
3320 2948 2970 2697 
3321 2920 2254 2970 
3322 2254 2484 3187 
3323 3221 2563 2562 
3324 2563 115 2918 
3325 2990 3044 2918 
3326 115 2990 2918 
3327 2990 2540 3044 
3328 2752 2499 2491 
3329 2752 2493 2497 
3330 2499 2752 2497 
3331 3432 3462 3431 
3332 2134 158 251 
3333 926 2849 2803 
3334 3124 3154 3153 
3335 4564 2383 127 
3336 1048 2878 2922 
3337 3213 2943 2367 
3338 3155 1591 3199 
3339 1481 3124 3153 
3340 2626 2733 2840 
3341 2733 3117 2840 
3342 3463 3462 3432 
3343 836 8128 4107 
3344 2863 1985 1918 
3345 2070 2531 1985 
3346 2863 2070 1985 
3347 1239 1001 1516 
3348 2571 2299 2964 
3349 2538 2678 1051 
3350 1973 2004 1350 
3351 8110 8111 8128 
3352 2620 2970 2948 
3353 2090 2620 2948 
3354 2620 2920 2970 
3355 2254 2492 2484 
3356 2492 3215 3221 
3357 2484 2492 3221 
3358 3215 2563 3221 
3359 2483 2540 2990 
3360 2859 2874 2493 
3361 2752 2859 2493 
3362 2874 495 2493 
3363 6431 3778 5734 
3364 3229 1726 179 
3365 3222 8128 836 
3366 3117 3220 2840 
3367 2989 1337 2654 
3368 2605 2965 2654 
3369 2769 222 1554 
3370 3699 3700 3745 
3371 2476 3216 2794 
3372 3434 3433 3383 
3373 3958 3998 3997 
3374 3957 3958 3997 
3375 2344 8086 8068 
3376 3433 3463 3432 
3377 1338 1845 1783 
3378 2538 2573 969 
3379 2852 2909 2504 
3380 2909 3180 2504 
3381 5682 5660 5661 
3382 2944 2852 2504 
3383 2920 2680 2254 
3384 2680 2464 2492 
3385 2254 2680 2492 
3386 2464 2399 3215 
3387 2492 2464 3215 
3388 2576 2563 3215 
3389 2399 2576 3215 
3390 2576 115 2563 
3391 2483 2990 115 
3392 2763 2717 2540 
3393 2483 2763 2540 
3394 2763 3281 2717 
3395 3093 2491 2717 
3396 3281 3093 2717 
3397 3093 2859 2752 
3398 2491 3093 2752 
3399 3193 3286 6690 
3400 2384 200 128 
3401 4255 4256 4020 
3402 2317 2384 2383 
3403 2316 2317 2383 
3404 2384 128 2383 
3405 4032 2651 2586 
3406 2647 2615 2616 
3407 2687 2686 2615 
3408 926 2783 2731 
3409 846 944 4971 
3410 2840 3220 2203 
3411 3220 651 2203 
3412 3433 3432 3408 
3413 3544 3543 3489 
3414 2577 1666 2968 
3415 3746 3747 3745 
3416 2629 3181 2836 
3417 2294 2264 2295 
3418 3593 3592 3543 
3419 3544 3593 3543 
3420 1184 156 155 
3421 2538 3139 2573 
3422 2620 2903 2920 
3423 2920 2903 2680 
3424 3045 115 2576 
3425 3045 2403 115 
3426 2403 2483 115 
3427 2541 2763 2483 
3428 2763 2541 3281 
3429 2795 3093 3281 
3430 2541 2795 3281 
3431 2493 495 494 
3432 3905 3959 3904 
3433 3184 220 1856 
3434 2647 2687 2615 
3435 3672 979 1078 
3436 1305 2432 4378 
3437 2687 2706 2686 
3438 2545 3138 2967 
3439 2299 2794 2745 
3440 926 2803 2783 
3441 6349 7254 6350 
3442 3065 3064 3026 
3443 1337 2605 2654 
3444 3027 3065 3026 
3445 2629 2577 2968 
3446 3062 3063 3102 
3447 3063 3103 3102 
3448 3025 3063 3024 
3449 3879 107 1157 
3450 3432 3431 3381 
3451 461 1877 1854 
3452 2620 632 2903 
3453 2903 632 2680 
3454 2403 3045 2576 
3455 2917 2483 2403 
3456 2715 2859 3093 
3457 2795 2715 3093 
3458 3083 2874 2859 
3459 2715 3083 2859 
3460 3496 3435 3497 
3461 2620 2091 632 
3462 846 4971 761 
3463 2132 2866 2202 
3464 2974 3022 2973 
3465 4615 4614 4591 
3466 2595 2594 2512 
3467 3063 3062 3024 
3468 3216 2355 2427 
3469 2355 3014 3174 
3470 2794 3216 2427 
3471 2925 2926 2975 
3472 2745 2794 3194 
3473 632 2945 2680 
3474 2396 2464 2680 
3475 2481 2399 2464 
3476 2396 2481 2464 
3477 2399 2481 2576 
3478 2576 3175 2403 
3479 2290 2483 2917 
3480 2483 2290 2541 
3481 2837 2874 3083 
3482 1807 495 2874 
3483 2837 1807 2874 
3484 495 1807 803 
3485 3891 3927 3890 
3486 6435 6436 6480 
3487 4577 7525 4576 
3488 204 2384 2317 
3489 2318 204 2317 
3490 271 200 2384 
3491 204 271 2384 
3492 2610 791 745 
3493 3012 2625 2915 
3494 6708 6644 8102 
3495 3150 2538 3144 
3496 3065 3105 3064 
3497 3105 3104 3064 
3498 2153 392 822 
3499 2670 2669 2594 
3500 2577 796 1666 
3501 3194 2631 2895 
3502 2629 2968 3181 
3503 3194 2794 2631 
3504 2571 2964 2545 
3505 2342 8065 3009 
3506 4213 4214 295 
3507 929 831 930 
3508 2645 2945 632 
3509 2479 2645 632 
3510 2645 2680 2945 
3511 2397 2396 2680 
3512 2645 2397 2680 
3513 2313 2340 2576 
3514 2481 2313 2576 
3515 2576 2340 3175 
3516 2340 2649 2403 
3517 3175 2340 2403 
3518 2917 3116 2290 
3519 3078 2795 2541 
3520 2290 3078 2541 
3521 2348 2715 2795 
3522 3078 2348 2795 
3523 2837 3083 2715 
3524 2348 2837 2715 
3525 3497 3435 3465 
3526 2317 2276 2318 
3527 1166 4832 3473 
3528 2294 2295 2359 
3529 3490 3544 3489 
3530 2545 2967 2623 
3531 6797 8064 8137 
3532 2670 2668 2669 
3533 2819 2883 2882 
3534 2883 2927 2926 
3535 2882 2883 2926 
3536 1551 1478 1480 
3537 954 1049 2085 
3538 2927 2976 2975 
3539 2976 2998 2975 
3540 2926 2927 2975 
3541 3156 1553 3101 
3542 3102 3156 3101 
3543 2296 2297 2361 
3544 3025 3024 2998 
3545 2512 2511 2439 
3546 2976 3025 2998 
3547 3157 3156 3102 
3548 3138 3194 2895 
3549 2313 2481 2396 
3550 2397 2313 2396 
3551 2649 2807 2917 
3552 2403 2649 2917 
3553 2917 2807 3116 
3554 2378 2348 3078 
3555 3043 2378 3078 
3556 2356 1807 2837 
3557 3491 3490 3431 
3558 1924 212 460 
3559 1146 1147 1237 
3560 1188 1368 1920 
3561 2598 2597 2513 
3562 2692 2354 2571 
3563 3150 3144 969 
3564 5617 5616 3275 
3565 2722 2721 2668 
3566 2670 2722 2668 
3567 2818 2819 2882 
3568 6969 7028 7009 
3569 3278 8067 8099 
3570 3156 3157 1553 
3571 2439 2438 2361 
3572 2362 2439 2361 
3573 2668 2721 2720 
3574 3138 2745 3194 
3575 120 461 2085 
3576 1444 5617 3275 
3577 2136 2137 2479 
3578 2649 299 2807 
3579 2807 2861 2290 
3580 3116 2807 2290 
3581 2467 3043 3078 
3582 2290 2467 3078 
3583 2378 2356 2837 
3584 2348 2378 2837 
3585 2356 2466 1807 
3586 3042 1861 3619 
3587 554 1744 1728 
3588 6389 6436 6435 
3589 205 204 2318 
3590 2319 205 2318 
3591 5192 6389 6435 
3592 3229 179 2533 
3593 1108 2867 1206 
3594 3261 3150 969 
3595 2910 2912 2679 
3596 2778 2802 2777 
3597 3105 3159 3158 
3598 2964 2745 2545 
3599 1658 1726 3229 
3600 2875 2629 2387 
3601 2819 2818 2772 
3602 2773 2819 2772 
3603 2137 1513 2479 
3604 3247 2645 2479 
3605 1513 3247 2479 
3606 2400 2397 2645 
3607 2400 2530 2313 
3608 2397 2400 2313 
3609 2313 2530 2340 
3610 3246 299 2649 
3611 2340 3246 2649 
3612 2861 2754 2290 
3613 2290 2754 2467 
3614 111 112 227 
3615 2591 2590 438 
3616 5391 5038 6318 
3617 2522 2534 2507 
3618 2868 2941 1206 
3619 2012 3002 5616 
3620 1209 1669 1943 
3621 1688 1741 1783 
3622 2967 3138 2895 
3623 3061 3062 3101 
3624 2780 2779 2728 
3625 166 1374 342 
3626 788 803 4131 
3627 3174 2386 2435 
3628 2386 2434 2435 
3629 2012 3914 3002 
3630 2297 2362 2361 
3631 2721 2773 2772 
3632 2720 2721 2772 
3633 2884 2883 2819 
3634 2387 2629 2836 
3635 2550 2895 2371 
3636 3103 3157 3102 
3637 2267 3247 1513 
3638 822 2267 1513 
3639 2267 2645 3247 
3640 2415 2400 2645 
3641 2267 2415 2645 
3642 2415 2300 2530 
3643 2400 2415 2530 
3644 2300 2448 2340 
3645 2530 2300 2340 
3646 2340 2448 3246 
3647 2448 2447 299 
3648 3246 2448 299 
3649 2807 2754 2861 
3650 2754 2539 3043 
3651 2467 2754 3043 
3652 3120 2378 3043 
3653 2539 3120 3043 
3654 3120 2748 2356 
3655 2378 3120 2356 
3656 2356 2748 2466 
3657 3971 3970 3926 
3658 2320 205 2319 
3659 1212 2256 2698 
3660 2490 2716 2476 
3661 2507 2534 2806 
3662 3991 3300 3255 
3663 2603 2676 2601 
3664 2418 2875 2387 
3665 2428 2380 2678 
3666 287 288 332 
3667 2625 2950 3406 
3668 3430 3461 3460 
3669 2887 2864 2932 
3670 2864 2933 2932 
3671 2513 2512 2439 
3672 594 4224 1600 
3673 3200 1727 1659 
3674 2512 2513 2596 
3675 2511 2594 2593 
3676 2533 1875 1338 
3677 2550 2371 2568 
3678 2039 1984 1985 
3679 2964 2299 2745 
3680 2820 2884 2819 
3681 2476 3014 3216 
3682 2463 2414 2418 
3683 2414 2901 2418 
3684 2716 2463 2418 
3685 2901 2552 2875 
3686 1305 1256 2577 
3687 2552 2577 3176 
3688 2552 1305 2577 
3689 5617 2012 5616 
3690 2447 2850 2807 
3691 299 2447 2807 
3692 2850 3145 2807 
3693 2807 3145 2754 
3694 2347 3120 2539 
3695 2574 2347 2539 
3696 2748 2682 2466 
3697 8119 1219 8127 
3698 136 205 2320 
3699 2321 136 2320 
3700 136 206 205 
3701 8139 4107 8079 
3702 136 274 206 
3703 3914 4249 3002 
3704 2370 2446 2369 
3705 2352 3150 2202 
3706 2589 2450 2557 
3707 6912 6913 6943 
3708 6944 6964 6963 
3709 3429 3430 3460 
3710 789 1391 3092 
3711 3261 969 2202 
3712 3326 3360 3306 
3713 2418 2387 2716 
3714 3200 1659 3157 
3715 2440 2513 2439 
3716 6532 6898 8135 
3717 2355 3174 2435 
3718 3104 3105 3158 
3719 2623 2967 2895 
3720 796 457 1666 
3721 337 292 237 
3722 2357 2910 1786 
3723 3268 2357 1786 
3724 3268 1786 1727 
3725 3230 3268 1727 
3726 5347 5365 5364 
3727 2755 2350 2850 
3728 2447 2755 2850 
3729 2850 2350 3145 
3730 3145 2350 2754 
3731 2812 2574 2539 
3732 2754 2812 2539 
3733 2793 2733 2627 
3734 8063 8066 8091 
3735 2446 2482 2445 
3736 2823 2887 2822 
3737 3213 2588 2943 
3738 1384 789 3092 
3739 2933 2980 2932 
3740 2944 2504 2692 
3741 2618 2853 2648 
3742 4572 973 2163 
3743 3159 3201 3200 
3744 3158 3159 3200 
3745 2654 2130 2070 
3746 2901 2875 2418 
3747 2679 2912 1918 
3748 2912 1337 2989 
3749 822 3186 2267 
3750 3006 2415 2267 
3751 3273 2755 2447 
3752 2448 3273 2447 
3753 2350 891 2661 
3754 2754 2661 2812 
3755 2381 2896 2915 
3756 2371 1483 228 
3757 271 204 272 
3758 3135 3136 1856 
3759 2368 3136 3135 
3760 644 2677 2603 
3761 2761 2750 1097 
3762 4396 4348 4374 
3763 2808 2556 2546 
3764 330 2394 331 
3765 3294 3292 7152 
3766 3090 3089 3049 
3767 3050 3090 3049 
3768 555 2570 2367 
3769 555 2269 2086 
3770 3014 3096 3174 
3771 2895 2631 2371 
3772 3232 412 2357 
3773 3231 3232 2357 
3774 3200 3201 3230 
3775 3201 3231 3230 
3776 2654 2070 2863 
3777 2463 2716 2490 
3778 3158 3200 3157 
3779 1726 1785 179 
3780 2032 2068 2007 
3781 2552 3176 2875 
3782 8081 8070 8142 
3783 1918 2912 2989 
3784 3160 3159 3105 
3785 3106 3160 3105 
3786 3066 3065 3027 
3787 2465 841 1698 
3788 1089 3186 822 
3789 1089 822 392 
3790 1089 2267 3186 
3791 2310 3006 2267 
3792 1089 2310 2267 
3793 3006 2310 2415 
3794 2310 2735 2300 
3795 2415 2310 2300 
3796 2735 2312 2448 
3797 2300 2735 2448 
3798 2448 2312 3273 
3799 3273 2312 2755 
3800 2812 2661 2574 
3801 2592 2593 2639 
3802 2381 2915 2625 
3803 2896 2582 2858 
3804 2931 2932 2978 
3805 3001 3032 2981 
3806 3166 3208 3165 
3807 2588 3257 555 
3808 2822 2886 2821 
3809 3674 4186 53 
3810 2950 2625 3012 
3811 3430 3489 3461 
3812 2727 2778 2777 
3813 5285 5339 5338 
3814 4905 5378 4888 
3815 369 2535 370 
3816 3103 3104 3157 
3817 2412 3082 2693 
3818 2937 2936 2890 
3819 5285 5284 5240 
3820 2269 2133 2086 
3821 2980 3030 2979 
3822 2618 2648 2354 
3823 79 2303 2496 
3824 2504 2618 2354 
3825 3205 3235 3234 
3826 2303 2742 2496 
3827 3163 3205 3204 
3828 3162 3163 3204 
3829 3269 2303 3234 
3830 3235 3269 3234 
3831 2303 2333 2742 
3832 3161 3162 3203 
3833 3204 3234 3233 
3834 3108 3162 3141 
3835 3162 3204 3203 
3836 3201 3202 3231 
3837 2989 2654 2863 
3838 861 461 1854 
3839 2509 2510 2593 
3840 841 2465 3451 
3841 2598 2674 2673 
3842 2312 2751 2755 
3843 2751 891 2350 
3844 2755 2751 2350 
3845 255 110 4037 
3846 688 1156 832 
3847 547 2603 2561 
3848 2498 2133 2269 
3849 5265 5285 5240 
3850 8095 8089 8101 
3851 4042 2947 4041 
3852 2457 2793 2627 
3853 3208 3207 3165 
3854 3112 3166 3111 
3855 487 438 530 
3856 2972 3020 1371 
3857 2684 2737 2736 
3858 2705 2684 2736 
3859 2731 742 828 
3860 221 132 9 
3861 8094 8079 8077 
3862 2802 2778 2823 
3863 2676 2728 2675 
3864 3233 3234 79 
3865 3234 2303 79 
3866 3204 3205 3234 
3867 2446 2445 2369 
3868 6805 6806 6855 
3869 5277 5331 5351 
3870 1295 109 875 
3871 3685 3423 3665 
3872 555 91 2988 
3873 91 2270 2988 
3874 3162 3161 3141 
3875 3202 3201 3159 
3876 3160 3202 3159 
3877 2631 2949 1483 
3878 2631 2578 2949 
3879 2631 2854 2578 
3880 2978 3029 3028 
3881 2818 2882 2881 
3882 3106 3105 3065 
3883 3066 3106 3065 
3884 2366 2442 2365 
3885 3030 3067 3066 
3886 3029 3030 3066 
3887 2979 3030 3029 
3888 2978 2979 3029 
3889 2312 2420 2751 
3890 788 495 803 
3891 2751 2420 891 
3892 1212 3637 940 
3893 3637 1454 940 
3894 3488 3542 3541 
3895 222 2542 749 
3896 2533 1338 3227 
3897 2264 2294 2263 
3898 3207 3237 3206 
3899 3207 3206 3164 
3900 3166 3165 3111 
3901 3037 3075 3036 
3902 2666 2665 2591 
3903 1147 2922 1238 
3904 1238 2972 1371 
3905 2931 2978 2929 
3906 3995 4037 4036 
3907 3284 1557 2969 
3908 3183 2537 50 
3909 2537 1016 3018 
3910 2534 2537 3183 
3911 2536 2537 2534 
3912 2650 2537 2536 
3913 2598 2673 2672 
3914 3228 3227 3199 
3915 3068 3067 3030 
3916 3047 3068 3030 
3917 3203 3204 3233 
3918 2782 2781 2757 
3919 2730 2729 2677 
3920 2702 2730 2677 
3921 2730 2757 2729 
3922 8088 8146 6798 
3923 2880 2924 2923 
3924 2879 2880 2923 
3925 3210 3240 3239 
3926 200 271 272 
3927 3067 3108 3107 
3928 3086 3067 3107 
3929 1072 3662 2456 
3930 2823 2822 2777 
3931 3028 3066 3027 
3932 3606 3605 3557 
3933 1012 2865 1011 
3934 1689 452 135 
3935 1593 1057 2310 
3936 1089 1593 2310 
3937 2919 2735 2310 
3938 1057 2919 2310 
3939 2919 2413 2312 
3940 2735 2919 2312 
3941 2312 2413 2420 
3942 2841 2876 2688 
3943 2630 2495 795 
3944 2638 1374 166 
3945 3062 3061 3023 
3946 3237 3236 3206 
3947 2566 2613 2525 
3948 2425 2871 2368 
3949 3745 3747 3797 
3950 2906 2425 2368 
3951 2932 2931 2886 
3952 3170 3169 3128 
3953 5364 6261 5347 
3954 2602 2601 2518 
3955 2728 2779 2756 
3956 2598 2599 2674 
3957 820 2770 2847 
3958 2437 2436 2359 
3959 2730 2782 2757 
3960 2699 3188 4249 
3961 3066 3067 3086 
3962 2298 2363 2362 
3963 3073 3126 3072 
3964 3000 2978 3028 
3965 2360 2438 2359 
3966 2428 3118 2380 
3967 6749 6758 1991 
3968 2582 2688 2858 
3969 456 411 1666 
3970 2156 5445 2158 
3971 2444 2516 2443 
3972 2988 2498 2269 
3973 2126 2194 2125 
3974 3130 3087 3131 
3975 1347 1807 2466 
3976 2526 2566 2525 
3977 2802 2823 2777 
3978 1741 1338 1783 
3979 3406 2950 2921 
3980 2630 2584 2462 
3981 2676 2675 2601 
3982 3109 3108 3067 
3983 3068 3109 3067 
3984 2489 2694 2543 
3985 2674 2726 2725 
3986 3257 91 555 
3987 3012 2915 2966 
3988 7251 7234 3289 
3989 1480 1481 3152 
3990 1481 3153 3152 
3991 2885 2930 2929 
3992 2297 2298 2362 
3993 2673 2674 2672 
3994 3743 3794 3793 
3995 6743 4785 3193 
3996 3229 3228 1657 
3997 2695 146 61 
3998 2653 2919 1057 
3999 2653 2746 2413 
4000 2919 2653 2413 
4001 2413 2421 2420 
4002 2514 2513 2441 
4003 5167 6258 5474 
4004 220 3196 1856 
4005 200 370 2535 
4006 2824 2864 2823 
4007 2826 2825 2779 
4008 4257 4276 4256 
4009 2556 2808 2417 
4010 2916 2632 2712 
4011 2526 2525 2486 
4012 4217 4257 4256 
4013 4216 4217 4256 
4014 2613 2612 2525 
4015 4549 3248 2253 
4016 2780 2826 2779 
4017 2295 2360 2359 
4018 2926 2925 2882 
4019 3163 3162 3108 
4020 3109 3163 3108 
4021 2694 2495 2543 
4022 6350 7253 6322 
4023 2578 2417 2711 
4024 4191 1266 1272 
4025 6417 6419 5090 
4026 2842 2522 2507 
4027 2598 2672 2641 
4028 819 820 2801 
4029 2451 3193 6690 
4030 2803 2828 2782 
4031 2803 2849 2828 
4032 2498 2507 2345 
4033 2703 2428 3150 
4034 2999 3026 2976 
4035 3742 3743 3793 
4036 3745 3796 3795 
4037 2783 2803 2782 
4038 32 2860 2653 
4039 1057 1593 1005 
4040 2860 2696 2746 
4041 2653 2860 2746 
4042 2746 2696 2413 
4043 2696 2422 2421 
4044 2413 2696 2421 
4045 3743 3744 3794 
4046 3325 3358 3324 
4047 3744 3795 3794 
4048 1550 1551 1620 
4049 288 289 333 
4050 3270 2793 2457 
4051 8115 5951 8109 
4052 2711 2417 2632 
4053 3167 3210 3209 
4054 2741 2740 2706 
4055 2687 2741 2706 
4056 504 1634 467 
4057 1033 194 868 
4058 2986 3037 2985 
4059 2741 2789 2740 
4060 7288 7287 7240 
4061 2507 2806 2555 
4062 2438 2511 2510 
4063 2437 2438 2510 
4064 2568 2371 228 
4065 2414 2388 2901 
4066 2368 3135 3117 
4067 2388 2634 2901 
4068 3825 8132 8134 
4069 3955 8063 4958 
4070 2678 2380 887 
4071 2446 2518 2482 
4072 2682 2465 2466 
4073 2506 2507 2498 
4074 2203 651 2842 
4075 6810 6809 6755 
4076 2515 2516 2514 
4077 3744 3745 3795 
4078 2561 2519 547 
4079 2783 2782 2730 
4080 2731 2783 2730 
4081 6354 8122 6687 
4082 3461 3489 3488 
4083 3479 3901 8142 
4084 4378 1256 1305 
4085 3698 3744 3743 
4086 2775 2821 2774 
4087 3026 3064 3063 
4088 3136 3184 1856 
4089 7274 7252 7253 
4090 2568 3278 2902 
4091 2868 2869 2941 
4092 1388 3373 1909 
4093 148 4028 147 
4094 5104 5419 5413 
4095 1319 1033 868 
4096 1788 1099 1909 
4097 6736 6712 6309 
4098 8124 8109 8129 
4099 3960 3959 3905 
4100 2142 6708 8102 
4101 2817 2881 2880 
4102 3346 4107 8139 
4103 2775 2777 2821 
4104 2776 2777 2775 
4105 2777 2822 2821 
4106 3217 1658 3229 
4107 2611 2683 791 
4108 2578 2711 2916 
4109 221 4523 96 
4110 2546 2792 1790 
4111 3228 2533 3227 
4112 2924 2974 2973 
4113 2886 2931 2885 
4114 1591 1657 3199 
4115 3213 2367 2496 
4116 3409 3384 3358 
4117 3130 3129 3075 
4118 3087 3130 3075 
4119 2507 2555 2345 
4120 2902 8099 2660 
4121 1918 2989 2863 
4122 2354 2953 2571 
4123 1236 1238 1371 
4124 1250 2694 2489 
4125 2842 3214 2522 
4126 8097 8116 8141 
4127 1848 179 1785 
4128 356 52 2940 
4129 4249 3188 3973 
4130 4237 1335 4372 
4131 3032 3031 2981 
4132 2725 2777 2724 
4133 3032 3070 3031 
4134 2417 2808 1790 
4135 3891 3890 3855 
4136 3013 1333 2381 
4137 1219 6892 8127 
4138 3276 2963 75 
4139 2792 3276 2589 
4140 2279 2324 2323 
4141 2324 283 282 
4142 2323 2324 282 
4143 2485 2523 2452 
4144 3112 3111 3070 
4145 3276 75 2589 
4146 2881 2925 2924 
4147 2509 2593 2592 
4148 2494 2389 2841 
4149 2987 3038 2986 
4150 5354 5353 4023 
4151 3038 3037 2986 
4152 2632 2468 2841 
4153 3240 3242 2412 
4154 101 7961 163 
4155 3214 2534 2522 
4156 2588 3143 91 
4157 2516 2599 2598 
4158 2514 2516 2598 
4159 7748 7798 7746 
4160 56 301 1156 
4161 3856 3870 3855 
4162 2657 2462 2332 
4163 3365 3391 3364 
4164 3130 3171 3129 
4165 5557 5536 5537 
4166 7703 7753 7702 
4167 2836 2386 3174 
4168 3075 3129 3074 
4169 2587 2841 2688 
4170 4372 1335 3865 
4171 5971 2505 4105 
4172 5446 6578 4294 
4173 7875 7874 7848 
4174 2323 2278 2279 
4175 1169 6644 4986 
4176 2949 2916 1483 
4177 2916 2711 2632 
4178 1202 2987 1201 
4179 2987 2986 1201 
4180 2450 2589 92 
4181 1554 103 348 
4182 2880 2881 2924 
4183 3104 3158 3157 
4184 2650 2536 2534 
4185 2950 3012 2966 
4186 3214 2650 2534 
4187 2876 3251 2636 
4188 818 907 906 
4189 2790 2789 2741 
4190 2949 2578 2916 
4191 2436 2437 2509 
4192 2832 2831 2789 
4193 2790 2832 2789 
4194 6797 8137 8097 
4195 2684 2683 2612 
4196 2808 2546 1790 
4197 2534 2710 2806 
4198 2543 2495 2657 
4199 3233 79 412 
4200 3232 3233 412 
4201 412 79 2496 
4202 3028 3029 3066 
4203 3486 3540 2687 
4204 1788 2621 1099 
4205 2832 2869 2868 
4206 2831 2832 2868 
4207 4241 6140 4261 
4208 3025 3026 3063 
4209 2876 2636 2688 
4210 2924 2925 2974 
4211 1205 1107 1206 
4212 348 2424 2429 
4213 5309 5310 565 
4214 2813 3350 3685 
4215 3350 297 3423 
4216 2836 3181 2386 
4217 822 1513 2137 
4218 6708 4986 6644 
4219 2651 8097 8141 
4220 8079 8143 8085 
4221 2427 3191 2854 
4222 6352 8113 6323 
4223 6915 6914 6862 
4224 1805 3318 297 
4225 2437 2510 2509 
4226 2847 2878 1048 
4227 2355 2556 3191 
4228 1195 540 1600 
4229 2427 2355 3191 
4230 2742 2333 3213 
4231 2610 2611 791 
4232 2444 2443 2366 
4233 2613 2684 2612 
4234 1256 4378 796 
4235 2142 8092 8086 
4236 2401 112 2963 
4237 3239 2425 2793 
4238 2692 2852 2944 
4239 2556 2355 2435 
4240 3279 2852 2692 
4241 383 1006 3733 
4242 2370 2369 2334 
4243 3183 50 2710 
4244 4040 2681 2663 
4245 3747 3798 3797 
4246 2401 3276 2792 
4247 2546 2401 2792 
4248 3916 3957 3956 
4249 3940 3916 3956 
4250 3957 3997 3996 
4251 3956 3957 3996 
4252 4039 4038 3996 
4253 3997 4039 3996 
4254 239 238 101 
4255 1854 1877 861 
4256 2761 2907 2429 
4257 2750 2761 2429 
4258 2907 3271 2429 
4259 3271 348 2429 
4260 965 585 1295 
4261 2720 2772 2771 
4262 2401 2963 3276 
4263 4212 1114 4213 
4264 8142 8070 3479 
4265 2243 2325 2324 
4266 2279 2243 2324 
4267 2325 2392 283 
4268 2324 2325 283 
4269 3227 1338 1741 
4270 2743 2032 2030 
4271 2524 2565 2523 
4272 2611 2610 2523 
4273 2565 2611 2523 
4274 5384 5397 6507 
4275 2982 3033 3001 
4276 1104 1201 2891 
4277 2354 2463 2490 
4278 873 837 3265 
4279 3087 3075 3037 
4280 3038 3087 3037 
4281 2683 2684 2705 
4282 5571 5642 5600 
4283 2579 2636 2390 
4284 3239 3238 3208 
4285 3209 3239 3208 
4286 3110 3109 3068 
4287 2517 2601 2516 
4288 3069 3110 3068 
4289 2934 2981 2980 
4290 2933 2934 2980 
4291 3031 3030 2980 
4292 3031 3047 3030 
4293 2981 3031 2980 
4294 3069 3068 3047 
4295 3031 3069 3047 
4296 3236 2457 3269 
4297 2534 3183 2710 
4298 2389 2431 2390 
4299 2498 2866 2133 
4300 8103 8083 8090 
4301 3595 3647 3593 
4302 3545 3595 3544 
4303 3647 3646 3593 
4304 3595 3593 3594 
4305 3595 3594 3544 
4306 4039 2663 4038 
4307 2663 255 4038 
4308 5372 5405 5351 
4309 563 886 709 
4310 81 2940 52 
4311 2014 2712 2587 
4312 2381 2014 2587 
4313 1012 1104 2865 
4314 1104 2892 2865 
4315 2621 2761 1099 
4316 2621 2306 2907 
4317 2761 2621 2907 
4318 2306 3271 2907 
4319 1554 348 3271 
4320 2306 1554 3271 
4321 7705 7728 7683 
4322 125 1424 5483 
4323 2326 2393 2392 
4324 2325 2326 2392 
4325 1930 1951 1885 
4326 2393 329 2392 
4327 3167 3209 3208 
4328 3166 3167 3208 
4329 3240 2412 2425 
4330 2524 2523 2485 
4331 2968 112 2434 
4332 2386 2968 2434 
4333 2968 3015 112 
4334 512 2004 1973 
4335 1201 2986 2938 
4336 2556 2435 2546 
4337 3238 3239 2793 
4338 3049 3089 3048 
4339 2593 2668 2667 
4340 2968 260 3015 
4341 2518 2517 2445 
4342 2482 2518 2445 
4343 3235 3236 3269 
4344 3206 3236 3205 
4345 3939 3940 3091 
4346 3167 3166 3112 
4347 3089 3088 3048 
4348 2587 2688 2582 
4349 71 1320 823 
4350 3596 3649 3595 
4351 3545 3544 3490 
4352 3491 3545 3490 
4353 2847 2845 2846 
4354 2847 2846 820 
4355 3135 1856 2268 
4356 3315 2334 2369 
4357 2151 3017 965 
4358 3049 3048 1225 
4359 2791 2790 2741 
4360 2791 2833 2790 
4361 2884 2928 2883 
4362 3400 6660 4551 
4363 6354 4545 5445 
4364 1909 3454 1788 
4365 2978 2977 2929 
4366 3999 4000 4041 
4367 114 698 4540 
4368 3135 2268 651 
4369 2733 2368 3117 
4370 3117 3135 3220 
4371 3220 3135 651 
4372 3034 3033 2982 
4373 2853 2388 2648 
4374 907 1048 1047 
4375 3059 3124 1408 
4376 3070 3111 3069 
4377 4299 142 4187 
4378 1689 243 452 
4379 3126 3167 3112 
4380 3645 3644 3591 
4381 29 89 3637 
4382 4038 255 4037 
4383 3382 3408 3381 
4384 3408 3432 3381 
4385 1201 2938 2891 
4386 2615 2685 2613 
4387 7911 2165 6484 
4388 2299 2476 2794 
4389 7253 7252 6322 
4390 3017 585 965 
4391 3228 3229 2533 
4392 3242 3082 2412 
4393 2497 493 172 
4394 3350 1805 297 
4395 7068 7067 7029 
4396 2327 2394 2393 
4397 2326 2327 2393 
4398 2394 330 2393 
4399 330 329 2393 
4400 3435 3383 3409 
4401 2937 2984 2936 
4402 3241 3242 3240 
4403 3199 3227 3198 
4404 2442 2514 2441 
4405 2854 2417 2578 
4406 2806 2710 652 
4407 2765 3143 2588 
4408 2703 3150 2352 
4409 2345 2703 2352 
4410 2849 2827 2828 
4411 2683 831 830 
4412 494 493 2497 
4413 2664 922 689 
4414 3199 3198 3155 
4415 3227 1741 3198 
4416 2838 931 108 
4417 2727 2756 2778 
4418 2518 2601 2517 
4419 2603 2601 2602 
4420 3073 3072 3034 
4421 3035 3073 3034 
4422 3088 3087 3038 
4423 2705 2736 831 
4424 2683 2705 831 
4425 1169 8123 6644 
4426 4902 5592 6163 
4427 689 922 1066 
4428 922 1091 1341 
4429 2591 530 2590 
4430 2098 7911 2097 
4431 2943 2588 555 
4432 2591 2665 530 
4433 2764 2621 1788 
4434 2764 3121 2621 
4435 2501 2306 2621 
4436 3121 2501 2621 
4437 2501 2769 1554 
4438 2306 2501 1554 
4439 2983 2982 2935 
4440 2936 2983 2935 
4441 3048 3088 3038 
4442 2611 2612 2683 
4443 2040 1627 350 
4444 2731 2730 2702 
4445 2771 2817 2848 
4446 3060 3100 3059 
4447 3100 3124 3059 
4448 3020 3021 3059 
4449 2136 2479 632 
4450 2771 2772 2817 
4451 2425 2906 2368 
4452 2268 1856 2650 
4453 3649 3648 3595 
4454 3575 3596 3545 
4455 3108 3106 3107 
4456 3108 3141 3106 
4457 2934 2933 2864 
4458 1591 3155 3124 
4459 3125 1591 3124 
4460 2085 461 861 
4461 2675 2727 2701 
4462 2728 2756 2727 
4463 3170 3212 3169 
4464 2678 214 124 
4465 3212 3211 3169 
4466 2797 3081 2473 
4467 2256 1212 940 
4468 3867 36 784 
4469 2847 2879 2878 
4470 2436 389 293 
4471 2359 2436 293 
4472 2834 2764 3055 
4473 2834 3121 2764 
4474 2551 2501 3121 
4475 2834 2551 3121 
4476 2551 2769 2501 
4477 2168 2090 2948 
4478 2168 2948 2167 
4479 389 2436 2509 
4480 3070 3069 3031 
4481 2592 2591 2509 
4482 7515 7514 7485 
4483 2281 2326 2244 
4484 2663 2797 2473 
4485 2998 3024 3023 
4486 2592 2639 2591 
4487 2667 2666 2591 
4488 2564 2195 2194 
4489 2984 2983 2936 
4490 1099 1097 29 
4491 1909 1099 29 
4492 1198 1988 2809 
4493 402 2446 2370 
4494 3323 3322 7388 
4495 2793 2425 2368 
4496 3594 3593 3544 
4497 3091 3956 3995 
4498 601 132 1391 
4499 3164 3206 3163 
4500 789 601 1391 
4501 2627 2765 2588 
4502 2333 2627 2588 
4503 2443 2442 2366 
4504 2442 2443 2514 
4505 2639 2667 2591 
4506 2618 2372 2388 
4507 2888 2934 2864 
4508 2828 2827 2781 
4509 2792 2589 2430 
4510 819 2801 2845 
4511 2594 2669 2668 
4512 741 2731 2702 
4513 2756 2779 2778 
4514 2728 2727 2675 
4515 2886 2885 2821 
4516 2333 2588 3213 
4517 3124 1481 1408 
4518 2365 2364 178 
4519 3358 3383 3357 
4520 2769 2461 2542 
4521 3655 3654 3605 
4522 493 445 172 
4523 2558 3567 3457 
4524 5838 4772 5805 
4525 2666 2667 2719 
4526 2879 2923 2922 
4527 2551 2461 2769 
4528 109 37 875 
4529 2858 2762 2766 
4530 7924 7974 7949 
4531 2282 2328 2327 
4532 2328 287 2394 
4533 2327 2328 2394 
4534 5039 4744 5703 
4535 2157 6784 6465 
4536 2529 925 3184 
4537 3196 3115 2650 
4538 3495 3547 3493 
4539 2144 2100 2167 
4540 2612 2611 2525 
4541 3846 6216 1950 
4542 3131 4033 3130 
4543 2983 3034 2982 
4544 3072 3126 3112 
4545 490 3762 2956 
4546 3164 3163 3109 
4547 3110 3164 3109 
4548 3206 3205 3163 
4549 3236 3235 3205 
4550 5338 4867 4831 
4551 2674 2725 2672 
4552 3202 3232 3231 
4553 7705 7754 7728 
4554 2816 2771 2848 
4555 2782 2828 2781 
4556 1985 2531 2039 
4557 1005 2653 1057 
4558 7911 2098 2165 
4559 2975 2998 3023 
4560 2495 2630 2657 
4561 2974 2975 3023 
4562 2870 2869 2833 
4563 2195 2564 2147 
4564 8136 4836 3149 
4565 2953 2354 2490 
4566 3217 1657 1658 
4567 2870 2833 2908 
4568 5654 351 6116 
4569 2878 2879 2922 
4570 2794 2427 2854 
4571 1846 1338 1875 
4572 1520 2991 80 
4573 6555 6620 4191 
4574 778 2138 777 
4575 4446 2872 713 
4576 2573 3139 1182 
4577 2869 2908 2941 
4578 3332 3331 3292 
4579 2498 2202 2866 
4580 3033 3032 3001 
4581 2890 2889 2827 
4582 2627 2626 2840 
4583 2849 2890 2827 
4584 3072 3112 3071 
4585 3072 3071 3033 
4586 3034 3072 3033 
4587 2352 2202 2498 
4588 2517 2516 2444 
4589 2445 2517 2444 
4590 2443 2515 2514 
4591 3546 3575 3545 
4592 3932 3945 3685 
4593 3542 3573 3572 
4594 3196 220 3115 
4595 2712 2014 878 
4596 690 3829 4207 
4597 5489 6258 6040 
4598 3115 2472 2537 
4599 1239 166 156 
4600 2974 3023 3022 
4601 2931 2930 2885 
4602 2388 2532 2648 
4603 3195 1488 2339 
4604 3023 3061 3060 
4605 3022 3023 3060 
4606 3076 2804 2834 
4607 2609 2551 2834 
4608 2851 2609 2834 
4609 2609 2471 2461 
4610 2551 2609 2461 
4611 2471 2542 2461 
4612 3423 297 3665 
4613 3061 3101 3100 
4614 3195 3190 2151 
4615 3401 2411 3403 
4616 1219 1743 3009 
4617 3171 4033 1161 
4618 2100 2101 2167 
4619 3060 3061 3100 
4620 3101 3125 3100 
4621 2973 3021 3020 
4622 3184 925 220 
4623 2890 2936 2889 
4624 2936 2935 2889 
4625 741 2677 644 
4626 2007 2033 2032 
4627 741 2702 2677 
4628 2853 2618 2388 
4629 2361 2438 2360 
4630 2295 2296 2360 
4631 2972 2973 3020 
4632 1225 3048 3038 
4633 2923 2973 2972 
4634 2794 2854 2631 
4635 2593 2594 2668 
4636 629 2718 729 
4637 2922 2923 2972 
4638 3101 1591 3125 
4639 3212 3242 3241 
4640 3211 3212 3241 
4641 2984 3035 2983 
4642 3464 3433 3434 
4643 2652 2804 3076 
4644 2652 2851 2804 
4645 2652 2609 2851 
4646 2419 2542 2471 
4647 452 243 2542 
4648 2419 452 2542 
4649 2932 2979 2978 
4650 2842 2650 3214 
4651 597 550 648 
4652 3035 3034 2983 
4653 876 6837 6354 
4654 2283 2329 2328 
4655 2329 288 287 
4656 2328 2329 287 
4657 4247 1730 3838 
4658 4378 2432 968 
4659 3021 3060 3059 
4660 651 2268 2842 
4661 220 2472 3115 
4662 2824 2825 2864 
4663 3066 3086 3106 
4664 3086 3107 3106 
4665 2597 2641 2596 
4666 2724 2776 2775 
4667 2723 2724 2775 
4668 2510 2511 2593 
4669 2296 2361 2360 
4670 3230 1727 3200 
4671 2301 1305 2552 
4672 1337 2086 2605 
4673 3567 2398 3769 
4674 2268 2650 2842 
4675 1921 2156 2158 
4676 3460 3461 3488 
4677 1790 2792 2430 
4678 2657 2630 2462 
4679 3111 3165 3110 
4680 1225 3038 2987 
4681 6072 6083 6089 
4682 156 1184 1239 
4683 4979 5593 2207 
4684 3547 3546 3493 
4685 2382 2609 2652 
4686 2382 2471 2609 
4687 2469 2419 2471 
4688 1314 5086 2252 
4689 1607 4056 4055 
4690 690 1587 3316 
4691 2742 3213 2496 
4692 2330 289 288 
4693 2329 2330 288 
4694 3346 8139 5353 
4695 2648 2532 2414 
4696 2779 2825 2824 
4697 2778 2779 2824 
4698 2825 2888 2864 
4699 2388 2372 2634 
4700 3203 3202 3160 
4701 3203 3233 3202 
4702 2641 2672 2596 
4703 2901 2301 2552 
4704 2605 2086 2965 
4705 2965 2086 2132 
4706 2678 887 214 
4707 3269 2457 2303 
4708 6437 5256 6481 
4709 3917 3905 3880 
4710 2525 2611 2565 
4711 283 328 282 
4712 3422 3279 2852 
4713 2793 2368 2733 
4714 5192 5171 5915 
4715 2548 2471 2382 
4716 2398 2548 2382 
4717 2548 3054 2471 
4718 2656 2469 2471 
4719 3054 2656 2471 
4720 2656 2419 2469 
4721 2468 2494 2841 
4722 2525 2565 2524 
4723 2947 3195 2339 
4724 179 1848 1875 
4725 2925 2975 2974 
4726 2329 2284 2330 
4727 2910 1850 1786 
4728 3149 1379 8136 
4729 6099 6389 5192 
4730 2525 2524 2485 
4731 6971 3341 4832 
4732 3127 3126 3073 
4733 2665 629 530 
4734 2585 2311 2477 
4735 2553 2585 2477 
4736 2634 2585 2553 
4737 3161 3203 3160 
4738 3648 3701 3647 
4739 2929 2927 2928 
4740 2977 2999 2976 
4741 2363 2440 2439 
4742 2362 2363 2439 
4743 2457 2627 2333 
4744 2303 2457 2333 
4745 3165 3164 3110 
4746 2533 179 1875 
4747 2671 2670 2596 
4748 3874 3932 3476 
4749 6310 6736 6309 
4750 6089 5256 6437 
4751 1266 4549 1272 
4752 2196 166 342 
4753 2548 2470 2656 
4754 3054 2548 2656 
4755 2470 2419 2656 
4756 2470 452 2419 
4757 2940 135 452 
4758 3168 3210 3167 
4759 8079 8085 8125 
4760 3217 3229 1657 
4761 2331 290 289 
4762 2330 2331 289 
4763 926 2731 828 
4764 1011 926 927 
4765 1147 1238 1237 
4766 2845 2847 1048 
4767 3023 3024 3062 
4768 2938 2937 2891 
4769 3106 3141 3160 
4770 3141 3161 3160 
4771 3233 3232 3202 
4772 3022 3021 2973 
4773 2977 2976 2927 
4774 2929 2977 2927 
4775 2596 2640 2595 
4776 2596 2595 2512 
4777 2357 3268 3230 
4778 2910 3224 2912 
4779 2892 2891 1011 
4780 3239 3240 2425 
4781 1104 2891 2892 
4782 3168 3167 3126 
4783 3307 7277 3327 
4784 2498 2345 2352 
4785 1483 2916 2712 
4786 3435 3434 3383 
4787 5220 5219 5199 
4788 8102 8088 8100 
4789 3209 3210 3239 
4790 2398 2652 3769 
4791 2689 452 2470 
4792 2659 2940 452 
4793 2689 2659 452 
4794 3646 3699 3645 
4795 6640 1214 4984 
4796 2986 2985 2938 
4797 3547 3598 3546 
4798 6258 5167 6040 
4799 2284 2286 2330 
4800 2130 2131 2070 
4801 1856 3196 2650 
4802 5328 6526 6525 
4803 2703 2255 2428 
4804 2476 2716 3014 
4805 3096 2716 2836 
4806 2513 2597 2596 
4807 2564 2126 2147 
4808 2692 2571 2545 
4809 2640 2670 2594 
4810 2596 2670 2640 
4811 3027 3026 2999 
4812 2900 3224 2910 
4813 3701 3700 3647 
4814 3074 3128 3073 
4815 2430 2589 2557 
4816 1790 2430 2557 
4817 2865 2892 1011 
4818 3127 3168 3126 
4819 1483 2712 878 
4820 2519 2518 2446 
4821 2985 2984 2937 
4822 1741 1688 3197 
4823 3198 1741 3197 
4824 2494 1790 2557 
4825 555 2988 2269 
4826 2877 2707 2470 
4827 2548 2877 2470 
4828 2707 2689 2470 
4829 2659 356 2940 
4830 3036 3035 2984 
4831 2389 2494 2557 
4832 686 3372 1310 
4833 3188 4237 4372 
4834 158 2134 92 
4835 5456 1264 6510 
4836 4453 4796 4821 
4837 3074 3073 3035 
4838 3036 3074 3035 
4839 6174 6089 6389 
4840 111 75 2963 
4841 2716 2387 2836 
4842 370 419 471 
4843 2550 2623 2895 
4844 2640 2594 2595 
4845 2774 2773 2721 
4846 2722 2774 2721 
4847 2677 2676 2603 
4848 3169 3168 3127 
4849 1453 1005 1593 
4850 1937 5141 5360 
4851 5327 5328 6525 
4852 2202 969 2201 
4853 2402 652 2996 
4854 2532 2388 2414 
4855 2938 2985 2937 
4856 3169 3211 3168 
4857 2195 2147 2148 
4858 2838 108 2502 
4859 2653 1005 32 
4860 3055 3982 3077 
4861 2558 2398 3053 
4862 2877 2548 2398 
4863 2558 2877 2398 
4864 2985 3036 2984 
4865 2251 2287 2331 
4866 2286 2251 2331 
4867 2287 291 290 
4868 2331 2287 290 
4869 8068 8084 8098 
4870 2001 2026 2025 
4871 3128 3127 3073 
4872 3180 1250 2618 
4873 3473 3447 1166 
4874 2648 2414 2463 
4875 3231 2357 3230 
4876 2371 2631 1483 
4877 2638 1239 1374 
4878 2132 2130 2654 
4879 412 2900 2910 
4880 2357 412 2910 
4881 3535 8073 3669 
4882 3128 3169 3127 
4883 2514 2598 2513 
4884 6171 3538 3452 
4885 3211 3210 3168 
4886 2588 91 3257 
4887 2718 2770 820 
4888 2806 652 2402 
4889 2529 57 925 
4890 2417 1790 2468 
4891 2712 2632 2587 
4892 2749 2877 2558 
4893 2581 2689 2707 
4894 2689 2581 2659 
4895 2460 356 2659 
4896 356 2460 251 
4897 3211 3241 3240 
4898 3210 3211 3240 
4899 438 2590 530 
4900 2152 110 350 
4901 791 2683 830 
4902 2004 2030 2029 
4903 2519 2561 2518 
4904 2270 2506 2498 
4905 2988 2270 2498 
4906 2820 2819 2773 
4907 3096 2836 3174 
4908 163 2291 239 
4909 2725 2727 2777 
4910 2724 2777 2776 
4911 4087 285 558 
4912 1256 796 2577 
4913 3026 3025 2976 
4914 2885 2929 2884 
4915 2538 2428 2678 
4916 2599 2600 2674 
4917 2270 2842 2507 
4918 2553 2477 2301 
4919 8066 8095 8081 
4920 1239 1516 1374 
4921 2490 2476 2299 
4922 3430 3429 3379 
4923 3144 2538 969 
4924 3700 3746 3745 
4925 2555 2806 2402 
4926 1970 4645 1971 
4927 1483 878 59 
4928 2749 2580 2707 
4929 2877 2749 2707 
4930 2580 2581 2707 
4931 2581 2579 2659 
4932 2579 2460 2659 
4933 2615 2614 2527 
4934 3125 3124 3100 
4935 3598 3597 3546 
4936 2545 80 2692 
4937 6156 6414 6971 
4938 4303 4304 167 
4939 2686 2738 2685 
4940 2693 57 2529 
4941 2412 2693 2529 
4942 2603 2602 2518 
4943 2570 555 1337 
4944 2648 2463 2354 
4945 2774 2820 2773 
4946 2439 2511 2438 
4947 2772 2818 2817 
4948 2817 2818 2881 
4949 3360 6394 3306 
4950 4147 4171 3845 
4951 2820 2821 2884 
4952 2203 2842 2270 
4953 2889 2888 2825 
4954 2827 2889 2825 
4955 2677 2728 2676 
4956 3380 3430 3379 
4957 555 786 1337 
4958 2570 1337 2367 
4959 3088 3089 3132 
4960 4069 4092 4078 
4961 2827 2826 2780 
4962 2781 2827 2780 
4963 1850 2910 1876 
4964 2686 2685 2615 
4965 1206 1107 1108 
4966 2950 2749 2558 
4967 2950 2966 2580 
4968 2749 2950 2580 
4969 2766 2581 2580 
4970 2390 2460 2579 
4971 2390 251 2460 
4972 3165 3207 3164 
4973 726 819 818 
4974 4173 4174 4216 
4975 6526 6574 6573 
4976 292 291 2287 
4977 2288 292 2287 
4978 6525 6526 6573 
4979 2372 2543 2657 
4980 555 2086 786 
4981 2573 1182 294 
4982 2679 1918 1876 
4983 2910 2679 1876 
4984 1666 411 2968 
4985 2848 2817 2880 
4986 150 2472 220 
4987 3176 2577 2629 
4988 2428 2538 3150 
4989 3075 3074 3036 
4990 3155 3154 3124 
4991 2743 2004 1566 
4992 512 1566 2004 
4993 3495 3493 3494 
4994 14 1304 1627 
4995 3793 2942 3792 
4996 2505 2311 2503 
4997 2332 2503 2311 
4998 2585 2332 2311 
4999 91 2203 2270 
5000 2827 2825 2826 
5001 3111 3110 3069 
5002 2966 2766 2580 
5003 2762 2581 2766 
5004 2762 2579 2581 
5005 2134 251 2390 
5006 254 248 2664 
5007 3495 3494 3433 
5008 2922 2972 1238 
5009 2887 2932 2886 
5010 3435 3464 3434 
5011 973 1074 2315 
5012 2287 2251 2288 
5013 237 292 2288 
5014 100 237 2288 
5015 1173 2994 1082 
5016 820 2846 2801 
5017 2561 2603 2518 
5018 3994 3995 4036 
5019 3000 3028 3027 
5020 969 2573 294 
5021 2977 3027 2999 
5022 2511 2512 2594 
5023 2167 2101 2168 
5024 293 240 2293 
5025 2875 3176 2629 
5026 3064 3104 3103 
5027 3063 3064 3103 
5028 2723 2775 2722 
5029 2504 2354 2692 
5030 3150 3261 2202 
5031 2982 2981 2934 
5032 2982 3001 2981 
5033 6389 6089 6437 
5034 2417 2468 2632 
5035 3129 3128 3074 
5036 4427 6838 6578 
5037 2909 1250 3180 
5038 3139 1051 1182 
5039 1407 1330 1371 
5040 2701 2727 2726 
5041 2674 2701 2726 
5042 2889 2935 2934 
5043 2977 3000 3027 
5044 2888 2889 2934 
5045 6574 6614 6613 
5046 2723 2722 2670 
5047 2950 2558 2921 
5048 2915 2766 2966 
5049 2636 2579 2762 
5050 2431 2134 2390 
5051 2132 2133 2866 
5052 3037 3036 2985 
5053 6573 6574 6613 
5054 2736 930 831 
5055 5703 3010 5039 
5056 3483 3479 8070 
5057 2557 2450 2431 
5058 2450 92 2431 
5059 2935 2982 2934 
5060 3236 3237 2457 
5061 2864 2887 2823 
5062 7372 7424 7371 
5063 2250 6898 6532 
5064 3259 3485 1010 
5065 7798 7849 7824 
5066 3764 2708 1306 
5067 4084 4158 5459 
5068 1377 4611 4789 
5069 7827 7877 7854 
5070 5353 8139 4023 
5071 6650 6649 6613 
5072 1157 107 5139 
5073 2623 2568 2902 
5074 3649 3702 3648 
5075 4249 3973 1160 
5076 837 1069 1386 
5077 3820 1160 5415 
5078 7413 7411 7412 
5079 3307 3327 3326 
5080 1669 690 4207 
5081 1669 4207 142 
5082 7826 7851 7825 
5083 1010 2608 1251 
5084 7247 7269 7292 
5085 7980 8004 8003 
5086 3691 959 873 
5087 5415 1160 3674 
5088 2732 3691 873 
5089 3691 2395 959 
5090 1595 3313 959 
5091 2395 1595 959 
5092 5732 3616 5683 
5093 1595 3099 3421 
5094 3313 1595 3421 
5095 3099 3255 3300 
5096 3421 3099 3300 
5097 6356 6357 5152 
5098 6312 8115 8123 
5099 3170 3129 3171 
5100 1511 3894 5863 
5101 8076 8106 8108 
5102 3455 3341 4425 
5103 4425 3341 6415 
5104 5328 5301 6526 
5105 1943 1669 142 
5106 6416 4425 6415 
5107 8090 8098 3862 
5108 5260 4828 5283 
5109 5303 5707 6009 
5110 2893 1670 772 
5111 2583 3514 1018 
5112 5300 6042 5252 
5113 7797 7824 7796 
5114 3372 686 795 
5115 3307 3326 3306 
5116 3933 653 56 
5117 3999 4041 4040 
5118 638 3586 3737 
5119 3475 638 3737 
5120 1069 3686 3058 
5121 3686 3475 3737 
5122 1386 1069 3058 
5123 3686 3737 3058 
5124 542 1386 3058 
5125 3148 3478 4163 
5126 8097 8137 8116 
5127 3478 4130 5786 
5128 5681 5699 5680 
5129 837 1386 542 
5130 2747 8090 3862 
5131 3114 1735 270 
5132 3414 3442 3392 
5133 3702 3701 3648 
5134 297 3318 631 
5135 3494 3493 3433 
5136 8125 8111 3272 
5137 3940 3956 3091 
5138 4028 4713 1021 
5139 5232 923 5001 
5140 6042 5299 5274 
5141 3892 3891 3870 
5142 7824 7848 7796 
5143 2857 589 3550 
5144 3691 1595 2395 
5145 5699 5727 5726 
5146 4179 5298 4024 
5147 1695 837 542 
5148 3454 3055 1788 
5149 532 35 63 
5150 3442 3469 3441 
5151 3188 4372 3973 
5152 3492 3545 3491 
5153 7075 7074 7039 
5154 6614 6650 6613 
5155 6651 6681 6649 
5156 3856 3892 3870 
5157 3505 3504 3469 
5158 3442 3441 3392 
5159 3550 3370 63 
5160 3530 3372 795 
5161 3370 532 63 
5162 3530 795 3477 
5163 3569 3530 3477 
5164 1784 544 1342 
5165 3892 3927 3891 
5166 3613 3820 3474 
5167 5786 4130 4163 
5168 5243 5242 5221 
5169 7254 7253 6350 
5170 3765 3719 3317 
5171 3949 916 4327 
5172 3265 837 1695 
5173 883 3265 1695 
5174 5259 5260 5283 
5175 3925 3969 3924 
5176 5225 5245 5224 
5177 5225 5224 4680 
5178 7983 8008 7959 
5179 3340 3691 2732 
5180 3007 3340 2732 
5181 3280 1595 3691 
5182 3340 3280 3691 
5183 1416 3099 1595 
5184 3280 1416 1595 
5185 5287 5286 5242 
5186 3393 3414 3392 
5187 5641 5680 5679 
5188 1975 3550 63 
5189 4158 5482 5305 
5190 5640 5641 5657 
5191 5657 5641 5679 
5192 5381 5386 5305 
5193 6650 6651 6649 
5194 3512 3255 3099 
5195 1416 3512 3099 
5196 3512 4020 3255 
5197 5014 8075 5951 
5198 6699 6698 6681 
5199 3397 3765 3317 
5200 2257 6391 2163 
5201 3829 4200 4187 
5202 4207 3829 4187 
5203 3865 139 1207 
5204 3973 3865 1207 
5205 6651 6699 6681 
5206 4010 4009 3968 
5207 6074 6056 3660 
5208 835 97 1540 
5209 4862 4897 4670 
5210 1725 3426 1250 
5211 835 1589 2857 
5212 5355 4867 3908 
5213 3267 544 1784 
5214 7797 7796 7746 
5215 2786 1908 3879 
5216 6575 6615 6614 
5217 3653 3652 3603 
5218 3604 3653 3603 
5219 3393 3392 3333 
5220 3310 3334 3309 
5221 3334 3393 3333 
5222 3310 3309 3295 
5223 3334 3333 3309 
5224 1416 3280 3340 
5225 3477 795 3253 
5226 1208 5154 5147 
5227 4292 921 4927 
5228 3682 3259 1251 
5229 2814 3912 3739 
5230 3295 3309 7111 
5231 3811 3854 3810 
5232 5817 5834 5833 
5233 3969 4010 3968 
5234 2473 14 1627 
5235 2660 3287 602 
5236 4006 2423 4005 
5237 4008 2799 4006 
5238 790 3879 1157 
5239 1511 1411 3894 
5240 29 1097 89 
5241 3440 3439 3390 
5242 3605 3604 3555 
5243 3862 8084 3457 
5244 110 255 2040 
5245 3287 80 2991 
5246 2833 3695 2908 
5247 1883 4544 4981 
5248 4715 4779 4778 
5249 6311 6743 6736 
5250 3244 1112 4846 
5251 3337 6286 7096 
5252 3912 1941 3739 
5253 3765 1413 3842 
5254 3719 3765 3842 
5255 1413 2814 3739 
5256 3842 1413 3739 
5257 3912 3448 1941 
5258 553 3901 2946 
5259 979 1030 978 
5260 3374 207 1805 
5261 3426 1694 1250 
5262 2358 2913 2423 
5263 3982 8141 3264 
5264 3714 3713 3655 
5265 3656 3714 3655 
5266 1216 6951 5007 
5267 5702 5683 5684 
5268 8113 6352 8080 
5269 5733 5732 5683 
5270 5702 5733 5683 
5271 4187 4200 1608 
5272 5833 3728 5832 
5273 932 1257 2911 
5274 3225 932 2911 
5275 3654 3679 3653 
5276 5733 5771 5770 
5277 5732 5733 5770 
5278 5771 5769 5770 
5279 7650 7700 7649 
5280 5093 3767 4586 
5281 3620 2791 2741 
5282 3555 3554 3503 
5283 3504 3555 3503 
5284 593 1019 3369 
5285 21 349 76 
5286 7453 7452 7425 
5287 4006 4005 3965 
5288 2423 732 4005 
5289 2799 2358 2423 
5290 6280 6279 7093 
5291 6871 6899 6797 
5292 5309 565 4869 
5293 3713 3714 3715 
5294 8139 3535 4023 
5295 3538 3726 2073 
5296 1557 3284 3253 
5297 407 747 2959 
5298 3330 3363 3329 
5299 3617 4187 2796 
5300 3219 5481 4163 
5301 3963 3962 3919 
5302 1257 932 1519 
5303 3653 3678 3652 
5304 3709 3708 3652 
5305 4765 4766 4798 
5306 6604 6745 1117 
5307 5839 6016 6084 
5308 4838 1376 956 
5309 3900 3761 5147 
5310 3504 3503 3468 
5311 3441 3440 3391 
5312 3392 3441 3391 
5313 636 21 76 
5314 8135 6898 8121 
5315 5267 5289 5244 
5316 5307 5306 5336 
5317 7426 7455 7398 
5318 4869 4889 5380 
5319 5806 4130 5386 
5320 6468 2408 6485 
5321 4869 5341 5288 
5322 6848 6900 3892 
5323 4130 5459 5386 
5324 4200 695 4488 
5325 1334 2813 8065 
5326 3602 3651 3625 
5327 3258 5856 1975 
5328 1585 695 4200 
5329 3810 3809 3754 
5330 3253 1942 3284 
5331 4714 5769 5771 
5332 3908 4915 918 
5333 1562 1460 408 
5334 7596 7650 7595 
5335 4253 4158 4084 
5336 2946 3340 3007 
5337 7875 7925 7874 
5338 5393 5718 5123 
5339 3756 3810 3754 
5340 5218 4798 5259 
5341 1019 3682 1487 
5342 3751 3682 1019 
5343 3682 1251 1487 
5344 4222 2956 593 
5345 593 3751 1019 
5346 4517 1153 1693 
5347 589 593 3369 
5348 3275 3820 3613 
5349 835 1671 1589 
5350 2315 6468 2224 
5351 531 2045 960 
5352 3748 3702 6250 
5353 2204 1416 3340 
5354 2946 2204 3340 
5355 3535 8122 6354 
5356 3604 3603 3554 
5357 3555 3604 3554 
5358 3749 3219 5386 
5359 1445 383 3319 
5360 6031 5476 5577 
5361 3664 3512 1416 
5362 2204 3664 1416 
5363 5859 5255 3437 
5364 557 5296 4472 
5365 4395 4324 4274 
5366 4044 2799 4008 
5367 6751 6750 6698 
5368 531 8073 3041 
5369 4200 4488 1608 
5370 2247 7068 5756 
5371 4324 1298 2043 
5372 3810 3834 3809 
5373 4274 4324 2043 
5374 804 6205 6204 
5375 7798 7797 7746 
5376 3664 4030 3512 
5377 8093 8131 8099 
5378 734 185 5007 
5379 4106 5393 5123 
5380 1153 3275 3613 
5381 3820 4469 3474 
5382 3002 1160 3820 
5383 3820 5415 4469 
5384 5958 4106 5123 
5385 3887 3888 3886 
5386 8106 3007 8138 
5387 3613 3474 2844 
5388 3578 2844 4470 
5389 1103 1734 4166 
5390 1693 2844 3578 
5391 1693 3613 2844 
5392 3369 1019 3578 
5393 1487 1693 3578 
5394 3345 593 589 
5395 1212 3328 3637 
5396 3845 1284 2477 
5397 3669 531 960 
5398 3808 3807 3753 
5399 5800 5801 5816 
5400 3829 1455 4200 
5401 23 1469 2043 
5402 2014 2381 1333 
5403 3293 3332 3292 
5404 2608 4517 1251 
5405 3923 3966 3922 
5406 3756 3755 3708 
5407 3678 3709 3652 
5408 3709 3756 3708 
5409 3756 3754 3755 
5410 1298 23 2043 
5411 23 1452 1469 
5412 3290 3289 7197 
5413 5929 3904 3916 
5414 7103 7130 7102 
5415 23 3787 1452 
5416 5694 5716 5715 
5417 3485 1301 1010 
5418 4010 4008 4009 
5419 1019 1487 3578 
5420 6282 6281 7091 
5421 6699 6751 6698 
5422 3982 2834 3077 
5423 2156 6354 5445 
5424 2682 3120 2347 
5425 4857 4571 3835 
5426 3007 553 2946 
5427 2266 178 2298 
5428 1484 835 1540 
5429 3888 3924 3923 
5430 3886 3888 3923 
5431 6387 4857 3835 
5432 304 916 3949 
5433 69 4814 1656 
5434 8101 4022 3483 
5435 1336 1444 1153 
5436 3754 3808 3753 
5437 3872 1335 3749 
5438 1251 4517 1487 
5439 3556 3555 3504 
5440 3973 1207 5390 
5441 6097 3766 6051 
5442 3259 1010 1251 
5443 4528 5306 3148 
5444 4916 918 4915 
5445 3966 3965 3922 
5446 5229 5248 5228 
5447 1936 914 916 
5448 4867 5338 5355 
5449 3969 3968 3924 
5450 304 1936 916 
5451 3264 2652 3076 
5452 3748 3701 3702 
5453 3279 2692 80 
5454 178 2364 2298 
5455 107 5147 5140 
5456 3458 3349 2044 
5457 3349 685 2044 
5458 2911 1257 3005 
5459 1220 1171 3472 
5460 2796 4187 1608 
5461 203 5958 5123 
5462 1936 3623 914 
5463 3851 3852 3886 
5464 3852 3887 3886 
5465 3852 3851 3809 
5466 3834 3852 3809 
5467 3967 4008 3966 
5468 4009 4008 3968 
5469 4008 4006 4007 
5470 7109 7096 7110 
5471 2608 1336 4517 
5472 5807 249 3351 
5473 3331 3330 3291 
5474 3292 3331 3291 
5475 3331 3364 3330 
5476 3390 3389 3330 
5477 3364 3390 3330 
5478 7900 7899 7876 
5479 3932 3665 3476 
5480 8126 8069 8118 
5481 4517 1693 1487 
5482 3973 5390 4186 
5483 3002 4249 1160 
5484 3710 3709 3653 
5485 8039 8053 8023 
5486 5872 3338 5117 
5487 3295 7111 3310 
5488 2381 2625 3013 
5489 3733 3819 2786 
5490 5593 5706 1609 
5491 2814 3448 3912 
5492 685 12 2044 
5493 3927 3926 3890 
5494 2969 2694 1694 
5495 1296 3349 3041 
5496 2040 2473 1627 
5497 3728 3617 1795 
5498 3809 3851 3807 
5499 3850 3851 3885 
5500 3725 5645 5496 
5501 3349 3458 3041 
5502 3557 3555 3556 
5503 7996 8021 7974 
5504 274 273 206 
5505 5199 4711 5178 
5506 2913 1380 932 
5507 4008 4007 3966 
5508 3967 3966 3923 
5509 3924 3967 3923 
5510 2913 3179 732 
5511 2799 2423 4006 
5512 6787 6786 6750 
5513 6751 6787 6750 
5514 3413 3388 3389 
5515 3390 3413 3389 
5516 3439 3438 3388 
5517 1671 835 1484 
5518 2699 5336 4237 
5519 3707 3753 3706 
5520 3625 3651 3602 
5521 6612 5402 6572 
5522 5801 5817 5816 
5523 1589 2857 5856 
5524 1006 3339 4369 
5525 3884 3923 3922 
5526 3850 3885 3884 
5527 919 559 2045 
5528 531 919 2045 
5529 2869 2833 2870 
5530 3448 3737 3586 
5531 916 3342 4327 
5532 3623 4290 2893 
5533 7091 6281 7092 
5534 3284 3477 3253 
5535 914 3623 2893 
5536 3881 3882 3919 
5537 4290 3173 2893 
5538 3851 3886 3885 
5539 695 2478 1608 
5540 5439 5440 6706 
5541 3297 3314 178 
5542 3314 3344 3343 
5543 178 3314 3343 
5544 167 86 4251 
5545 3179 2913 932 
5546 7848 7847 7796 
5547 5832 1795 5831 
5548 3258 1589 5856 
5549 2857 3550 1975 
5550 5459 4158 5386 
5551 1153 3613 1693 
5552 532 3578 4470 
5553 97 835 3910 
5554 3413 3439 3388 
5555 1734 1484 4166 
5556 1734 1671 1484 
5557 5306 4528 4237 
5558 2406 4901 5579 
5559 2297 2265 2266 
5560 3554 3602 3553 
5561 3850 3849 3807 
5562 3849 3850 3884 
5563 1336 1153 4517 
5564 4163 5806 5386 
5565 3697 3698 3743 
5566 3541 3542 3572 
5567 6805 6804 6786 
5568 5355 3908 4867 
5569 3286 4901 2406 
5570 6117 3337 7096 
5571 7975 7996 7974 
5572 2089 3933 56 
5573 5765 5801 5800 
5574 37 36 3867 
5575 3968 4008 3967 
5576 3173 3094 1670 
5577 1539 3403 2411 
5578 883 3272 8118 
5579 3614 2204 2946 
5580 3456 3614 2946 
5581 2893 3173 1670 
5582 3653 3709 3678 
5583 3469 3504 3468 
5584 1249 1208 3879 
5585 5139 5140 5261 
5586 835 1589 3258 
5587 636 2658 21 
5588 3439 3467 3438 
5589 3502 3501 3438 
5590 3467 3502 3438 
5591 3580 3551 3552 
5592 3553 3580 3552 
5593 1455 1103 695 
5594 1103 4166 695 
5595 3474 3674 2154 
5596 5110 5108 5109 
5597 875 3867 784 
5598 4914 4867 3908 
5599 2369 2444 2366 
5600 4004 1004 4003 
5601 1910 3664 2204 
5602 3614 1910 2204 
5603 1339 4030 3664 
5604 1910 1339 3664 
5605 3094 5120 4943 
5606 1670 3094 4943 
5607 6227 5563 3906 
5608 3657 3656 3627 
5609 5706 5993 1609 
5610 1023 970 794 
5611 4856 4810 1470 
5612 3298 3315 3314 
5613 3314 3315 3344 
5614 6787 6805 6786 
5615 3654 3653 3604 
5616 5574 1526 408 
5617 3889 3925 3888 
5618 3392 3391 3332 
5619 3333 3392 3332 
5620 6804 6854 5588 
5621 3580 3602 3551 
5622 3602 3579 3551 
5623 3625 3624 3579 
5624 3602 3625 3579 
5625 3728 1795 5832 
5626 3342 916 864 
5627 3390 3439 3413 
5628 932 1630 1519 
5629 1589 3345 2857 
5630 3553 3602 3580 
5631 4004 4003 3964 
5632 4394 5307 5336 
5633 3574 3592 3591 
5634 5573 408 3148 
5635 3291 3330 3290 
5636 3219 4163 5386 
5637 8104 3284 3426 
5638 4559 4600 4632 
5639 1455 1585 4200 
5640 5336 5306 4237 
5641 3315 2369 2366 
5642 3344 3315 2366 
5643 2429 2873 785 
5644 688 2089 1156 
5645 5698 5699 5726 
5646 5726 5727 5764 
5647 3629 5046 6236 
5648 5727 5765 5764 
5649 3249 6077 5983 
5650 5046 6166 6236 
5651 6104 5989 6124 
5652 4714 5838 5805 
5653 1334 3301 2813 
5654 3301 3350 2813 
5655 3337 3336 3310 
5656 5472 5436 6641 
5657 5027 5166 4882 
5658 8107 4836 8136 
5659 3999 3998 3958 
5660 3225 3179 932 
5661 3625 3651 3624 
5662 76 349 269 
5663 5120 5425 5421 
5664 1301 2608 1010 
5665 4867 4914 4866 
5666 4943 5120 5421 
5667 5425 202 85 
5668 5421 5425 85 
5669 202 2644 3760 
5670 85 202 3760 
5671 1161 3097 3242 
5672 2317 8060 2276 
5673 3574 3573 3542 
5674 3679 3710 3653 
5675 3711 3709 3710 
5676 4847 1623 1518 
5677 6325 3366 3336 
5678 1852 1734 1103 
5679 3745 3797 3796 
5680 4374 1852 1103 
5681 5764 5765 5800 
5682 2956 3751 593 
5683 3851 3850 3807 
5684 5878 5475 5490 
5685 5415 3674 4469 
5686 7437 7465 7413 
5687 3339 1006 4208 
5688 3853 3888 3887 
5689 3730 3773 3729 
5690 3719 685 3349 
5691 1941 12 685 
5692 6258 5489 5474 
5693 7982 7981 7956 
5694 6805 6855 6854 
5695 3757 3756 3709 
5696 3657 3628 6535 
5697 3628 3657 3627 
5698 5357 5664 5910 
5699 4929 3908 918 
5700 1335 4237 5481 
5701 1852 1692 1734 
5702 3374 3898 3350 
5703 3752 3807 3730 
5704 3807 3806 3730 
5705 3474 2154 4470 
5706 2844 3474 4470 
5707 3325 3324 3305 
5708 977 7336 976 
5709 3882 3921 3920 
5710 3921 3964 3963 
5711 3920 3921 3963 
5712 3964 4003 3963 
5713 2635 22 3760 
5714 2644 2635 3760 
5715 3753 3752 3731 
5716 3706 3753 3731 
5717 3920 3963 3919 
5718 7721 7771 7748 
5719 3548 6557 6599 
5720 3373 3454 1909 
5721 5924 6163 5592 
5722 3838 1730 4287 
5723 3884 3886 3923 
5724 3333 3332 3293 
5725 3715 3714 3656 
5726 5871 3249 5940 
5727 3852 3853 3887 
5728 3885 3886 3884 
5729 5284 5338 4831 
5730 3317 3719 3349 
5731 3719 3842 685 
5732 3842 1941 685 
5733 2635 3673 3988 
5734 7931 7982 7956 
5735 6804 6805 6854 
5736 3758 3759 3774 
5737 4106 3412 5393 
5738 3399 3614 3456 
5739 3479 3399 3456 
5740 22 2635 3988 
5741 3301 3374 3350 
5742 3849 3848 3806 
5743 3807 3849 3806 
5744 7311 7345 7287 
5745 7699 7698 7649 
5746 5412 5411 5377 
5747 3730 3729 3675 
5748 3848 3847 3806 
5749 5308 5574 5573 
5750 6155 6142 3726 
5751 5307 5308 5573 
5752 3882 3883 3921 
5753 3673 4424 3988 
5754 3809 3807 3808 
5755 5240 5284 4831 
5756 3253 795 2694 
5757 3147 1910 3614 
5758 3399 3147 3614 
5759 3736 1339 1910 
5760 3147 3736 1910 
5761 3398 1258 1339 
5762 3736 3398 1339 
5763 3309 3333 3293 
5764 3810 3853 3834 
5765 3853 3852 3834 
5766 6280 7092 6281 
5767 5923 3446 5909 
5768 3328 3405 1388 
5769 6907 6906 6854 
5770 6855 6907 6854 
5771 5195 4374 1103 
5772 1413 542 2814 
5773 3737 3448 2814 
5774 3926 3925 3890 
5775 4424 161 4228 
5776 3809 3808 3754 
5777 3884 3883 3848 
5778 133 1519 2838 
5779 5297 5323 4024 
5780 6284 7103 7089 
5781 3316 5195 1455 
5782 3389 3388 3330 
5783 3676 3730 3675 
5784 3730 3806 3773 
5785 3316 1455 3829 
5786 3988 4424 4228 
5787 7092 6280 7093 
5788 161 5237 5238 
5789 4228 161 5238 
5790 5264 5240 4831 
5791 3712 3711 3654 
5792 1671 3345 1589 
5793 542 3058 2814 
5794 795 2495 2694 
5795 3765 1695 1413 
5796 3310 3334 3335 
5797 1607 1254 4056 
5798 3179 3225 732 
5799 3968 3967 3924 
5800 3345 2474 4222 
5801 5237 4835 5601 
5802 3253 2694 2969 
5803 1557 3253 2969 
5804 3865 1335 139 
5805 1695 542 1413 
5806 3405 3373 1388 
5807 883 1695 3397 
5808 5238 5237 5601 
5809 4835 5788 2087 
5810 7172 7209 7195 
5811 3557 3605 3555 
5812 3522 3557 3504 
5813 3505 3522 3504 
5814 3557 3556 3504 
5815 3543 3542 3488 
5816 7496 7495 7463 
5817 4294 8066 3955 
5818 3970 3969 3925 
5819 3890 3925 3889 
5820 3330 3329 3290 
5821 3849 3884 3848 
5822 254 1159 967 
5823 5601 4835 2087 
5824 2087 5788 378 
5825 7241 7288 7240 
5826 3847 3882 3833 
5827 8121 2660 8099 
5828 960 2045 502 
5829 3720 960 502 
5830 6959 6958 6906 
5831 6277 7095 7094 
5832 3883 3882 3847 
5833 3753 3807 3752 
5834 142 4299 5833 
5835 3926 3970 3925 
5836 5182 5181 4632 
5837 2474 2956 4222 
5838 3966 4006 3965 
5839 2423 2913 732 
5840 3458 919 531 
5841 76 2939 636 
5842 3041 3458 531 
5843 3712 3758 3711 
5844 6262 4045 4571 
5845 3058 3737 2814 
5846 1695 3765 3397 
5847 1160 3973 4186 
5848 3275 3002 3820 
5849 5290 5289 5267 
5850 3811 3812 3854 
5851 3890 3889 3854 
5852 76 269 108 
5853 6907 6959 6906 
5854 1257 1519 133 
5855 2088 1257 133 
5856 3847 3833 3805 
5857 3898 1805 3350 
5858 5181 5243 5221 
5859 3801 1525 4698 
5860 3677 3676 3624 
5861 6681 5472 6648 
5862 3848 3883 3847 
5863 3651 3677 3624 
5864 3965 3964 3921 
5865 3652 3707 3651 
5866 3749 5386 5381 
5867 5023 4670 1197 
5868 3855 3890 3854 
5869 6117 7096 7095 
5870 1160 4186 3674 
5871 7226 7247 7268 
5872 7753 7752 7702 
5873 4798 5260 5259 
5874 835 2857 1589 
5875 3910 835 3258 
5876 5856 2857 1975 
5877 7313 7312 7263 
5878 7798 7824 7797 
5879 7826 7825 7772 
5880 5287 5340 5286 
5881 108 269 752 
5882 7097 5474 3519 
5883 4370 4394 5336 
5884 1340 3399 3479 
5885 3450 1340 3479 
5886 3812 3811 3757 
5887 3758 3812 3757 
5888 3758 3774 3812 
5889 3813 3855 3812 
5890 408 3478 3148 
5891 1340 3565 3147 
5892 3399 1340 3147 
5893 1335 5481 3219 
5894 1671 1692 3345 
5895 1692 2474 3345 
5896 3711 3710 3679 
5897 3654 3711 3679 
5898 3963 4003 3962 
5899 3603 3602 3554 
5900 4003 4002 3962 
5901 732 1004 4004 
5902 3806 3847 3805 
5903 2220 5232 5001 
5904 8065 3976 3009 
5905 4079 1005 1920 
5906 3369 3578 3370 
5907 3543 3592 3574 
5908 7425 7424 7372 
5909 3039 1784 1342 
5910 5289 4869 5288 
5911 4488 695 1608 
5912 3970 4011 3969 
5913 3565 3783 3736 
5914 3147 3565 3736 
5915 3371 3398 3736 
5916 3783 3371 3736 
5917 1455 695 1585 
5918 4711 5219 4771 
5919 1444 3275 1153 
5920 4237 4528 5481 
5921 4528 3148 4163 
5922 4007 4006 3966 
5923 5573 5574 408 
5924 1257 2088 3005 
5925 1310 3936 686 
5926 1484 1540 88 
5927 3872 3749 5851 
5928 3330 3388 3363 
5929 3567 2558 3053 
5930 4654 4655 4680 
5931 6117 6277 6287 
5932 6854 6893 5627 
5933 148 4713 4028 
5934 3244 1100 1112 
5935 3188 2699 4237 
5936 5219 5239 4771 
5937 3749 3750 5851 
5938 2714 4092 3260 
5939 3305 3304 7334 
5940 7949 7948 7897 
5941 3447 3473 5609 
5942 6277 6117 7095 
5943 3310 7111 7110 
5944 3708 3707 3652 
5945 3554 3553 3520 
5946 3521 3554 3520 
5947 4005 732 4004 
5948 3774 3759 3813 
5949 1004 2911 394 
5950 3882 3881 3833 
5951 3272 3397 3317 
5952 3290 3329 3308 
5953 4023 8112 5354 
5954 1631 925 57 
5955 3452 3538 3517 
5956 4601 4654 4600 
5957 3567 3053 2398 
5958 5386 4158 5305 
5959 3884 3922 3921 
5960 3754 3753 3707 
5961 7984 8096 8106 
5962 4003 1004 4002 
5963 2545 2623 602 
5964 150 455 2472 
5965 3457 2921 2558 
5966 4166 1484 88 
5967 3503 3554 3521 
5968 3332 3391 3365 
5969 2044 144 919 
5970 4057 2422 4162 
5971 3458 2044 919 
5972 5834 142 5833 
5973 3758 3757 3711 
5974 6187 3519 5489 
5975 7204 7241 7221 
5976 3131 3087 3088 
5977 6998 6997 6958 
5978 508 5310 506 
5979 3813 3759 3814 
5980 116 3082 3242 
5981 3097 116 3242 
5982 1658 1553 3157 
5983 924 925 1631 
5984 1664 924 1631 
5985 924 3641 925 
5986 150 220 925 
5987 3641 150 925 
5988 1384 1297 789 
5989 54 2347 2574 
5990 3883 3884 3921 
5991 6959 6998 6958 
5992 7398 7372 7373 
5993 3514 3405 3328 
5994 269 1665 752 
5995 3812 3855 3854 
5996 2652 2398 2382 
5997 6998 5753 6997 
5998 3113 3994 3133 
5999 6286 7110 7096 
6000 3171 1161 3212 
6001 870 2682 2347 
6002 54 870 2347 
6003 3451 2465 2682 
6004 870 3451 2682 
6005 7040 7039 5753 
6006 7110 6286 3310 
6007 3652 3651 3625 
6008 3750 3749 5381 
6009 3374 1805 3898 
6010 6277 6288 6287 
6011 4771 5239 5264 
6012 3010 5702 5684 
6013 2625 3406 1154 
6014 1795 3617 2796 
6015 3378 3379 3428 
6016 6510 8093 8075 
6017 4033 3171 3130 
6018 2830 1108 1107 
6019 6998 7040 5753 
6020 1067 2559 106 
6021 2851 2834 2804 
6022 2911 3005 394 
6023 5239 5240 5264 
6024 5199 5219 4711 
6025 3487 3488 3541 
6026 6391 2257 5951 
6027 539 54 3570 
6028 3469 3468 3440 
6029 1388 1909 3637 
6030 1379 1340 3450 
6031 3335 3334 3310 
6032 3503 3521 3502 
6033 3922 3965 3921 
6034 3707 3706 3651 
6035 3502 3520 3501 
6036 3520 3553 3501 
6037 3553 3552 3501 
6038 3603 3626 3602 
6039 3626 3652 3602 
6040 1694 2694 1250 
6041 1525 1908 3819 
6042 1110 1161 4033 
6043 1110 3097 1161 
6044 150 3641 924 
6045 2219 410 455 
6046 1304 688 832 
6047 3429 3460 3459 
6048 3379 3429 3428 
6049 89 3638 1454 
6050 3637 89 1454 
6051 3379 3429 3407 
6052 6278 6288 6277 
6053 3267 4776 496 
6054 3914 2699 4249 
6055 6134 3519 7085 
6056 1488 3195 2151 
6057 3572 3573 3590 
6058 3532 54 539 
6059 5937 6144 6126 
6060 383 3733 3319 
6061 4631 4711 4710 
6062 5816 5817 5833 
6063 3440 3468 3439 
6064 3503 3502 3467 
6065 3651 3706 3677 
6066 3706 3731 3677 
6067 3731 3676 3677 
6068 3731 3752 3676 
6069 3752 3730 3676 
6070 4005 4004 3964 
6071 3965 4005 3964 
6072 3652 3625 3602 
6073 3603 3652 3626 
6074 6187 7085 3519 
6075 1335 3219 3749 
6076 1004 394 4002 
6077 3322 3323 3355 
6078 3854 3889 3853 
6079 3757 3811 3756 
6080 3773 5883 3729 
6081 3132 4034 4033 
6082 3131 3132 4033 
6083 226 1110 4033 
6084 4034 226 4033 
6085 3902 3097 1110 
6086 226 3902 1110 
6087 3902 3950 3097 
6088 2011 116 3097 
6089 3950 2011 3097 
6090 2416 1664 116 
6091 2011 2416 116 
6092 1302 924 1664 
6093 2416 1302 1664 
6094 183 150 924 
6095 1302 183 924 
6096 183 231 150 
6097 13 455 150 
6098 231 13 150 
6099 131 2219 455 
6100 13 131 455 
6101 151 410 2219 
6102 6510 8075 5014 
6103 2219 131 151 
6104 3428 3429 3459 
6105 3460 3488 3487 
6106 3959 3999 3958 
6107 1947 132 4385 
6108 2523 550 2452 
6109 496 3789 1342 
6110 7778 7777 7731 
6111 1379 3688 3565 
6112 1340 1379 3565 
6113 3383 3408 3382 
6114 3051 539 3533 
6115 3480 3532 539 
6116 3051 3480 539 
6117 3480 54 3532 
6118 296 870 54 
6119 3480 296 54 
6120 296 2646 3451 
6121 870 296 3451 
6122 3536 841 3451 
6123 2646 3536 3451 
6124 3688 3874 3783 
6125 3489 3543 3488 
6126 3889 3888 3853 
6127 3854 3853 3810 
6128 3708 3755 3707 
6129 3755 3754 3707 
6130 3521 3520 3502 
6131 3468 3503 3467 
6132 732 3225 1004 
6133 3225 2911 1004 
6134 7692 451 450 
6135 3391 3440 3390 
6136 3468 3467 3439 
6137 3739 1941 3842 
6138 3711 3757 3709 
6139 3565 3688 3783 
6140 3874 3476 3371 
6141 3783 3874 3371 
6142 4163 4130 5806 
6143 7076 7075 7039 
6144 499 2011 3950 
6145 3902 499 3950 
6146 2089 56 1156 
6147 3459 3460 3487 
6148 1097 1976 3638 
6149 89 1097 3638 
6150 7040 7076 7039 
6151 4601 4654 4680 
6152 7452 7480 7424 
6153 631 880 3371 
6154 3476 631 3371 
6155 544 496 1342 
6156 7984 4745 5027 
6157 3618 3533 3376 
6158 1209 1587 690 
6159 2528 2487 2488 
6160 2832 2833 2869 
6161 5846 6175 5114 
6162 3605 3654 3604 
6163 3811 3810 3756 
6164 1976 1097 785 
6165 499 2416 2011 
6166 3697 3743 3742 
6167 3696 3697 3742 
6168 301 184 500 
6169 3092 1391 301 
6170 4618 4925 7075 
6171 7076 4618 7075 
6172 5338 4867 5355 
6173 1923 3245 4398 
6174 2408 2259 6485 
6175 3925 3924 3888 
6176 6317 2163 6391 
6177 1300 296 3480 
6178 296 3042 2646 
6179 3903 5971 4105 
6180 2315 2224 2257 
6181 3427 3486 2616 
6182 2567 3427 2616 
6183 2616 3486 2647 
6184 2647 3486 2687 
6185 3540 3589 2741 
6186 2687 3540 2741 
6187 2741 3589 3620 
6188 3589 3642 2791 
6189 3620 3589 2791 
6190 3642 3695 2833 
6191 2791 3642 2833 
6192 3394 3393 3334 
6193 6468 6485 2224 
6194 3366 3334 3310 
6195 3133 4035 4034 
6196 3132 3133 4034 
6197 4035 98 226 
6198 4034 4035 226 
6199 1111 3902 226 
6200 98 1111 226 
6201 586 499 3902 
6202 1111 586 3902 
6203 920 2416 499 
6204 586 920 499 
6205 55 1302 2416 
6206 920 55 2416 
6207 225 183 1302 
6208 55 225 1302 
6209 3057 231 183 
6210 225 3057 183 
6211 401 13 231 
6212 3057 401 231 
6213 96 131 13 
6214 401 96 13 
6215 1799 90 131 
6216 1156 301 500 
6217 1097 2750 785 
6218 785 2750 2429 
6219 1156 500 958 
6220 1627 832 3254 
6221 3185 2619 3896 
6222 832 1156 958 
6223 1005 4079 32 
6224 8109 8067 8129 
6225 3771 3051 3618 
6226 3347 3771 3618 
6227 3425 3480 3051 
6228 3771 3425 3051 
6229 3636 1300 3480 
6230 3425 3636 3480 
6231 3636 296 1300 
6232 3636 1861 3042 
6233 296 3636 3042 
6234 3619 1861 4205 
6235 833 3095 1060 
6236 3956 3996 3995 
6237 4618 1167 4925 
6238 3366 3394 3334 
6239 2472 455 2537 
6240 56 653 1384 
6241 1297 2559 789 
6242 3443 3442 3414 
6243 3394 3414 3393 
6244 3343 2365 178 
6245 1559 920 586 
6246 3644 3697 3696 
6247 3643 3644 3696 
6248 3379 3407 3429 
6249 6261 6054 5321 
6250 7242 7241 7204 
6251 6997 5753 6958 
6252 3336 3366 3310 
6253 2537 455 410 
6254 3347 3376 4099 
6255 1304 832 1627 
6256 2744 3945 3932 
6257 54 2574 3570 
6258 3896 2619 3377 
6259 3540 3571 3589 
6260 731 961 1986 
6261 1379 3450 8136 
6262 3421 3300 3475 
6263 59 2014 1333 
6264 225 401 3057 
6265 9 4523 221 
6266 1391 152 184 
6267 301 1391 184 
6268 8132 7715 7984 
6269 1384 3092 301 
6270 56 1384 301 
6271 3391 3390 3364 
6272 3120 2682 2748 
6273 3806 3805 3773 
6274 832 958 3254 
6275 3300 638 3475 
6276 367 1203 1205 
6277 3827 3771 3347 
6278 785 4205 1861 
6279 913 310 1167 
6280 2163 2315 2257 
6281 3212 1161 3242 
6282 4618 913 1167 
6283 80 3422 3279 
6284 1538 4192 3803 
6285 3378 3428 3427 
6286 2488 3378 3427 
6287 3428 3487 3486 
6288 3427 3428 3486 
6289 3487 3541 3540 
6290 3486 3487 3540 
6291 3541 3572 3571 
6292 3540 3541 3571 
6293 3572 3590 3589 
6294 3571 3572 3589 
6295 3590 3643 3642 
6296 3589 3590 3642 
6297 3643 3696 3695 
6298 3642 3643 3695 
6299 3696 3742 2908 
6300 3695 3696 2908 
6301 3793 3792 2908 
6302 3742 3793 2908 
6303 3882 3920 3919 
6304 3421 3475 3686 
6305 3313 3421 3686 
6306 4036 4035 3133 
6307 3994 4036 3133 
6308 4036 2152 98 
6309 4035 4036 98 
6310 2152 350 1111 
6311 98 2152 1111 
6312 3254 586 1111 
6313 350 3254 1111 
6314 958 1559 586 
6315 3254 958 586 
6316 2072 920 1559 
6317 958 2072 1559 
6318 500 55 920 
6319 2072 500 920 
6320 184 225 55 
6321 500 184 55 
6322 152 401 225 
6323 184 152 225 
6324 221 96 401 
6325 152 221 401 
6326 3591 3644 3643 
6327 3590 3591 3643 
6328 4038 4037 3995 
6329 959 3313 3686 
6330 3394 3443 3414 
6331 1069 959 3686 
6332 940 3347 4351 
6333 1454 3827 3347 
6334 940 1454 3347 
6335 3993 3771 3827 
6336 1454 3993 3827 
6337 3638 3425 3771 
6338 3993 3638 3771 
6339 1976 3636 3425 
6340 3638 1976 3425 
6341 1976 785 1861 
6342 3636 1976 1861 
6343 2830 1107 1063 
6344 4032 2586 2475 
6345 8008 2288 2251 
6346 8078 8114 3422 
6347 8097 5058 6797 
6348 958 500 2072 
6349 132 221 152 
6350 913 2241 2376 
6351 255 2473 2040 
6352 3996 4038 3995 
6353 3279 1725 2852 
6354 1669 1209 690 
6355 873 959 1069 
6356 837 873 1069 
6357 1454 3638 3993 
6358 3212 3170 3171 
6359 310 913 2376 
6360 3428 3459 3487 
6361 1565 1923 1086 
6362 1086 1860 704 
6363 1860 1626 704 
6364 1860 4223 1626 
6365 4182 24 4101 
6366 1934 4182 1696 
6367 4132 1088 2027 
6368 2027 1088 871 
6369 1064 1093 1367 
6370 1093 1425 1367 
6371 5729 5767 5728 
6372 4182 4101 1696 
6373 246 1459 1149 
6374 1149 1459 1926 
6375 4062 4065 4061 
6376 5767 5766 5728 
6377 4108 1933 771 
6378 1397 4108 771 
6379 4263 3 703 
6380 4091 4149 4109 
6381 417 2092 605 
6382 4091 4109 4090 
6383 3 266 444 
6384 1933 1793 2353 
6385 4091 4090 4071 
6386 1601 312 210 
6387 4258 4277 4276 
6388 462 3 444 
6389 1793 956 1376 
6390 4110 4127 4176 
6391 5701 5729 5728 
6392 4062 4061 3348 
6393 495 788 176 
6394 1873 1837 1809 
6395 444 698 60 
6396 494 495 176 
6397 8120 5262 8117 
6398 4176 3785 4219 
6399 5700 5701 5728 
6400 6312 6391 8115 
6401 122 4156 1731 
6402 666 762 761 
6403 1311 230 738 
6404 3868 1102 1852 
6405 252 492 1518 
6406 3795 3796 3797 
6407 2424 1226 2429 
6408 2428 2255 3118 
6409 4358 4406 2942 
6410 3793 4358 2942 
6411 4406 2941 2942 
6412 4500 1206 2941 
6413 5283 4828 5335 
6414 2311 2505 4147 
6415 3795 3797 4260 
6416 3795 4306 3794 
6417 3794 4358 3793 
6418 4475 2941 4406 
6419 4475 4500 2941 
6420 4475 1206 4500 
6421 597 549 550 
6422 24 1442 1064 
6423 4071 4070 4065 
6424 4147 3845 2311 
6425 3586 4494 3448 
6426 4534 65 3448 
6427 4494 4534 3448 
6428 4534 208 65 
6429 4473 4492 1654 
6430 238 237 100 
6431 3795 4260 4306 
6432 4435 4406 4358 
6433 4435 4475 4406 
6434 4500 1206 4475 
6435 550 549 451 
6436 1426 122 1731 
6437 478 479 65 
6438 208 478 65 
6439 1213 1179 4076 
6440 8110 5522 8111 
6441 4358 4382 4435 
6442 4475 4501 4500 
6443 1530 278 479 
6444 478 1530 479 
6445 1530 277 278 
6446 5642 5658 5641 
6447 4382 4358 4306 
6448 4333 4382 4306 
6449 4435 4454 4475 
6450 4454 4501 4475 
6451 4372 3865 3973 
6452 277 464 278 
6453 39 75 111 
6454 5681 5680 5641 
6455 8038 8051 4590 
6456 3951 5353 3800 
6457 4278 4260 4241 
6458 4333 4306 4260 
6459 4278 4333 4260 
6460 4407 4382 4435 
6461 4382 4407 4435 
6462 4382 4454 4435 
6463 4501 367 1205 
6464 4100 4328 562 
6465 123 1468 756 
6466 4114 1179 1213 
6467 505 4331 514 
6468 468 505 514 
6469 4162 2422 2696 
6470 4260 3797 4241 
6471 5642 5641 5600 
6472 4261 4278 4241 
6473 4359 4382 4333 
6474 4408 4407 4382 
6475 4359 4408 4382 
6476 4408 4436 4382 
6477 4407 4408 4382 
6478 4382 4436 4454 
6479 4454 4502 4501 
6480 4502 4539 367 
6481 4501 4502 367 
6482 343 344 1994 
6483 4472 4473 1654 
6484 514 1155 1344 
6485 1344 1155 4400 
6486 8112 4023 6837 
6487 2698 3978 3328 
6488 6893 6906 5627 
6489 4360 4359 4333 
6490 4278 4360 4333 
6491 4360 4408 4359 
6492 4454 4476 4502 
6493 4539 1041 367 
6494 2241 3979 3946 
6495 2314 322 1223 
6496 379 1468 123 
6497 4398 1860 1086 
6498 8096 8091 8106 
6499 8132 7984 8106 
6500 2956 3762 3751 
6501 5570 5571 5600 
6502 4307 4360 4278 
6503 4408 4409 4436 
6504 4436 4409 4454 
6505 4454 4409 4476 
6506 4476 1905 4502 
6507 1905 1907 4539 
6508 4502 1905 4539 
6509 1907 1041 4539 
6510 1225 1202 1041 
6511 888 4132 4223 
6512 4157 888 4223 
6513 888 1088 4132 
6514 8114 8078 1725 
6515 4361 4360 4307 
6516 4361 4383 4360 
6517 4409 4408 4360 
6518 4383 4409 4360 
6519 4477 1905 4476 
6520 1905 1225 1907 
6521 650 493 176 
6522 366 4522 607 
6523 1425 1529 1808 
6524 1808 1529 609 
6525 1367 1425 1808 
6526 1088 1532 871 
6527 1532 4108 1397 
6528 3762 1464 3751 
6529 4308 4361 4307 
6530 4308 4383 4361 
6531 4477 4476 4409 
6532 3978 2698 67 
6533 1223 4522 366 
6534 4516 1652 1610 
6535 261 4312 4313 
6536 871 1532 1397 
6537 1285 24 1064 
6538 1510 378 1793 
6539 1933 1510 1793 
6540 5224 5223 5183 
6541 1269 5302 2239 
6542 1692 1102 2474 
6543 6736 6743 3193 
6544 490 2474 1102 
6545 1869 1784 2218 
6546 1784 3039 2218 
6547 4410 4437 4409 
6548 4383 4410 4409 
6549 4437 4438 4409 
6550 4438 3050 4477 
6551 4409 4438 4477 
6552 4477 3050 1905 
6553 5835 5836 1943 
6554 4281 4160 414 
6555 1838 364 381 
6556 103 4313 4314 
6557 1080 988 1833 
6558 4104 1732 605 
6559 4105 2505 3903 
6560 24 1285 4101 
6561 2589 15 92 
6562 1793 378 956 
6563 3785 4240 4218 
6564 466 605 4305 
6565 4889 4933 5380 
6566 4654 4680 5183 
6567 8001 8024 8000 
6568 4362 3939 4383 
6569 4308 4362 4383 
6570 4383 3939 4410 
6571 3939 4438 4437 
6572 4410 3939 4437 
6573 660 1731 803 
6574 6950 6990 6948 
6575 2835 4962 2404 
6576 1052 7 1859 
6577 1306 2893 3764 
6578 1941 65 12 
6579 4357 4434 4433 
6580 2505 2584 3903 
6581 4384 4312 491 
6582 211 1696 195 
6583 4219 3785 4218 
6584 1696 4101 1934 
6585 4891 4919 4934 
6586 3089 3133 3132 
6587 1092 5237 161 
6588 1102 1692 1852 
6589 4362 3940 3939 
6590 3939 3113 4438 
6591 4438 3113 3050 
6592 4254 4399 4049 
6593 1626 4252 4193 
6594 4381 4453 4452 
6595 2376 2241 3946 
6596 772 1670 2708 
6597 5987 1252 5564 
6598 1977 4352 2391 
6599 4075 891 2960 
6600 1422 1224 491 
6601 208 4534 4494 
6602 4495 208 4494 
6603 51 652 2710 
6604 2857 3345 589 
6605 3939 3091 3113 
6606 3113 3090 3050 
6607 1 4254 4049 
6608 377 1565 843 
6609 5836 213 1943 
6610 1634 4104 467 
6611 1052 794 7 
6612 4890 4891 4934 
6613 5572 5644 1351 
6614 303 684 224 
6615 988 67 1833 
6616 1749 1422 491 
6617 1226 1224 58 
6618 3787 1419 1935 
6619 276 1530 478 
6620 2 4063 970 
6621 4081 1884 4254 
6622 736 2013 1346 
6623 1463 1928 711 
6624 4830 4800 4771 
6625 5195 4396 4374 
6626 2893 772 3764 
6627 4193 4183 119 
6628 7009 7008 6968 
6629 276 277 1530 
6630 1163 464 277 
6631 276 1163 277 
6632 1632 505 468 
6633 2045 559 466 
6634 464 1632 468 
6635 505 514 4331 
6636 1071 1561 246 
6637 7805 7857 7804 
6638 4063 501 970 
6639 803 440 1347 
6640 4081 4254 317 
6641 5818 5819 5835 
6642 4399 760 4243 
6643 1950 218 217 
6644 1977 2391 1978 
6645 1748 1732 980 
6646 1155 514 4332 
6647 4076 1994 345 
6648 4934 4919 4967 
6649 4240 86 4218 
6650 4715 4778 5268 
6651 1427 4063 501 
6652 1378 4070 631 
6653 4330 4356 4381 
6654 1743 1563 7052 
6655 1154 8088 6798 
6656 4150 4175 4149 
6657 380 1115 1468 
6658 1071 246 1164 
6659 4157 4223 1860 
6660 4503 4157 1860 
6661 1213 4076 448 
6662 123 756 4114 
6663 246 1561 1459 
6664 1442 1093 1064 
6665 1309 1307 4246 
6666 511 2093 192 
6667 760 4266 4243 
6668 1859 7 218 
6669 4089 4125 4088 
6670 4356 4357 4381 
6671 197 608 95 
6672 2262 609 673 
6673 888 4051 1088 
6674 1088 4051 1532 
6675 4108 4397 1933 
6676 4146 661 68 
6677 4176 4219 4218 
6678 2661 891 4075 
6679 513 1309 4246 
6680 4280 1490 4140 
6681 363 4049 193 
6682 216 72 82 
6683 5819 5836 5835 
6684 4125 4124 4088 
6685 4110 4176 4150 
6686 1926 699 1426 
6687 4397 378 1510 
6688 1933 4397 1510 
6689 609 379 673 
6690 755 1064 801 
6691 1064 1367 801 
6692 1808 609 2262 
6693 4263 700 3 
6694 4198 4259 4239 
6695 3533 4075 4058 
6696 210 312 649 
6697 4142 1490 4280 
6698 4399 4243 193 
6699 5803 5802 5766 
6700 784 2664 689 
6701 4254 4050 4399 
6702 4089 4088 631 
6703 4070 4089 631 
6704 1309 513 1884 
6705 5685 4107 3346 
6706 1596 4146 68 
6707 4357 4404 4381 
6708 377 980 1732 
6709 3533 2661 4075 
6710 4138 4096 1260 
6711 125 5483 2662 
6712 1285 1064 755 
6713 230 458 117 
6714 1696 1934 702 
6715 1934 4101 4275 
6716 1934 4275 702 
6717 4258 4239 4277 
6718 4112 1872 1873 
6719 890 771 845 
6720 4049 4399 193 
6721 216 82 423 
6722 217 216 423 
6723 5767 5803 5766 
6724 4088 880 631 
6725 66 72 216 
6726 1927 1309 1884 
6727 1463 711 4178 
6728 4161 2013 736 
6729 3376 3533 4058 
6730 1426 699 122 
6731 4351 3347 4099 
6732 3586 4495 4494 
6733 5200 5241 5220 
6734 477 276 478 
6735 3 659 266 
6736 4138 1260 4096 
6737 4252 4471 4183 
6738 4353 3300 3991 
6739 346 1490 4120 
6740 363 193 72 
6741 1307 656 346 
6742 3325 3305 3306 
6743 4099 3376 4058 
6744 1936 3173 4290 
6745 276 319 464 
6746 1163 276 464 
6747 1696 702 195 
6748 464 319 1632 
6749 505 4119 514 
6750 1114 118 4214 
6751 4118 4157 4503 
6752 4118 4158 4157 
6753 4253 888 4157 
6754 3142 4128 4177 
6755 4228 5238 5308 
6756 444 445 703 
6757 2256 940 4351 
6758 684 197 224 
6759 346 4162 1490 
6760 4162 4211 1490 
6761 5802 5803 5818 
6762 66 363 72 
6763 2860 32 4140 
6764 825 4246 2093 
6765 4246 1307 346 
6766 4178 890 380 
6767 266 4540 698 
6768 4158 4253 4157 
6769 4253 4103 888 
6770 4156 700 4263 
6771 5238 2087 1526 
6772 4103 4051 888 
6773 1532 1531 4108 
6774 1531 4315 4397 
6775 4108 1531 4397 
6776 4059 4062 3348 
6777 4082 1080 1927 
6778 760 825 2093 
6779 4280 4140 564 
6780 1 4049 363 
6781 4063 1427 501 
6782 3318 4070 1378 
6783 3453 988 1080 
6784 417 467 2092 
6785 467 605 2092 
6786 3623 1936 4290 
6787 4202 4182 4052 
6788 4315 2087 378 
6789 4397 4315 378 
6790 448 4076 345 
6791 4978 5000 4999 
6792 4277 4303 4357 
6793 6564 2344 8062 
6794 5574 5238 1526 
6795 559 417 466 
6796 4110 4091 4077 
6797 1468 4085 756 
6798 67 2698 46 
6799 3533 3618 3051 
6800 22 3947 1090 
6801 134 285 1242 
6802 2696 2860 4211 
6803 4162 2696 4211 
6804 760 2093 511 
6805 5803 5819 5818 
6806 511 192 264 
6807 72 28 82 
6808 4088 4124 880 
6809 4063 1427 4083 
6810 503 605 466 
6811 4059 4066 4062 
6812 280 326 4692 
6813 1164 4161 1224 
6814 4152 511 264 
6815 176 4263 703 
6816 1620 3197 1687 
6817 193 4243 44 
6818 4313 491 1226 
6819 414 4160 4236 
6820 4083 3453 1080 
6821 4239 4259 4303 
6822 194 865 868 
6823 4080 4114 1213 
6824 673 379 123 
6825 4825 1603 4887 
6826 85 3760 2031 
6827 2996 2255 2703 
6828 4401 4451 3586 
6829 638 4401 3586 
6830 4496 4495 3586 
6831 4451 4496 3586 
6832 4239 4303 4277 
6833 4258 4239 4277 
6834 4259 4304 4303 
6835 1151 684 682 
6836 2698 2256 46 
6837 1007 963 1101 
6838 4102 1601 210 
6839 193 44 28 
6840 4060 4194 610 
6841 1196 4348 4396 
6842 1151 775 684 
6843 4140 32 4079 
6844 7800 7826 7799 
6845 4780 4779 4717 
6846 123 4114 4080 
6847 842 123 4080 
6848 4066 1254 4068 
6849 757 1749 491 
6850 4312 757 491 
6851 4495 4496 208 
6852 1367 1808 4134 
6853 4264 2421 4057 
6854 39 1151 682 
6855 4063 2 4064 
6856 809 4473 5296 
6857 72 193 28 
6858 4052 1696 211 
6859 5682 5701 5700 
6860 4072 4071 4065 
6861 4336 4266 4152 
6862 4243 643 44 
6863 3348 207 4059 
6864 4122 4140 4079 
6865 1 363 66 
6866 3272 8126 8118 
6867 217 66 216 
6868 5619 5421 104 
6869 1932 4645 5020 
6870 4068 4072 4066 
6871 241 4725 1791 
6872 261 1211 4312 
6873 4184 1211 261 
6874 1071 4074 1561 
6875 1731 4263 176 
6876 477 478 208 
6877 1135 477 208 
6878 801 1367 4134 
6879 1442 4094 1093 
6880 4183 662 4202 
6881 4471 881 662 
6882 4243 4266 643 
6883 771 806 845 
6884 209 4115 1260 
6885 144 2044 782 
6886 1422 1164 1224 
6887 4314 2424 103 
6888 4266 4336 643 
6889 1482 655 232 
6890 760 511 4152 
6891 5987 5564 4551 
6892 4149 4124 4125 
6893 323 47 6 
6894 4943 5421 5619 
6895 1093 1463 4117 
6896 4377 4074 1071 
6897 1561 2002 1459 
6898 4117 4178 380 
6899 4377 1422 1749 
6900 276 130 319 
6901 4275 4101 73 
6902 4377 1164 1422 
6903 4094 1463 1093 
6904 5421 85 104 
6905 5163 4943 5619 
6906 4492 4520 227 
6907 1927 1833 1309 
6908 4050 513 825 
6909 1993 215 782 
6910 3133 3089 3090 
6911 22 1090 5204 
6912 615 610 1368 
6913 4060 610 615 
6914 4266 760 4152 
6915 803 1731 4131 
6916 609 380 379 
6917 825 513 4246 
6918 3578 532 3370 
6919 4404 4433 4453 
6920 4149 4174 4124 
6921 4197 4196 4174 
6922 4541 892 4527 
6923 1164 4377 1071 
6924 4275 73 702 
6925 1632 754 505 
6926 505 754 4119 
6927 4135 659 3 
6928 4101 1285 1369 
6929 1459 826 1926 
6930 3563 5945 3944 
6931 4395 4274 4797 
6932 1446 1470 1398 
6933 826 699 1926 
6934 4101 1369 73 
6935 4082 1927 4081 
6936 845 806 1116 
6937 1346 2013 1847 
6938 706 4133 660 
6939 4152 264 209 
6940 4505 4152 209 
6941 1834 4152 4505 
6942 112 3015 259 
6943 1626 4193 661 
6944 317 4254 1 
6945 4381 4404 4453 
6946 1309 1833 1307 
6947 4149 4197 4174 
6948 3947 2894 1090 
6949 215 467 143 
6950 4077 4091 4071 
6951 263 195 313 
6952 4084 4103 4253 
6953 671 4145 5044 
6954 1460 4051 4103 
6955 4084 1460 4103 
6956 1460 4067 4051 
6957 659 4244 266 
6958 377 1732 4104 
6959 1927 1884 4081 
6960 4052 4182 1934 
6961 2093 4246 4142 
6962 4094 4235 1463 
6963 4235 1928 1463 
6964 564 4140 4122 
6965 2032 2123 2068 
6966 82 28 546 
6967 105 775 1151 
6968 4281 4336 1834 
6969 4196 4217 4174 
6970 980 1596 68 
6971 703 445 650 
6972 4244 318 266 
6973 4067 1460 1532 
6974 4051 4067 1532 
6975 1460 1562 1531 
6976 1532 1460 1531 
6977 267 700 4156 
6978 122 267 4156 
6979 22 5204 2031 
6980 3477 1942 3569 
6981 1531 1562 4315 
6982 4175 4176 4218 
6983 3533 539 2661 
6984 5644 5643 1351 
6985 656 4057 346 
6986 4142 4120 1490 
6987 82 546 324 
6988 4066 4072 4065 
6989 4082 4081 501 
6990 964 787 963 
6991 2537 3018 50 
6992 192 4280 4115 
6993 264 192 4115 
6994 794 317 1 
6995 4979 6415 6414 
6996 2503 2332 2505 
6997 4068 4069 4078 
6998 703 3 444 
6999 700 4135 3 
7000 6352 8104 8078 
7001 417 503 466 
7002 605 1748 4305 
7003 886 322 2314 
7004 1592 1033 1319 
7005 4202 662 4182 
7006 2708 1670 5163 
7007 1490 4211 4140 
7008 4235 4094 881 
7009 192 4142 4280 
7010 209 264 4115 
7011 1332 1412 2042 
7012 5840 5808 5841 
7013 1334 1937 3301 
7014 5289 5309 4869 
7015 5971 4147 2505 
7016 610 1920 1368 
7017 610 4079 1920 
7018 4196 4238 4217 
7019 4348 3868 1852 
7020 794 1 7 
7021 4238 4276 4257 
7022 501 4081 317 
7023 46 196 656 
7024 8097 4032 2475 
7025 8111 8126 3272 
7026 2559 1067 20 
7027 319 130 696 
7028 448 345 318 
7029 266 318 4540 
7030 1187 1624 1625 
7031 659 1213 448 
7032 4080 1213 659 
7033 95 608 83 
7034 316 414 4236 
7035 1670 4943 5163 
7036 4057 4162 346 
7037 44 643 740 
7038 935 881 4471 
7039 654 1260 4054 
7040 50 3018 1016 
7041 806 25 1116 
7042 5241 5285 5265 
7043 1533 218 1950 
7044 501 317 794 
7045 970 501 794 
7046 148 793 4713 
7047 980 68 971 
7048 4252 4183 4193 
7049 4376 1592 982 
7050 4401 4402 4451 
7051 1731 4156 4263 
7052 1634 377 4104 
7053 665 761 664 
7054 673 123 267 
7055 1180 208 4496 
7056 1211 262 4312 
7057 295 4376 1133 
7058 4780 4804 4779 
7059 238 100 101 
7060 4096 615 1806 
7061 6123 8097 2073 
7062 181 1947 4386 
7063 3300 4353 4401 
7064 1132 1729 1016 
7065 90 1132 1016 
7066 1729 409 1016 
7067 8 50 1016 
7068 409 8 1016 
7069 4115 4280 564 
7070 2710 8 51 
7071 843 1565 1596 
7072 4050 760 4399 
7073 1666 457 456 
7074 2867 2868 1206 
7075 807 707 844 
7076 1133 4376 982 
7077 267 123 842 
7078 1180 1135 208 
7079 4134 1808 673 
7080 1602 477 1135 
7081 1180 1602 1135 
7082 6644 8123 8102 
7083 3453 3514 3978 
7084 1285 755 4074 
7085 477 130 276 
7086 1369 1285 4074 
7087 4707 4764 4705 
7088 4432 4381 4452 
7089 1067 4337 20 
7090 4337 4385 601 
7091 20 4337 601 
7092 4064 1427 4063 
7093 261 4313 103 
7094 9 4506 1799 
7095 4506 1800 1799 
7096 1800 1132 90 
7097 1799 1800 90 
7098 177 409 1729 
7099 1132 177 1729 
7100 4115 564 4060 
7101 3309 3295 7111 
7102 4060 564 4194 
7103 564 4122 4194 
7104 1596 1565 4146 
7105 1093 4117 1425 
7106 319 754 1632 
7107 1808 2262 673 
7108 262 4334 4312 
7109 1369 4074 4377 
7110 5459 4130 4084 
7111 227 4520 1151 
7112 4178 711 890 
7113 4316 4338 4337 
7114 1067 4316 4337 
7115 4338 4386 4385 
7116 4337 4338 4385 
7117 181 4456 9 
7118 4456 4506 9 
7119 1798 177 1132 
7120 1800 1798 1132 
7121 783 787 778 
7122 4122 4079 610 
7123 760 4050 825 
7124 4312 4334 757 
7125 380 845 1115 
7126 2071 1096 615 
7127 4239 4258 4277 
7128 4084 4130 1460 
7129 4130 3478 1460 
7130 801 4134 1459 
7131 1561 801 2002 
7132 70 26 1320 
7133 119 4052 211 
7134 4316 1451 4338 
7135 4386 4414 181 
7136 4414 4456 181 
7137 4507 1798 1800 
7138 4506 4507 1800 
7139 574 824 409 
7140 177 574 409 
7141 51 8 409 
7142 824 51 409 
7143 2093 4142 192 
7144 4194 4122 610 
7145 935 4235 881 
7146 4246 4120 4142 
7147 1927 1080 1833 
7148 3986 790 3859 
7149 67 1212 2698 
7150 4086 1369 4377 
7151 4150 4149 4091 
7152 4086 4377 1749 
7153 4238 4239 4258 
7154 2002 801 1459 
7155 4277 4357 4356 
7156 4109 4125 4089 
7157 7030 2342 3009 
7158 3764 772 2708 
7159 1809 1837 381 
7160 4338 4339 4386 
7161 4386 4339 4414 
7162 4457 4507 4506 
7163 4456 4457 4506 
7164 4507 896 1798 
7165 896 574 177 
7166 1798 896 177 
7167 74 51 824 
7168 1622 74 824 
7169 149 652 51 
7170 74 149 51 
7171 213 1209 1943 
7172 4252 935 4471 
7173 7 1 66 
7174 885 4060 615 
7175 1260 4060 4096 
7176 1307 46 656 
7177 1468 1115 4085 
7178 3873 5189 5787 
7179 4198 4239 4197 
7180 380 890 845 
7181 843 1596 980 
7182 262 313 757 
7183 313 195 757 
7184 1459 4134 826 
7185 4239 4238 4197 
7186 44 740 546 
7187 2651 4032 8097 
7188 4317 4339 4338 
7189 1451 4317 4338 
7190 4415 4457 4456 
7191 4414 4415 4456 
7192 4457 4508 4507 
7193 4507 4508 896 
7194 453 1622 824 
7195 574 453 824 
7196 74 2255 149 
7197 4374 4348 1852 
7198 218 7 217 
7199 7 66 217 
7200 4211 2860 4140 
7201 4072 4077 4071 
7202 4085 2048 1601 
7203 456 4472 260 
7204 195 702 757 
7205 699 267 122 
7206 919 417 559 
7207 4078 4126 4110 
7208 4145 671 262 
7209 671 313 262 
7210 1115 2048 4085 
7211 4314 4313 1226 
7212 1149 4133 706 
7213 260 4472 259 
7214 1341 4267 1451 
7215 1451 4267 4317 
7216 2255 2996 149 
7217 4364 4415 4414 
7218 4339 4364 4414 
7219 4416 4458 4457 
7220 4415 4416 4457 
7221 4457 4458 4508 
7222 896 453 574 
7223 753 2255 74 
7224 8087 8088 1154 
7225 4172 660 803 
7226 4246 346 4120 
7227 4136 1260 4180 
7228 4160 4281 1834 
7229 3794 4306 4358 
7230 665 664 569 
7231 4150 4176 4175 
7232 5137 5179 4631 
7233 4090 4089 4070 
7234 4071 4090 4070 
7235 3979 6680 6419 
7236 4085 4102 1179 
7237 4085 1601 4102 
7238 3 462 444 
7239 661 4193 119 
7240 3616 5682 5661 
7241 1091 4267 1341 
7242 4267 4318 4317 
7243 4318 4364 4339 
7244 4317 4318 4339 
7245 4365 4416 4415 
7246 4364 4365 4415 
7247 4508 1770 896 
7248 1770 1085 896 
7249 1085 247 453 
7250 896 1085 453 
7251 247 1655 1622 
7252 453 247 1622 
7253 1655 74 1622 
7254 1655 168 74 
7255 168 753 74 
7256 2660 8121 3287 
7257 5183 5182 4632 
7258 1884 513 4050 
7259 4447 2608 1301 
7260 4090 4109 4089 
7261 5159 5183 4632 
7262 8 2710 50 
7263 3040 2041 1091 
7264 324 546 47 
7265 4353 4402 4401 
7266 2044 12 782 
7267 2041 538 1091 
7268 538 4268 4267 
7269 1091 538 4267 
7270 4267 4268 4318 
7271 4319 4365 4364 
7272 4318 4319 4364 
7273 4458 4524 4508 
7274 4524 1085 1770 
7275 4508 4524 1770 
7276 1590 168 1655 
7277 2277 2255 753 
7278 168 2277 753 
7279 124 49 1050 
7280 2277 3118 2255 
7281 1884 4050 4254 
7282 8064 8062 8103 
7283 131 96 1799 
7284 643 4281 414 
7285 700 842 4080 
7286 826 4134 699 
7287 68 119 360 
7288 68 360 971 
7289 4134 673 699 
7290 137 1180 4496 
7291 5183 5181 5182 
7292 5198 1929 4519 
7293 4268 4319 4318 
7294 4416 4459 4458 
7295 4459 4478 4458 
7296 4458 4478 4524 
7297 247 642 1655 
7298 642 1590 1655 
7299 355 2277 168 
7300 2380 3118 2277 
7301 355 2380 2277 
7302 4276 4277 4330 
7303 1601 25 312 
7304 1116 25 1601 
7305 2315 2408 6468 
7306 660 1426 1731 
7307 119 211 360 
7308 267 842 700 
7309 1602 77 477 
7310 1926 1426 660 
7311 77 1633 477 
7312 477 1633 130 
7313 463 319 696 
7314 4471 662 4183 
7315 7480 7479 7423 
7316 538 4269 4268 
7317 4268 4269 4319 
7318 4365 4387 4416 
7319 4387 4439 4416 
7320 4416 4439 4459 
7321 4459 4439 4478 
7322 1085 855 247 
7323 855 642 247 
7324 4452 4453 4499 
7325 4197 4238 4196 
7326 377 843 980 
7327 4217 4238 4257 
7328 4505 209 654 
7329 324 47 707 
7330 699 673 267 
7331 4074 755 1561 
7332 8096 7984 8063 
7333 754 463 696 
7334 319 463 754 
7335 3619 736 3536 
7336 1246 736 3619 
7337 4131 1731 176 
7338 4340 4341 4365 
7339 4319 4340 4365 
7340 4341 4387 4365 
7341 4524 1771 1085 
7342 1771 855 1085 
7343 895 11 642 
7344 855 895 642 
7345 1879 1590 642 
7346 11 1879 642 
7347 1393 168 1590 
7348 1879 1393 1590 
7349 1393 355 168 
7350 538 6200 4269 
7351 215 143 782 
7352 8090 8083 8098 
7353 47 323 844 
7354 4054 1260 4136 
7355 1834 4505 654 
7356 1164 246 2013 
7357 1425 4117 380 
7358 616 615 1096 
7359 4066 4065 4062 
7360 149 2996 652 
7361 4133 1926 660 
7362 755 801 1561 
7363 1809 4112 1873 
7364 4269 4270 4319 
7365 4270 4341 4340 
7366 4319 4270 4340 
7367 4478 1771 4524 
7368 1771 1738 4524 
7369 4524 1738 1771 
7370 1738 895 855 
7371 1771 1738 855 
7372 1087 355 1393 
7373 4164 2380 355 
7374 1087 4164 355 
7375 5335 4888 5377 
7376 5951 8075 8067 
7377 4766 4765 4707 
7378 4096 4060 885 
7379 4183 4052 119 
7380 5183 5222 5181 
7381 710 654 545 
7382 342 633 2194 
7383 736 1346 3536 
7384 73 1369 4086 
7385 3478 408 1460 
7386 4774 4845 4805 
7387 1836 1872 1871 
7388 5378 5412 5377 
7389 4270 4285 4341 
7390 4439 4479 4478 
7391 4478 4479 1771 
7392 1771 4479 1738 
7393 694 1879 11 
7394 694 1393 1879 
7395 214 4164 1087 
7396 103 241 261 
7397 4075 2960 4058 
7398 2013 246 1847 
7399 684 397 197 
7400 246 1149 1847 
7401 227 112 1654 
7402 380 1468 379 
7403 4316 1067 1451 
7404 5244 5243 5181 
7405 6226 4322 5631 
7406 702 73 1749 
7407 73 4086 1749 
7408 5815 5816 5832 
7409 5800 5816 5815 
7410 5799 5800 5815 
7411 5816 5833 5832 
7412 3946 3979 6419 
7413 4230 4285 4270 
7414 4388 4440 4439 
7415 4387 4388 4439 
7416 4439 4440 4479 
7417 943 694 11 
7418 895 943 11 
7419 229 1087 1393 
7420 229 214 1087 
7421 1807 440 803 
7422 2432 1305 2477 
7423 5222 5244 5181 
7424 4380 4381 4432 
7425 5266 5242 5243 
7426 4159 803 1347 
7427 2042 554 1332 
7428 6347 7255 7861 
7429 698 114 60 
7430 5244 5266 5243 
7431 601 4385 132 
7432 706 4538 1094 
7433 1847 706 1094 
7434 4175 4198 4149 
7435 262 757 4334 
7436 5764 5800 5799 
7437 5763 5764 5799 
7438 1221 876 1921 
7439 7077 1077 7076 
7440 4285 4342 4341 
7441 4342 4388 4387 
7442 4341 4342 4387 
7443 4388 4417 4440 
7444 1739 943 895 
7445 1738 1739 895 
7446 943 34 694 
7447 1857 1393 694 
7448 34 1857 694 
7449 1857 1458 1393 
7450 1458 229 1393 
7451 3448 65 1941 
7452 49 124 214 
7453 5288 5287 5242 
7454 4145 262 1211 
7455 1974 4686 4907 
7456 5266 5288 5242 
7457 5875 6091 6067 
7458 2391 1870 941 
7459 4159 1347 706 
7460 702 1749 757 
7461 3991 3255 4020 
7462 1016 2537 410 
7463 3550 589 3370 
7464 5725 5726 5763 
7465 4247 4286 4285 
7466 4271 4247 4285 
7467 4285 4286 4342 
7468 4342 4366 4388 
7469 4388 4366 4417 
7470 4509 1739 1738 
7471 4479 4509 1738 
7472 1739 987 943 
7473 987 1494 943 
7474 943 1494 34 
7475 286 1857 34 
7476 286 1458 1857 
7477 286 229 1458 
7478 49 214 229 
7479 2678 124 1051 
7480 643 414 740 
7481 3991 4354 4353 
7482 4102 210 1179 
7483 4314 1226 2424 
7484 654 209 1260 
7485 1977 4352 2391 
7486 4352 1977 2391 
7487 4352 802 2391 
7488 2391 802 1870 
7489 4353 4354 4402 
7490 1947 181 132 
7491 4540 94 114 
7492 4836 8127 3149 
7493 589 3369 3370 
7494 4286 4320 4342 
7495 4342 4320 4366 
7496 4460 4509 4479 
7497 4440 4460 4479 
7498 4509 4510 1739 
7499 1739 4510 987 
7500 1494 599 34 
7501 599 286 34 
7502 286 4144 229 
7503 4144 4093 229 
7504 229 4093 49 
7505 48 942 1050 
7506 49 48 1050 
7507 46 2256 196 
7508 1089 1624 1187 
7509 143 467 144 
7510 4368 4344 6226 
7511 1977 2007 4352 
7512 1870 364 4428 
7513 2365 3344 2366 
7514 4244 448 318 
7515 341 961 731 
7516 5726 5764 5763 
7517 5679 5680 5725 
7518 5523 5559 5558 
7519 4247 4320 4286 
7520 4366 4418 4417 
7521 4418 4460 4440 
7522 4417 4418 4440 
7523 4461 4510 4509 
7524 4460 4461 4509 
7525 987 600 1494 
7526 1494 600 599 
7527 398 4093 4144 
7528 286 398 4144 
7529 4093 4429 49 
7530 4429 48 49 
7531 1835 1836 1871 
7532 4083 4082 501 
7533 5419 5104 7918 
7534 2256 4351 196 
7535 988 3978 67 
7536 2432 1512 968 
7537 137 4496 4451 
7538 4497 137 4451 
7539 4135 4080 659 
7540 1006 3819 3733 
7541 3076 3982 3264 
7542 802 416 1870 
7543 1870 416 364 
7544 4092 3142 4127 
7545 700 4080 4135 
7546 914 537 864 
7547 1344 4400 1565 
7548 444 266 698 
7549 5218 4764 4798 
7550 5680 5726 5725 
7551 5309 5289 5290 
7552 3838 4321 4320 
7553 4247 3838 4320 
7554 4321 4367 4366 
7555 4320 4321 4366 
7556 4366 4367 4418 
7557 4419 4461 4460 
7558 4418 4419 4460 
7559 4510 854 987 
7560 987 854 600 
7561 599 398 286 
7562 4093 4169 4429 
7563 4429 4169 48 
7564 4063 4083 501 
7565 4160 1834 710 
7566 1118 5091 6419 
7567 659 448 4244 
7568 224 197 158 
7569 1180 884 1602 
7570 4400 1923 1565 
7571 1602 884 77 
7572 1308 4204 802 
7573 802 4204 416 
7574 5341 5340 5287 
7575 4303 167 4357 
7576 4385 4386 1947 
7577 546 740 47 
7578 4111 468 1634 
7579 468 514 1634 
7580 2154 165 3981 
7581 3415 4529 2143 
7582 3838 4287 4321 
7583 4367 4419 4418 
7584 4480 4525 4510 
7585 4461 4480 4510 
7586 4510 4525 854 
7587 600 751 599 
7588 599 751 398 
7589 398 4169 4093 
7590 611 48 4169 
7591 4283 942 48 
7592 611 4283 48 
7593 4283 120 942 
7594 4055 4056 4059 
7595 1529 1425 609 
7596 259 3015 260 
7597 2007 1566 1308 
7598 1308 1566 4204 
7599 416 381 364 
7600 5288 5341 5287 
7601 4110 4126 4127 
7602 4059 1254 4066 
7603 5104 5413 5379 
7604 4299 4187 3617 
7605 4470 2154 3981 
7606 3010 5703 5702 
7607 4367 4389 4419 
7608 4441 4480 4461 
7609 4419 4441 4461 
7610 854 1564 600 
7611 1564 1150 600 
7612 1150 1925 751 
7613 600 1150 751 
7614 4220 4169 398 
7615 658 4283 611 
7616 658 120 4283 
7617 4082 4083 1080 
7618 4058 2960 2421 
7619 5644 5660 5643 
7620 4472 1654 259 
7621 1652 201 1610 
7622 2743 1566 2007 
7623 4204 797 416 
7624 416 797 381 
7625 96 4523 1799 
7626 3605 3627 3655 
7627 4452 4499 4498 
7628 3728 4299 3617 
7629 532 4470 3981 
7630 4321 4343 4367 
7631 4343 4390 4389 
7632 4367 4343 4389 
7633 4390 4441 4419 
7634 4389 4390 4419 
7635 4525 1737 854 
7636 1737 774 854 
7637 774 1564 854 
7638 774 1150 1564 
7639 1925 99 398 
7640 751 1925 398 
7641 99 770 398 
7642 770 4220 398 
7643 770 4169 4220 
7644 657 611 4169 
7645 657 658 611 
7646 2960 2420 2421 
7647 919 144 417 
7648 4020 4301 3991 
7649 3627 3656 3655 
7650 4301 4302 3991 
7651 1566 1973 4204 
7652 4204 1973 797 
7653 797 1809 381 
7654 440 1807 1347 
7655 8089 6838 8101 
7656 464 361 278 
7657 4302 4355 4354 
7658 3991 4302 4354 
7659 4355 4403 4402 
7660 1870 4428 1840 
7661 793 4537 4713 
7662 4656 4682 4655 
7663 5378 4905 5379 
7664 35 532 3981 
7665 4343 4321 4287 
7666 3372 1942 3266 
7667 4511 4525 4480 
7668 4511 1720 1737 
7669 4525 4511 1737 
7670 1720 774 1737 
7671 1150 99 1925 
7672 4170 4169 770 
7673 4170 606 4169 
7674 606 657 4169 
7675 658 27 120 
7676 27 461 120 
7677 644 2603 547 
7678 467 4104 605 
7679 67 2698 1212 
7680 479 614 65 
7681 4354 4355 4402 
7682 1566 512 1973 
7683 454 302 83 
7684 1973 1949 797 
7685 797 1949 1809 
7686 916 917 864 
7687 4474 4451 4402 
7688 4403 4474 4402 
7689 6680 1118 6419 
7690 4299 3728 5833 
7691 3674 53 165 
7692 3295 3293 3294 
7693 4462 4480 4441 
7694 4462 4512 4511 
7695 4480 4462 4511 
7696 4512 1720 4511 
7697 561 99 1150 
7698 770 1210 4170 
7699 4170 1210 606 
7700 657 606 658 
7701 1348 27 658 
7702 1428 1972 4741 
7703 2505 2462 2584 
7704 4474 4497 4451 
7705 1973 1350 1949 
7706 104 85 2031 
7707 1841 1870 1840 
7708 137 884 1180 
7709 5680 5698 5726 
7710 2154 3674 165 
7711 7649 7698 7648 
7712 4421 4441 4390 
7713 4420 4421 4390 
7714 4421 4462 4441 
7715 595 1150 774 
7716 1150 595 561 
7717 1210 770 99 
7718 606 1348 658 
7719 1920 1005 1453 
7720 1833 67 1307 
7721 3570 2661 539 
7722 3760 22 2031 
7723 1949 1428 1809 
7724 1809 1428 4112 
7725 644 547 645 
7726 4112 1871 1872 
7727 4127 4199 4176 
7728 5390 1207 1735 
7729 5785 4012 879 
7730 5815 5832 5831 
7731 3893 3906 6167 
7732 5799 5815 5831 
7733 4344 4390 4343 
7734 4344 4421 4420 
7735 4390 4344 4420 
7736 894 774 1720 
7737 894 595 774 
7738 99 1070 1210 
7739 606 45 1348 
7740 1348 71 27 
7741 67 46 1307 
7742 3669 960 8071 
7743 4724 1677 4896 
7744 1050 1051 124 
7745 1016 410 90 
7746 4112 4328 1871 
7747 4176 4199 3785 
7748 2209 3802 5091 
7749 1118 2209 5091 
7750 5390 1735 3114 
7751 4186 5390 3114 
7752 2961 5942 809 
7753 4391 4421 4344 
7754 4513 4512 4462 
7755 4512 4513 1720 
7756 4513 894 1720 
7757 561 972 99 
7758 99 972 1070 
7759 4139 45 606 
7760 1210 4139 606 
7761 45 1794 1348 
7762 1794 70 1348 
7763 1348 70 71 
7764 6837 3535 6354 
7765 5658 5681 5641 
7766 4057 4099 4264 
7767 1847 1149 706 
7768 845 1116 1115 
7769 1116 1601 2048 
7770 4970 4993 1031 
7771 357 1113 4195 
7772 3347 3618 3376 
7773 4330 4381 4380 
7774 1428 4328 4112 
7775 4328 4100 1871 
7776 4198 4197 4149 
7777 5413 5412 5378 
7778 4463 4462 4421 
7779 4463 4513 4462 
7780 1058 561 595 
7781 872 1058 595 
7782 1058 972 561 
7783 4837 138 4784 
7784 4834 4849 4823 
7785 4688 275 4638 
7786 4177 4128 5164 
7787 7375 7374 7349 
7788 4858 4874 510 
7789 4887 1603 362 
7790 5031 5032 5048 
7791 4689 4749 4688 
7792 575 617 4875 
7793 4658 4717 4657 
7794 3802 3661 7053 
7795 997 3785 4177 
7796 4615 4693 280 
7797 2209 5089 5394 
7798 4717 4716 4657 
7799 4658 4657 4606 
7800 4752 4881 418 
7801 5017 562 4645 
7802 4645 562 4741 
7803 8123 8115 8146 
7804 3802 2209 5394 
7805 4615 2323 4693 
7806 708 670 613 
7807 1751 1752 1812 
7808 1512 4378 968 
7809 4936 4937 4974 
7810 3262 6555 4191 
7811 8082 8079 8094 
7812 4605 4604 4563 
7813 812 719 4955 
7814 4805 4834 4823 
7815 4975 4997 4996 
7816 1265 1253 3930 
7817 8092 8102 8100 
7818 4818 1772 1835 
7819 5351 6530 6508 
7820 4849 4887 418 
7821 619 718 678 
7822 2302 8108 873 
7823 4750 4811 4786 
7824 4810 4856 4783 
7825 4657 4716 4682 
7826 4687 4493 4774 
7827 7594 7621 7646 
7828 4684 4648 4644 
7829 5050 1929 4860 
7830 6943 6944 6963 
7831 4872 1835 1871 
7832 4908 4936 4935 
7833 8065 2342 1334 
7834 4955 721 813 
7835 8090 2747 8140 
7836 5064 5065 5063 
7837 4608 4660 4659 
7838 4977 4999 4998 
7839 4660 320 4659 
7840 320 368 4718 
7841 4659 320 4718 
7842 8072 8145 3265 
7843 8128 8143 4107 
7844 4691 4722 384 
7845 4908 577 675 
7846 718 4939 678 
7847 2477 1284 2432 
7848 5967 1456 4988 
7849 1347 2465 1698 
7850 1611 1677 750 
7851 4935 4973 852 
7852 1611 1603 4856 
7853 6756 6793 6739 
7854 1537 1582 1509 
7855 4952 718 4978 
7856 6391 6312 6317 
7857 566 4870 565 
7858 4891 4890 565 
7859 4870 4891 565 
7860 418 138 4837 
7861 1078 1031 1079 
7862 4287 3529 4343 
7863 362 4752 418 
7864 5099 5098 5066 
7865 1871 4100 4872 
7866 4919 4968 4967 
7867 4932 4965 938 
7868 4931 4932 938 
7869 1321 4668 4619 
7870 2272 6310 6309 
7871 4967 4968 979 
7872 4434 4357 4405 
7873 1832 1831 1769 
7874 7186 7185 7160 
7875 4796 4433 4434 
7876 1880 1929 5050 
7877 4973 4995 950 
7878 469 470 506 
7879 1025 4687 4648 
7880 8106 8091 3007 
7881 4968 4992 979 
7882 447 641 4960 
7883 7566 7621 7594 
7884 4952 4978 4977 
7885 3610 6160 6145 
7886 762 846 761 
7887 6485 2259 5456 
7888 562 4872 4100 
7889 4019 2272 6309 
7890 2809 6607 2455 
7891 568 569 664 
7892 2090 2091 2620 
7893 7254 7255 6347 
7894 5950 405 5968 
7895 1165 6387 1299 
7896 1636 1637 1703 
7897 5095 4684 1366 
7898 1700 1753 1752 
7899 4616 1567 1636 
7900 1495 4610 1974 
7901 5018 5293 4145 
7902 1443 4616 1636 
7903 6323 6898 2250 
7904 4537 4821 4713 
7905 4453 4537 4499 
7906 4990 308 4987 
7907 4607 4608 4659 
7908 2068 2032 2006 
7909 1677 4818 4896 
7910 4783 4668 1398 
7911 1029 407 2959 
7912 6645 5057 4951 
7913 1366 1283 1318 
7914 3535 6687 8122 
7915 1170 4608 4607 
7916 4648 4774 4662 
7917 2016 1995 1996 
7918 7288 7311 7287 
7919 952 5034 5000 
7920 2156 876 6354 
7921 4875 617 674 
7922 1603 750 4724 
7923 1366 4758 4667 
7924 7614 7613 7552 
7925 2651 8141 3982 
7926 8121 6898 3287 
7927 4595 4028 5029 
7928 4845 4849 4834 
7929 4595 147 4028 
7930 4997 4998 5031 
7931 5031 5048 5062 
7932 4595 5029 3250 
7933 793 148 147 
7934 4689 4690 4750 
7935 129 4595 4906 
7936 5037 129 4906 
7937 1203 367 1041 
7938 4616 1443 4807 
7939 5128 4802 125 
7940 129 5037 4906 
7941 3244 129 4906 
7942 617 575 576 
7943 7557 6761 4637 
7944 4998 4999 5019 
7945 1106 1203 1041 
7946 7373 7372 7311 
7947 1650 1582 1583 
7948 7205 7242 7204 
7949 5911 5839 6344 
7950 1443 4899 4807 
7951 1100 3244 4906 
7952 696 129 3244 
7953 7573 7600 7572 
7954 4735 4662 4903 
7955 136 4638 275 
7956 4818 1835 4872 
7957 7824 7875 7848 
7958 7453 7510 7452 
7959 138 4763 4844 
7960 4616 4807 4671 
7961 1660 4616 4671 
7962 8104 1725 8078 
7963 5092 5091 7053 
7964 127 198 4660 
7965 4608 127 4660 
7966 4660 198 320 
7967 2007 1308 4352 
7968 4752 4822 4881 
7969 4871 4872 5017 
7970 5062 5094 1318 
7971 4839 4809 312 
7972 4881 4763 138 
7973 761 4971 4921 
7974 5022 4645 1970 
7975 857 812 856 
7976 1769 4736 1832 
7977 4870 566 567 
7978 4844 1719 4784 
7979 663 4891 4870 
7980 4684 4644 4758 
7981 325 326 384 
7982 918 4916 4930 
7983 4668 4783 4493 
7984 754 3244 4846 
7985 754 463 3244 
7986 754 696 463 
7987 281 327 326 
7988 4977 4978 4999 
7989 4567 4572 1169 
7990 2584 686 3903 
7991 5188 4846 1112 
7992 6690 3286 2406 
7993 1791 4184 241 
7994 1041 1105 1106 
7995 4986 4567 1169 
7996 4644 4819 4735 
7997 7816 5440 5441 
7998 5094 1366 1318 
7999 1178 1131 5062 
8000 4995 5031 5030 
8001 4752 4863 4822 
8002 1518 4781 4847 
8003 4990 973 4572 
8004 4985 754 4846 
8005 4751 4787 4750 
8006 4819 4662 4735 
8007 4639 4664 4638 
8008 5751 5740 5776 
8009 6464 4990 4567 
8010 6705 6737 6704 
8011 5630 5939 6606 
8012 384 4812 4787 
8013 4691 4690 4640 
8014 4741 562 1428 
8015 4567 4990 4572 
8016 1025 5072 4687 
8017 4998 5032 5031 
8018 5032 5033 5065 
8019 558 83 4802 
8020 7694 3825 8134 
8021 4825 4813 1603 
8022 761 4921 664 
8023 4974 4975 4996 
8024 4691 4750 4690 
8025 4752 5016 4863 
8026 1283 1177 1318 
8027 4856 4813 4783 
8028 4851 1932 1904 
8029 8128 8085 8143 
8030 2528 2488 3427 
8031 4606 4607 4659 
8032 3763 5045 5443 
8033 675 676 4937 
8034 4332 4985 4846 
8035 5084 4332 4846 
8036 4332 754 4985 
8037 5247 6040 5228 
8038 4863 4851 1832 
8039 418 4881 138 
8040 4812 515 4859 
8041 4930 4931 4964 
8042 5845 1120 1029 
8043 7065 7066 2074 
8044 5057 3320 5006 
8045 6571 4555 1264 
8046 4871 1932 4863 
8047 4644 4735 1509 
8048 1885 1886 1930 
8049 856 952 4978 
8050 4987 1074 973 
8051 1170 4607 4606 
8052 4690 4689 4639 
8053 1253 6000 3930 
8054 4990 4987 973 
8055 4890 4934 4933 
8056 4689 4688 4639 
8057 5097 5098 4913 
8058 5072 4913 4687 
8059 565 4890 4869 
8060 676 678 4938 
8061 5034 5067 5066 
8062 5035 5034 952 
8063 898 899 953 
8064 1673 1651 1583 
8065 4846 5053 5084 
8066 4119 754 4332 
8067 5703 4744 5702 
8068 4813 4825 4493 
8069 674 4935 768 
8070 1537 4735 1583 
8071 18 962 4960 
8072 1660 4671 4686 
8073 4645 5022 5020 
8074 4784 1673 4903 
8075 7647 7676 7646 
8076 1382 1170 4606 
8077 5062 1318 1178 
8078 4934 4967 4966 
8079 207 3348 1805 
8080 4889 4890 4933 
8081 4933 4934 4966 
8082 4890 4889 4869 
8083 4987 5442 43 
8084 1286 4619 5098 
8085 4717 4718 469 
8086 4998 5019 5032 
8087 1074 4987 43 
8088 1298 4753 1489 
8089 281 326 280 
8090 4818 1677 1721 
8091 1214 1198 4984 
8092 4332 5084 5053 
8093 8133 8142 3901 
8094 944 1035 1082 
8095 1932 1968 1904 
8096 4564 127 4608 
8097 1170 4564 4608 
8098 4970 4971 4993 
8099 6687 8071 960 
8100 4899 4868 4807 
8101 1366 4684 4758 
8102 3483 4022 8107 
8103 978 977 4966 
8104 4619 4668 4913 
8105 4696 4726 4773 
8106 4936 4974 4973 
8107 510 573 476 
8108 4939 4977 4976 
8109 4849 418 4837 
8110 4750 4812 4811 
8111 4975 4976 4997 
8112 5034 5066 5065 
8113 5033 5034 5065 
8114 3317 2811 3272 
8115 7513 7571 7537 
8116 4019 6309 6308 
8117 1382 4605 4563 
8118 376 375 321 
8119 3825 7715 8132 
8120 4662 4823 4903 
8121 4973 4974 4995 
8122 4974 4996 4995 
8123 7694 8134 8072 
8124 4812 4859 4841 
8125 2323 282 4693 
8126 4119 4332 514 
8127 4811 510 476 
8128 4641 4692 4691 
8129 443 358 590 
8130 1443 1700 4899 
8131 2220 5001 4983 
8132 4612 4635 4755 
8133 6300 5013 1990 
8134 4783 1470 4810 
8135 4620 40 345 
8136 4755 4960 4904 
8137 4904 4960 641 
8138 4781 1292 4820 
8139 4685 5083 6604 
8140 5167 5206 5228 
8141 1155 1923 4400 
8142 4859 515 575 
8143 3244 463 696 
8144 1636 1703 1700 
8145 4781 1518 5080 
8146 5080 1518 834 
8147 2465 1347 2466 
8148 663 4920 4919 
8149 4891 663 4919 
8150 4920 4969 4968 
8151 4919 4920 4968 
8152 4969 1031 4992 
8153 4841 575 4875 
8154 1137 1043 1044 
8155 4968 4969 4992 
8156 4807 4868 4622 
8157 4868 798 4622 
8158 4750 4786 4749 
8159 274 136 275 
8160 560 4959 4956 
8161 4694 560 4956 
8162 5013 6300 6418 
8163 4841 4859 575 
8164 4726 4727 4730 
8165 4773 4726 4730 
8166 1292 4773 4820 
8167 4813 4856 1603 
8168 308 6660 4987 
8169 18 439 962 
8170 4493 4825 4845 
8171 1972 1428 1949 
8172 4899 1699 4868 
8173 1699 5085 4868 
8174 1811 4699 4895 
8175 1885 1951 1996 
8176 4610 4616 1660 
8177 2259 2377 1264 
8178 5094 5095 1366 
8179 4786 4811 4749 
8180 4751 4750 4691 
8181 1082 5047 1079 
8182 4939 4952 4977 
8183 5051 1923 1155 
8184 937 4964 938 
8185 4749 376 4688 
8186 2213 2272 5002 
8187 5945 3563 6038 
8188 1042 5068 5034 
8189 4561 4601 4560 
8190 580 678 677 
8191 7544 7606 7543 
8192 5413 5419 5412 
8193 4820 4773 4702 
8194 2809 1921 6607 
8195 6700 6752 6751 
8196 5443 4673 3763 
8197 5005 4818 4872 
8198 198 368 320 
8199 5097 4913 1025 
8200 4724 4896 4752 
8201 5017 1932 4871 
8202 4612 18 4635 
8203 4911 4924 4612 
8204 4924 4946 4612 
8205 976 938 977 
8206 834 1518 492 
8207 1082 1079 1031 
8208 4844 4736 1719 
8209 4240 4885 86 
8210 506 5309 5291 
8211 2323 4615 4591 
8212 2278 2323 4591 
8213 4642 4641 4613 
8214 4177 4199 4127 
8215 358 1199 590 
8216 6571 2377 6563 
8217 4671 4622 5074 
8218 4762 641 4848 
8219 5710 5711 6958 
8220 2225 407 2207 
8221 2220 4983 4979 
8222 2815 4923 4637 
8223 5068 5067 5034 
8224 4773 4730 4702 
8225 2164 4587 159 
8226 4693 282 281 
8227 4728 4668 4493 
8228 4747 1265 5079 
8229 1286 5099 5067 
8230 4687 4728 4493 
8231 952 5000 4978 
8232 4933 4966 4965 
8233 4949 4963 936 
8234 1542 1611 4856 
8235 2253 3248 145 
8236 6343 1750 1493 
8237 1029 1120 407 
8238 4924 639 4946 
8239 7604 7684 7656 
8240 4648 4687 4774 
8241 899 898 812 
8242 4774 4493 4845 
8243 4851 4863 1932 
8244 4662 4805 4823 
8245 4763 4736 4844 
8246 6752 6788 6787 
8247 4641 4642 4692 
8248 282 327 281 
8249 2377 3899 6563 
8250 6350 6359 6358 
8251 1470 1542 4856 
8252 4793 4727 5003 
8253 5048 5063 5062 
8254 2094 604 1552 
8255 898 856 812 
8256 4621 4620 4824 
8257 4622 798 4926 
8258 4750 4749 4689 
8259 1991 5521 5060 
8260 7106 7105 7093 
8261 5068 1286 5067 
8262 4822 4863 4763 
8263 4870 567 663 
8264 4880 4911 4942 
8265 4911 4612 4942 
8266 4727 4726 4701 
8267 4868 4790 798 
8268 4895 4699 4533 
8269 4946 639 4612 
8270 4845 4834 4805 
8271 1567 4616 4610 
8272 4935 4936 4973 
8273 1718 1673 1719 
8274 4294 6578 8066 
8275 613 4894 708 
8276 4651 4650 4596 
8277 4597 4651 4596 
8278 4921 4970 4969 
8279 4704 4703 4650 
8280 4691 384 4751 
8281 4993 4994 1031 
8282 7312 7373 7311 
8283 4686 4671 4907 
8284 4788 4730 4793 
8285 4609 4926 4586 
8286 4727 4701 5003 
8287 4926 4594 4586 
8288 4593 4928 4733 
8289 4926 4733 4594 
8290 4762 4620 4621 
8291 4790 4593 4733 
8292 6309 6712 6308 
8293 7186 7221 7185 
8294 834 4696 4773 
8295 1026 6715 6390 
8296 4807 4622 4671 
8297 5951 8067 8109 
8298 5867 3312 5865 
8299 4610 1660 1974 
8300 4612 639 18 
8301 1495 1567 4610 
8302 4668 4728 5069 
8303 7525 4597 4596 
8304 4675 4650 4651 
8305 4675 4704 4650 
8306 4849 4784 4823 
8307 5063 5065 5095 
8308 4931 938 4964 
8309 3622 4981 159 
8310 5083 6745 6604 
8311 4671 5074 4609 
8312 4730 4788 5026 
8313 4585 7819 4558 
8314 3784 4640 4639 
8315 617 576 674 
8316 798 4790 4733 
8317 4679 4904 4795 
8318 4790 4928 4593 
8319 4820 4702 4574 
8320 5069 4728 4687 
8321 4801 4701 4726 
8322 4696 4801 4726 
8323 6029 6041 5928 
8324 4880 4924 4911 
8325 6524 5350 5327 
8326 4801 4924 4880 
8327 5091 3802 7053 
8328 4699 560 4533 
8329 1699 4895 4790 
8330 2155 5475 2274 
8331 7699 7747 7698 
8332 718 4952 4939 
8333 4652 4651 4597 
8334 4577 4652 4597 
8335 1520 2545 602 
8336 4651 4704 4675 
8337 675 4937 4936 
8338 4849 4837 4784 
8339 8072 8134 8145 
8340 4664 4688 4638 
8341 4644 1509 4667 
8342 5673 7010 5695 
8343 4671 4609 4907 
8344 4755 4634 4695 
8345 4702 4730 5026 
8346 4634 4633 4695 
8347 8092 8100 8084 
8348 4251 4405 167 
8349 4838 4835 4721 
8350 3601 3579 3624 
8351 4930 4964 4949 
8352 4964 937 4963 
8353 918 4930 4949 
8354 4964 4963 4949 
8355 4284 4087 4775 
8356 4701 4801 4880 
8357 683 347 4924 
8358 798 4733 4926 
8359 5648 6891 6853 
8360 4959 1996 1995 
8361 5085 1699 4790 
8362 4895 4533 4790 
8363 5085 4790 4868 
8364 2392 329 328 
8365 1318 1177 1178 
8366 5062 5095 5094 
8367 138 4844 4784 
8368 1832 1903 1867 
8369 4705 4704 4651 
8370 4652 4705 4651 
8371 666 761 665 
8372 4937 4975 4974 
8373 4908 675 4936 
8374 4588 4638 136 
8375 4880 4942 4791 
8376 4996 4997 5031 
8377 4730 4727 4793 
8378 4811 476 4749 
8379 4999 5000 5034 
8380 4621 4824 344 
8381 8080 8105 3287 
8382 6614 6651 6650 
8383 4881 4822 4763 
8384 2280 2252 7043 
8385 5062 5063 5095 
8386 1121 6343 1493 
8387 4825 4887 4849 
8388 877 1168 4018 
8389 1331 616 655 
8390 4559 4599 4585 
8391 4801 683 4924 
8392 4949 936 4948 
8393 83 558 285 
8394 4880 4791 4701 
8395 4790 4533 839 
8396 4956 4959 1995 
8397 1211 4184 5018 
8398 4676 4705 4652 
8399 4591 3694 2278 
8400 834 1292 4781 
8401 1120 2409 407 
8402 4913 5072 1025 
8403 684 1635 397 
8404 719 621 720 
8405 2909 2852 1250 
8406 4797 1938 4292 
8407 5090 5092 7053 
8408 4622 4926 4609 
8409 5074 4622 4609 
8410 5397 5396 6507 
8411 4635 18 4755 
8412 403 402 7713 
8413 7641 4578 4576 
8414 683 4801 4696 
8415 4903 1673 1583 
8416 5327 6525 6524 
8417 4928 4790 839 
8418 4612 4695 4942 
8419 560 4699 4959 
8420 4699 1885 4959 
8421 4959 1885 1996 
8422 834 4773 1292 
8423 1969 1968 1932 
8424 4578 4579 4577 
8425 4579 4625 4652 
8426 4577 4579 4652 
8427 4652 4625 4676 
8428 4580 4579 7642 
8429 4758 4644 4667 
8430 4640 4690 4639 
8431 5082 6606 5939 
8432 4875 674 708 
8433 4942 4695 4791 
8434 6712 6736 7032 
8435 4712 4772 5838 
8436 4927 4797 4292 
8437 4602 4655 4654 
8438 4804 4778 4779 
8439 3862 3567 2747 
8440 1603 4724 362 
8441 799 4914 5414 
8442 4736 1769 1719 
8443 5772 8100 8087 
8444 2001 4741 1972 
8445 4563 4603 4562 
8446 944 4994 4971 
8447 944 1082 4994 
8448 4601 4600 4559 
8449 4560 4601 4559 
8450 560 4694 268 
8451 1092 161 4835 
8452 4639 4688 4664 
8453 4625 4705 4676 
8454 5083 4685 4980 
8455 321 4688 376 
8456 4657 4682 4656 
8457 4924 347 639 
8458 4668 5069 4913 
8459 4830 4853 4866 
8460 5044 4145 5986 
8461 975 976 7336 
8462 5838 4714 4712 
8463 1700 1699 4899 
8464 4755 18 4960 
8465 4657 4656 4603 
8466 4605 4657 4603 
8467 4604 4605 4603 
8468 4603 4602 4561 
8469 4574 4702 2734 
8470 4695 4612 4755 
8471 4904 641 4762 
8472 3789 4681 3673 
8473 4835 161 1092 
8474 4721 4835 1092 
8475 4681 4721 1092 
8476 6142 2073 3726 
8477 884 147 4595 
8478 1177 1131 1178 
8479 2316 2383 4564 
8480 2408 1074 2157 
8481 4625 4706 4705 
8482 4706 4707 4705 
8483 7187 7186 7169 
8484 125 197 1424 
8485 3955 8066 8063 
8486 4604 4603 4563 
8487 1969 1932 5020 
8488 641 447 4848 
8489 679 683 4696 
8490 3787 23 1419 
8491 4922 4980 2258 
8492 1942 3477 3284 
8493 4788 4740 4816 
8494 5026 4788 4816 
8495 5769 4714 5805 
8496 4450 4565 4806 
8497 4712 4450 4806 
8498 4565 4647 4646 
8499 4806 4565 4646 
8500 4647 4927 4646 
8501 1725 1250 2852 
8502 4913 5069 4687 
8503 977 938 4965 
8504 4656 4655 4603 
8505 4562 4603 4561 
8506 2392 328 283 
8507 4602 4654 4601 
8508 676 4938 4937 
8509 5096 5097 1025 
8510 4824 4620 344 
8511 1366 4667 1441 
8512 4620 345 344 
8513 4762 4848 4620 
8514 4795 4904 4762 
8515 510 4874 573 
8516 4580 4625 4579 
8517 4677 4707 4706 
8518 4625 4677 4706 
8519 4570 4984 2809 
8520 2383 128 127 
8521 1173 1082 1035 
8522 1673 1650 1651 
8523 4835 5237 1092 
8524 4848 447 4620 
8525 447 40 4620 
8526 112 111 2963 
8527 4590 4639 4638 
8528 4572 2163 6312 
8529 4177 3785 4199 
8530 4702 4816 4957 
8531 4697 4754 4714 
8532 5771 4697 4714 
8533 4754 4450 4712 
8534 4714 4754 4712 
8535 4940 4927 4647 
8536 4877 4797 4927 
8537 4940 4877 4927 
8538 4324 4395 4797 
8539 4877 4324 4797 
8540 3976 8065 2813 
8541 4917 4931 4930 
8542 4893 344 343 
8543 4692 4722 4691 
8544 469 4804 4780 
8545 4823 4784 4903 
8546 469 4780 4717 
8547 5480 6742 6707 
8548 4602 4601 4561 
8549 4995 4996 5031 
8550 4533 560 839 
8551 4755 4904 4679 
8552 560 268 839 
8553 4777 4681 3789 
8554 4453 4433 4796 
8555 7102 7129 7115 
8556 8050 2319 2318 
8557 4626 4625 4580 
8558 4626 4627 4625 
8559 4627 4677 4625 
8560 4999 5034 5033 
8561 4718 4717 4658 
8562 8117 8072 5522 
8563 4613 279 4642 
8564 5032 5065 5064 
8565 4722 4692 384 
8566 4640 4641 4691 
8567 1074 43 2157 
8568 7030 7052 2342 
8569 6525 6573 6572 
8570 1903 1902 1867 
8571 6990 5694 6948 
8572 6969 6968 6917 
8573 6736 3193 2451 
8574 2734 4702 4957 
8575 2408 2157 2259 
8576 4754 4855 4450 
8577 4878 4877 4940 
8578 4941 4878 4940 
8579 4753 4324 4877 
8580 4878 4753 4877 
8581 718 856 4978 
8582 6712 7032 2451 
8583 5521 1517 5060 
8584 4932 4931 4917 
8585 5080 834 4781 
8586 4981 2164 159 
8587 5478 4673 5443 
8588 1308 802 4352 
8589 4847 4781 3140 
8590 5660 2454 5659 
8591 4634 4755 4679 
8592 4701 4791 5003 
8593 5061 4721 4681 
8594 4777 5061 4681 
8595 5061 4838 4721 
8596 4938 4976 4975 
8597 4627 4626 4580 
8598 4627 4707 4677 
8599 4613 4641 4640 
8600 4659 4718 4658 
8601 678 4939 4938 
8602 3784 4613 4640 
8603 4751 384 4787 
8604 578 676 675 
8605 4894 4875 708 
8606 4603 4655 4602 
8607 5944 6293 6284 
8608 6524 6525 6572 
8609 1168 1121 1493 
8610 5673 5695 6950 
8611 4775 4087 558 
8612 2157 6465 3899 
8613 4702 5026 4816 
8614 4855 4617 4565 
8615 4450 4855 4565 
8616 4617 4663 4647 
8617 4565 4617 4647 
8618 4941 4940 4647 
8619 4663 4941 4647 
8620 407 2220 2207 
8621 4614 4615 279 
8622 618 619 678 
8623 5065 5097 5096 
8624 4825 4849 4845 
8625 4938 4939 4976 
8626 5019 5033 5032 
8627 4841 4875 4874 
8628 973 2315 2163 
8629 6682 6705 6656 
8630 4949 4948 918 
8631 3359 6394 3358 
8632 6343 6556 1750 
8633 4694 4956 4954 
8634 268 4694 4954 
8635 4956 1995 4972 
8636 4954 4956 4972 
8637 4839 5061 4777 
8638 4839 4838 5061 
8639 4819 4648 4662 
8640 4684 1025 4648 
8641 4581 4627 4580 
8642 4708 4707 4627 
8643 4708 4738 4707 
8644 4707 4738 4766 
8645 4827 5260 4766 
8646 4659 4658 4606 
8647 362 4724 4752 
8648 4858 510 4811 
8649 4874 4875 4894 
8650 4841 4858 4811 
8651 376 4749 476 
8652 1321 4619 1286 
8653 4665 4615 280 
8654 1584 2622 3684 
8655 923 6417 6416 
8656 5001 923 6416 
8657 6796 5492 5517 
8658 4923 4609 4586 
8659 1074 2408 2315 
8660 4794 4719 4754 
8661 4719 4815 4855 
8662 4754 4719 4855 
8663 4815 4723 4617 
8664 4855 4815 4617 
8665 4723 4666 4663 
8666 4617 4723 4663 
8667 4944 4941 4663 
8668 4666 4944 4663 
8669 1656 2433 69 
8670 4615 4642 279 
8671 4896 4818 5005 
8672 4976 4977 4998 
8673 6418 405 5389 
8674 5017 4645 1932 
8675 1700 1703 1753 
8676 4976 4998 4997 
8677 4937 4938 4975 
8678 4811 4812 4841 
8679 6958 5753 5710 
8680 4867 4866 4853 
8681 4735 4903 1583 
8682 4830 4831 4853 
8683 962 447 4960 
8684 5016 4871 4863 
8685 1703 1637 1704 
8686 639 16 18 
8687 4843 4839 4777 
8688 25 1376 4838 
8689 4839 25 4838 
8690 4920 4921 4969 
8691 4582 4628 4627 
8692 4581 4582 4627 
8693 4627 4709 4708 
8694 4708 4709 4738 
8695 4738 4709 4766 
8696 385 328 329 
8697 4752 5005 4872 
8698 4872 562 5017 
8699 4896 5005 4752 
8700 4858 4841 4874 
8701 4783 4813 4493 
8702 6843 6896 6866 
8703 4821 4434 4850 
8704 4802 83 608 
8705 936 4963 937 
8706 7139 7162 7170 
8707 1266 6345 4549 
8708 4731 4886 4744 
8709 4886 4748 4794 
8710 4744 4886 4794 
8711 4794 4748 4719 
8712 4743 4878 4941 
8713 4944 4743 4941 
8714 4743 4753 4878 
8715 4898 1489 4753 
8716 411 260 2968 
8717 4921 4920 663 
8718 1042 5035 953 
8719 5035 1042 5034 
8720 2157 43 6784 
8721 345 1994 344 
8722 4588 4590 4638 
8723 4788 4793 4817 
8724 4634 4679 4633 
8725 4679 4795 4762 
8726 4759 4762 4621 
8727 4842 4843 4746 
8728 4746 4777 496 
8729 4918 4839 4843 
8730 4842 4918 4843 
8731 4259 86 4304 
8732 5096 1025 4684 
8733 5095 5096 4684 
8734 4628 4678 4627 
8735 4627 4678 4709 
8736 4709 4767 4766 
8737 4767 4828 4827 
8738 950 851 852 
8739 4887 362 418 
8740 4581 7673 4582 
8741 1398 4668 1321 
8742 6173 6148 5921 
8743 8145 8134 2302 
8744 7028 7050 7008 
8745 3321 6640 2159 
8746 912 3321 2159 
8747 6310 6311 6736 
8748 1921 2158 6607 
8749 6687 5106 4545 
8750 1333 8124 8144 
8751 4731 4732 4748 
8752 4886 4731 4748 
8753 4900 4753 4743 
8754 4883 4900 4743 
8755 3896 4898 4753 
8756 4900 3896 4753 
8757 5066 5098 5097 
8758 5065 5066 5097 
8759 664 4921 663 
8760 7164 7172 7195 
8761 4774 4805 4662 
8762 4606 4605 1382 
8763 1832 4851 1903 
8764 4969 4970 1031 
8765 4907 4609 4923 
8766 4907 4923 2815 
8767 4831 4867 4853 
8768 4740 4788 4817 
8769 1995 2049 3185 
8770 4972 1995 1461 
8771 1461 1995 3185 
8772 4746 4776 4842 
8773 4918 4809 4839 
8774 242 4725 241 
8775 4582 4629 4628 
8776 4628 4629 4678 
8777 4678 4629 4709 
8778 4739 4768 4767 
8779 4709 4739 4767 
8780 4767 4829 4828 
8781 424 4812 384 
8782 6745 3351 1117 
8783 6416 6417 4425 
8784 6417 5090 4425 
8785 5172 5126 5173 
8786 5106 5041 4545 
8787 5950 5389 405 
8788 4732 4720 4719 
8789 4748 4732 4719 
8790 4720 4674 4815 
8791 4719 4720 4815 
8792 4674 4782 4723 
8793 4815 4674 4723 
8794 4945 4944 4666 
8795 4672 4945 4666 
8796 4945 4883 4743 
8797 4944 4945 4743 
8798 3248 3778 6431 
8799 424 515 4812 
8800 5019 4999 5033 
8801 7928 7977 7953 
8802 719 812 857 
8803 8077 8125 2811 
8804 4932 4933 4965 
8805 1043 899 1044 
8806 956 4835 4838 
8807 4793 5003 4700 
8808 4803 4842 4776 
8809 4918 649 4809 
8810 4717 4779 4715 
8811 4735 1537 1509 
8812 5048 5032 5063 
8813 4994 1082 1031 
8814 4763 1832 4736 
8815 4744 5039 4731 
8816 4582 4583 4629 
8817 4768 4799 4767 
8818 4767 4799 4829 
8819 4829 4888 4828 
8820 5065 5096 5095 
8821 4864 4905 4888 
8822 8146 8115 6798 
8823 1168 1493 4018 
8824 5947 5992 7084 
8825 4446 713 6758 
8826 5093 4731 4840 
8827 7056 1220 7080 
8828 4636 4592 4732 
8829 4731 4636 4732 
8830 4592 4826 4720 
8831 4732 4592 4720 
8832 4826 4792 4674 
8833 4720 4826 4674 
8834 4792 4729 4782 
8835 4674 4792 4782 
8836 4782 4729 4723 
8837 4729 838 4666 
8838 4723 4729 4666 
8839 4666 838 4672 
8840 838 4947 4945 
8841 4672 838 4945 
8842 4923 3767 4637 
8843 4757 3818 5100 
8844 3818 3801 5100 
8845 4683 4757 4737 
8846 7032 6736 2451 
8847 4874 4894 613 
8848 6705 6704 6656 
8849 4817 4793 4700 
8850 3946 6419 6417 
8851 4776 4862 4803 
8852 4803 4918 4842 
8853 4752 4872 5016 
8854 5032 5064 5063 
8855 1791 5018 4184 
8856 4971 4994 4993 
8857 4784 1719 1673 
8858 4556 4557 4583 
8859 80 8105 3422 
8860 4584 4629 4583 
8861 4653 4710 4709 
8862 4629 4653 4709 
8863 4709 4710 4739 
8864 4768 4769 4799 
8865 4799 4769 4829 
8866 4864 4888 4829 
8867 4852 4864 4829 
8868 312 4809 649 
8869 674 4908 4935 
8870 6809 6810 6860 
8871 1584 1607 2622 
8872 7005 7046 7027 
8873 5090 3455 4425 
8874 5845 5813 7074 
8875 1667 4883 4945 
8876 4947 1667 4945 
8877 1667 4900 4883 
8878 4922 5083 4980 
8879 5067 5099 5066 
8880 4734 5100 4698 
8881 4734 4757 5100 
8882 3635 4742 4814 
8883 4734 4737 4757 
8884 5027 4882 4958 
8885 8123 8146 8088 
8886 5023 1197 4789 
8887 4761 4670 5023 
8888 4760 4862 4670 
8889 4761 4760 4670 
8890 4893 4918 4803 
8891 4893 649 4918 
8892 676 579 677 
8893 719 857 856 
8894 6349 6350 6358 
8895 664 663 567 
8896 669 612 670 
8897 4606 4657 4605 
8898 5218 4704 4705 
8899 5068 1042 1136 
8900 3856 3814 3815 
8901 3304 7388 7387 
8902 4584 4630 4629 
8903 4630 4653 4629 
8904 4710 4769 4768 
8905 4739 4710 4768 
8906 852 768 4935 
8907 6154 5041 5106 
8908 3899 6465 4988 
8909 6918 6917 6896 
8910 6758 3703 1991 
8911 912 5028 159 
8912 5028 912 6685 
8913 6682 6656 6657 
8914 5406 6682 6657 
8915 5689 5739 6891 
8916 5739 5751 6891 
8917 1461 3185 4900 
8918 1667 1461 4900 
8919 4900 3185 3896 
8920 4619 4913 5098 
8921 8095 8101 8070 
8922 6854 5627 5588 
8923 6099 6174 6389 
8924 2165 2166 3192 
8925 7170 7187 7169 
8926 4742 4816 1656 
8927 4814 4742 1656 
8928 4816 4879 4873 
8929 1656 4816 4873 
8930 4879 4740 4873 
8931 4669 4698 4873 
8932 4740 4669 4873 
8933 4669 4734 4698 
8934 4611 4683 4737 
8935 4611 1377 4683 
8936 5003 4791 4700 
8937 4761 5023 4789 
8938 4661 4761 4789 
8939 4760 4803 4862 
8940 4803 4876 4893 
8941 1470 4783 1398 
8942 708 674 768 
8943 4648 4819 4644 
8944 750 1677 4724 
8945 664 567 568 
8946 4725 4950 1791 
8947 1441 4667 1509 
8948 612 613 670 
8949 5099 1286 5098 
8950 4631 4630 4584 
8951 4630 4631 4653 
8952 4710 4711 4769 
8953 4830 4829 4769 
8954 4830 4852 4829 
8955 2291 7936 7937 
8956 2377 2157 3899 
8957 3610 6196 5921 
8958 3320 2337 5006 
8959 8082 8139 8079 
8960 5004 4592 4636 
8961 4861 5004 4636 
8962 4592 4910 4826 
8963 4910 4792 4826 
8964 838 4953 4947 
8965 4953 1461 1667 
8966 4947 4953 1667 
8967 4699 1886 1885 
8968 4636 4731 5093 
8969 7744 7770 7769 
8970 4742 4957 4816 
8971 4816 4740 4879 
8972 4817 4669 4740 
8973 4700 4734 4669 
8974 4817 4700 4669 
8975 4633 4789 4611 
8976 4892 4633 4611 
8977 4633 4661 4789 
8978 4679 4761 4661 
8979 4633 4679 4661 
8980 4621 4803 4760 
8981 4803 4621 4876 
8982 5016 4872 4871 
8983 679 4696 834 
8984 4863 1832 4763 
8985 4971 4970 4921 
8986 4750 4787 4812 
8987 4642 4665 280 
8988 558 4884 4775 
8989 157 1298 1489 
8990 558 4802 4884 
8991 4265 1489 4898 
8992 4642 280 4692 
8993 4598 4631 4584 
8994 4653 4631 4710 
8995 4711 4631 5178 
8996 4711 4770 4769 
8997 4770 4800 4769 
8998 4769 4800 4830 
8999 4830 4865 4864 
9000 4852 4830 4864 
9001 3007 8133 553 
9002 6612 5472 6641 
9003 1563 4393 7052 
9004 4587 912 159 
9005 7569 7595 7568 
9006 7553 7614 7552 
9007 4586 4594 5004 
9008 4861 4586 5004 
9009 5004 4594 4592 
9010 4594 4733 4910 
9011 4592 4594 4910 
9012 4733 4928 4792 
9013 4910 4733 4792 
9014 4928 839 4729 
9015 4792 4928 4729 
9016 268 838 4729 
9017 839 268 4729 
9018 268 4954 4953 
9019 838 268 4953 
9020 7648 7698 7676 
9021 2001 1972 2003 
9022 3277 2376 923 
9023 404 1265 3930 
9024 4833 4737 4734 
9025 4700 4833 4734 
9026 4892 4611 4737 
9027 4679 4760 4761 
9028 4760 4759 4621 
9029 4876 4621 4893 
9030 4851 1904 1903 
9031 4615 4665 4642 
9032 7673 7717 4582 
9033 1971 4741 2001 
9034 4725 242 1242 
9035 1242 4284 4775 
9036 4725 1242 4775 
9037 608 125 4802 
9038 4492 809 5203 
9039 6040 5167 5228 
9040 4332 5053 1155 
9041 1155 5053 994 
9042 4770 4771 4800 
9043 4830 4866 4865 
9044 4865 4866 4864 
9045 4866 4914 799 
9046 4864 4866 799 
9047 3265 8118 8069 
9048 3627 6535 3628 
9049 6419 5092 5090 
9050 4550 6622 6606 
9051 5670 5711 5710 
9052 6390 6715 6869 
9053 5093 4586 4861 
9054 4954 4972 1461 
9055 4953 4954 1461 
9056 186 3778 3248 
9057 1167 310 2409 
9058 4561 4560 7919 
9059 923 3946 6417 
9060 2157 2377 2259 
9061 4791 4833 4700 
9062 4791 4737 4833 
9063 4695 4892 4737 
9064 4791 4695 4737 
9065 4695 4633 4892 
9066 4762 4760 4679 
9067 4760 4762 4759 
9068 4621 344 4893 
9069 4118 5482 4158 
9070 207 3816 1607 
9071 248 922 2664 
9072 6045 5935 5981 
9073 3798 3747 3748 
9074 6212 6247 6246 
9075 4444 4423 6213 
9076 1345 1512 3942 
9077 1269 5996 6106 
9078 6211 6212 6246 
9079 5516 5961 6046 
9080 6158 1018 1427 
9081 5141 2095 5131 
9082 5131 5500 5141 
9083 5500 2622 5141 
9084 1628 3689 1730 
9085 6248 6276 1558 
9086 5341 5380 4917 
9087 5340 5341 4917 
9088 2257 5014 5951 
9089 6124 5989 4148 
9090 4393 5131 2095 
9091 5205 3684 5705 
9092 5500 5205 5705 
9093 6378 6080 5979 
9094 5979 6083 6378 
9095 7949 7995 7948 
9096 4307 4279 4308 
9097 4490 3779 1584 
9098 6745 5083 5787 
9099 5132 5205 5500 
9100 5131 5132 5500 
9101 6391 5951 8115 
9102 1558 3311 5990 
9103 779 1743 5499 
9104 3821 779 5499 
9105 314 1563 1743 
9106 779 314 1743 
9107 314 5133 5131 
9108 1563 314 5131 
9109 5131 5133 5132 
9110 5133 5142 5205 
9111 5132 5133 5205 
9112 5142 5146 3684 
9113 5205 5142 3684 
9114 5146 1290 1584 
9115 3684 5146 1584 
9116 1290 3953 4490 
9117 1584 1290 4490 
9118 4343 3529 4322 
9119 1290 2714 3953 
9120 5142 1290 5146 
9121 1290 3142 2714 
9122 5232 2376 3277 
9123 5420 3821 3937 
9124 4025 5420 3937 
9125 3799 779 3821 
9126 5420 3799 3821 
9127 3799 4326 314 
9128 779 3799 314 
9129 4326 5134 5133 
9130 314 4326 5133 
9131 5134 534 5142 
9132 5133 5134 5142 
9133 534 1945 5142 
9134 1945 2271 1290 
9135 5142 1945 1290 
9136 2271 3223 1290 
9137 1290 3223 3142 
9138 5134 1945 534 
9139 5164 4128 3142 
9140 3223 5164 3142 
9141 7091 7090 6282 
9142 4427 1415 4025 
9143 3734 4427 4025 
9144 1415 5423 5420 
9145 4025 1415 5420 
9146 4015 3799 5420 
9147 5423 4015 5420 
9148 4015 3948 4326 
9149 3799 4015 4326 
9150 5134 5562 1945 
9151 2271 3003 3223 
9152 3223 3003 5164 
9153 4546 4981 3622 
9154 3948 5135 5134 
9155 4326 3948 5134 
9156 5134 5135 5562 
9157 5135 1787 1945 
9158 5562 5135 1945 
9159 1787 5145 2271 
9160 1945 1787 2271 
9161 5145 997 3003 
9162 2271 5145 3003 
9163 3003 997 5164 
9164 5164 997 4177 
9165 4015 160 3948 
9166 3948 160 5135 
9167 6034 5988 5983 
9168 4013 1415 4427 
9169 3817 4013 4427 
9170 5269 5423 1415 
9171 4013 5269 1415 
9172 5269 5774 4015 
9173 5423 5269 4015 
9174 5774 3972 4015 
9175 3972 2962 160 
9176 4015 3972 160 
9177 2962 5136 5135 
9178 160 2962 5135 
9179 5136 5143 1787 
9180 5135 5136 1787 
9181 1787 5143 5145 
9182 5143 5312 997 
9183 5145 5143 997 
9184 5312 3785 997 
9185 5337 4013 3817 
9186 5158 3972 5774 
9187 5269 5158 5774 
9188 5448 5427 2141 
9189 5158 5269 4013 
9190 5337 5158 4013 
9191 5136 5457 5143 
9192 6906 5670 5627 
9193 5252 5301 5300 
9194 4098 3817 5446 
9195 4294 4098 5446 
9196 4295 5337 3817 
9197 4098 4295 3817 
9198 4295 3056 5158 
9199 5337 4295 5158 
9200 3056 1392 3972 
9201 5158 3056 3972 
9202 1392 5344 2962 
9203 3972 1392 2962 
9204 5344 5270 5136 
9205 2962 5344 5136 
9206 5270 5311 5457 
9207 5136 5270 5457 
9208 5311 4885 5143 
9209 5457 5311 5143 
9210 5143 4885 5312 
9211 5312 4885 3785 
9212 5344 5311 5270 
9213 3101 1553 1591 
9214 4882 3537 4294 
9215 5344 5361 5311 
9216 5311 5575 4885 
9217 5059 3321 2164 
9218 3537 4098 4294 
9219 3404 4295 4098 
9220 3537 3404 4098 
9221 3404 1691 3056 
9222 4295 3404 3056 
9223 1691 5165 1392 
9224 3056 1691 1392 
9225 5165 5313 5344 
9226 1392 5165 5344 
9227 5313 5227 5361 
9228 5344 5313 5361 
9229 5227 5602 5311 
9230 5361 5227 5311 
9231 5602 712 5575 
9232 5311 5602 5575 
9233 712 86 4885 
9234 5575 712 4885 
9235 126 5128 125 
9236 5165 5227 5313 
9237 5227 712 5602 
9238 5309 506 5310 
9239 5326 5298 5299 
9240 5380 4932 4917 
9241 5201 5225 4680 
9242 4559 4632 4599 
9243 8091 8081 8133 
9244 2321 2320 8050 
9245 6257 5610 5954 
9246 5395 3500 406 
9247 759 5362 3526 
9248 6244 6245 5357 
9249 1159 254 250 
9250 5323 5322 5321 
9251 6307 5944 6337 
9252 5123 5718 3508 
9253 1662 3612 6112 
9254 4806 1792 4712 
9255 3321 912 2164 
9256 5187 3537 4882 
9257 5166 5187 4882 
9258 4371 3404 3537 
9259 5187 4371 3537 
9260 4371 5157 1691 
9261 3404 4371 1691 
9262 5157 5530 5165 
9263 1691 5157 5165 
9264 5530 1387 5165 
9265 1387 5160 5227 
9266 5165 1387 5227 
9267 5160 3841 5227 
9268 3841 4251 712 
9269 5227 3841 712 
9270 712 4251 86 
9271 3500 5395 406 
9272 6246 6247 6274 
9273 6247 6275 6274 
9274 6112 6064 5576 
9275 1452 1539 2955 
9276 4491 4274 2955 
9277 543 1452 2955 
9278 5115 2292 2343 
9279 1562 408 1526 
9280 4861 4636 5093 
9281 3818 4683 5154 
9282 5961 5516 6006 
9283 748 5783 5782 
9284 1742 6105 6231 
9285 6056 3907 5130 
9286 2535 369 199 
9287 6275 3667 5881 
9288 5297 5324 5323 
9289 5576 203 5959 
9290 6043 5231 5922 
9291 203 5123 5959 
9292 5899 5654 6116 
9293 7488 7517 7541 
9294 5157 1387 5530 
9295 1387 3841 5160 
9296 5140 5147 5261 
9297 6054 5875 5926 
9298 4154 4375 3954 
9299 5892 3823 5603 
9300 6053 5487 3312 
9301 5949 5603 3508 
9302 5718 5949 3508 
9303 5775 5751 5776 
9304 5809 5808 5775 
9305 5776 5809 5775 
9306 5809 5841 5808 
9307 4274 543 2955 
9308 4649 1126 1270 
9309 7847 7846 7794 
9310 4860 5502 5166 
9311 5027 4860 5166 
9312 5502 5538 5166 
9313 2800 5187 5166 
9314 5538 2800 5166 
9315 2800 5314 4371 
9316 5187 2800 4371 
9317 5314 5359 5157 
9318 4371 5314 5157 
9319 5359 1534 5157 
9320 1534 3858 1387 
9321 5157 1534 1387 
9322 3858 5271 3841 
9323 1387 3858 3841 
9324 4405 4251 3841 
9325 5271 4405 3841 
9326 5201 4682 5225 
9327 4411 6120 5304 
9328 3846 3498 5320 
9329 2239 1273 1269 
9330 5648 5690 5689 
9331 5690 5740 5739 
9332 5740 5751 5739 
9333 5777 5776 5740 
9334 5810 5809 5776 
9335 5777 5810 5776 
9336 5810 5841 5809 
9337 5462 5963 5253 
9338 2005 1938 4491 
9339 6236 6166 5704 
9340 4767 4827 4766 
9341 7795 7847 7794 
9342 3858 4016 5271 
9343 4754 4697 4794 
9344 6419 5091 5092 
9345 4654 5183 4600 
9346 5369 5889 6078 
9347 3563 3857 6038 
9348 6245 6273 5664 
9349 6241 6269 6255 
9350 2049 2016 2050 
9351 5567 5582 5606 
9352 5648 5665 5690 
9353 5842 5841 5810 
9354 1294 933 533 
9355 4272 933 1465 
9356 1938 4274 4491 
9357 4712 1792 4772 
9358 1929 5502 4860 
9359 5502 2800 5538 
9360 5314 1534 5359 
9361 5261 1869 2218 
9362 5903 687 6094 
9363 3584 5392 5653 
9364 6047 5714 5687 
9365 5936 3561 6219 
9366 5505 5542 5567 
9367 5532 5505 5567 
9368 5567 5542 5582 
9369 5542 5583 5606 
9370 5582 5542 5606 
9371 5583 5623 5648 
9372 5606 5583 5648 
9373 5648 5623 5665 
9374 5623 5691 5690 
9375 5665 5623 5690 
9376 5691 5741 5740 
9377 5690 5691 5740 
9378 5778 5777 5740 
9379 5741 5778 5740 
9380 5811 5810 5777 
9381 5778 5811 5777 
9382 5843 5842 5810 
9383 5811 5843 5810 
9384 5843 5841 5842 
9385 1247 4272 5841 
9386 5843 1247 5841 
9387 533 933 4272 
9388 1247 533 4272 
9389 1690 1938 2005 
9390 4744 5733 5702 
9391 490 4327 3762 
9392 4745 5050 4860 
9393 4097 2800 5502 
9394 1929 4097 5502 
9395 4097 3877 5314 
9396 2800 4097 5314 
9397 3877 5156 1534 
9398 5314 3877 1534 
9399 5156 5621 3858 
9400 1534 5156 3858 
9401 5621 5345 4016 
9402 3858 5621 4016 
9403 5345 4850 5271 
9404 4016 5345 5271 
9405 4850 4434 4405 
9406 5271 4850 4405 
9407 1792 4806 3368 
9408 5392 3584 3609 
9409 3499 5961 6006 
9410 5653 6047 5687 
9411 5464 5506 5505 
9412 5506 5542 5505 
9413 5583 5607 5623 
9414 5691 5742 5741 
9415 5858 1247 5843 
9416 5156 5345 5621 
9417 5291 5309 5290 
9418 4794 5771 5733 
9419 4744 4794 5733 
9420 4798 4766 5260 
9421 4716 4715 4682 
9422 3499 5479 5961 
9423 2569 5392 3609 
9424 5479 6057 6046 
9425 5881 6138 6137 
9426 5664 5881 6137 
9427 5428 5429 5464 
9428 5464 5486 5506 
9429 5742 5779 5778 
9430 5741 5742 5778 
9431 5779 5811 5778 
9432 422 1294 747 
9433 921 1192 3987 
9434 496 4777 3789 
9435 5189 6745 5787 
9436 3877 4206 5156 
9437 3788 5919 5563 
9438 5225 5268 5245 
9439 1192 921 1690 
9440 3368 921 3987 
9441 5961 5479 6046 
9442 5895 2569 3609 
9443 6138 3990 4029 
9444 5392 6047 5653 
9445 6137 6138 4029 
9446 5430 5465 5464 
9447 5429 5430 5464 
9448 5464 5465 5486 
9449 5465 5507 5506 
9450 5486 5465 5506 
9451 5507 5543 5542 
9452 5506 5507 5542 
9453 5543 5544 5542 
9454 5544 5584 5583 
9455 5542 5544 5583 
9456 5583 5584 5607 
9457 5584 5624 5623 
9458 5607 5584 5623 
9459 5624 5666 5623 
9460 5623 5666 5691 
9461 5666 5708 5691 
9462 5691 5708 5742 
9463 5708 5780 5779 
9464 5742 5708 5779 
9465 5812 5811 5779 
9466 5780 5812 5779 
9467 5812 5823 5811 
9468 5844 5843 5811 
9469 5823 5844 5811 
9470 2959 5858 5843 
9471 5844 2959 5843 
9472 1663 1247 5858 
9473 2959 1663 5858 
9474 747 533 1247 
9475 1663 747 1247 
9476 3368 3987 2954 
9477 1792 3368 2954 
9478 557 456 1345 
9479 995 4097 1929 
9480 5198 995 1929 
9481 995 5422 4097 
9482 5422 4530 3877 
9483 4097 5422 3877 
9484 4530 3866 4206 
9485 3877 4530 4206 
9486 3866 5358 5156 
9487 4206 3866 5156 
9488 5358 5155 5156 
9489 5155 4346 5345 
9490 5156 5155 5345 
9491 4346 4821 4850 
9492 5345 4346 4850 
9493 5338 4915 4867 
9494 5291 5290 5245 
9495 3876 3185 2049 
9496 921 1938 1690 
9497 4029 3990 5194 
9498 3990 5253 5194 
9499 5396 5430 5429 
9500 5507 5544 5543 
9501 5666 5667 5708 
9502 5812 5844 5823 
9503 2959 747 1663 
9504 3447 5885 3782 
9505 6345 4569 4549 
9506 5422 3866 4530 
9507 6750 6786 5549 
9508 5245 5222 5223 
9509 6057 5884 6081 
9510 5905 1125 5850 
9511 5253 5963 4467 
9512 5122 5168 5121 
9513 5168 5191 5167 
9514 1792 2954 5837 
9515 4680 5224 5183 
9516 5289 5288 5244 
9517 4933 4932 5380 
9518 5516 5899 6116 
9519 5118 5516 6116 
9520 4467 3470 6105 
9521 5397 5431 5430 
9522 5396 5397 5430 
9523 5431 5466 5465 
9524 5430 5431 5465 
9525 5466 5508 5507 
9526 5465 5466 5507 
9527 5508 5533 5507 
9528 5533 5545 5544 
9529 5507 5533 5544 
9530 5545 5585 5584 
9531 5544 5545 5584 
9532 5584 5585 5624 
9533 5624 5667 5666 
9534 5593 747 2225 
9535 7539 7574 7603 
9536 5422 995 3866 
9537 4670 4897 4776 
9538 6046 6057 6081 
9539 5884 5955 5454 
9540 6081 5884 5454 
9541 5955 3658 5924 
9542 5387 3906 3893 
9543 4282 616 1331 
9544 5168 5206 5191 
9545 4772 1792 5837 
9546 5805 4772 5804 
9547 5454 5955 5924 
9548 5462 5985 6114 
9549 5895 3609 6114 
9550 5585 5625 5624 
9551 5625 5649 5624 
9552 5649 5668 5667 
9553 5624 5649 5667 
9554 5668 5709 5708 
9555 5667 5668 5708 
9556 5709 5752 5708 
9557 5752 5780 5708 
9558 5752 5813 5812 
9559 5780 5752 5812 
9560 5845 5844 5812 
9561 5813 5845 5812 
9562 4725 4909 5246 
9563 5985 5895 6114 
9564 3658 6179 5924 
9565 3831 5197 5198 
9566 4519 3831 5198 
9567 4373 995 5198 
9568 5197 4373 5198 
9569 4373 5426 3866 
9570 995 4373 3866 
9571 5426 3084 5358 
9572 3866 5426 5358 
9573 5358 3084 5155 
9574 3084 1021 4346 
9575 5155 3084 4346 
9576 1021 4713 4821 
9577 4346 1021 4821 
9578 4776 4897 4862 
9579 3576 3585 5294 
9580 3577 5295 5913 
9581 2409 310 5232 
9582 4688 321 275 
9583 5769 5805 5768 
9584 6179 4902 6163 
9585 5924 6179 6163 
9586 3367 3311 5462 
9587 3311 5985 5462 
9588 7044 2280 7043 
9589 5051 3245 1923 
9590 1197 4670 3267 
9591 5990 3311 3367 
9592 6069 5990 3367 
9593 773 1606 714 
9594 6133 3629 3633 
9595 5110 5122 5108 
9596 5110 5148 5122 
9597 5169 5168 5122 
9598 5148 5169 5122 
9599 5207 5206 5168 
9600 5169 5207 5168 
9601 5207 5230 5206 
9602 7311 7371 7345 
9603 5230 4179 5206 
9604 5306 5307 5573 
9605 76 1630 2939 
9606 5977 6029 5928 
9607 5365 5398 5397 
9608 5364 5365 5397 
9609 5398 5432 5431 
9610 5397 5398 5431 
9611 5432 5467 5466 
9612 5431 5432 5466 
9613 5467 5468 5466 
9614 5468 5509 5508 
9615 5466 5468 5508 
9616 5508 5509 5533 
9617 5509 5546 5545 
9618 5533 5509 5545 
9619 5546 5586 5585 
9620 5545 5546 5585 
9621 5586 5626 5625 
9622 5585 5586 5625 
9623 5625 5626 5649 
9624 5626 5669 5668 
9625 5649 5626 5668 
9626 5669 5710 5709 
9627 5668 5669 5709 
9628 5709 5710 5752 
9629 1558 5990 6069 
9630 5813 7039 5824 
9631 3667 1558 6069 
9632 5116 6061 6282 
9633 2280 1314 2252 
9634 3944 5663 4046 
9635 5256 5277 6481 
9636 3670 1197 3267 
9637 6240 6056 6074 
9638 6239 6240 6074 
9639 3470 5652 6105 
9640 5652 5255 6105 
9641 5404 3632 5418 
9642 5490 5912 5933 
9643 5475 5371 5933 
9644 5805 5804 5768 
9645 5109 5108 5107 
9646 5170 5169 5148 
9647 5110 5170 5148 
9648 5207 4179 5230 
9649 2714 3142 4092 
9650 4772 5837 5804 
9651 5586 5608 5626 
9652 5710 5753 5752 
9653 6269 1662 3907 
9654 5262 5539 3831 
9655 5539 3418 5197 
9656 3831 5539 5197 
9657 5501 4373 5197 
9658 3418 5501 5197 
9659 5501 5822 5426 
9660 4373 5501 5426 
9661 5822 4073 5426 
9662 4073 1939 3084 
9663 5426 4073 3084 
9664 1939 4028 1021 
9665 3084 1939 1021 
9666 5594 5553 5595 
9667 3322 7438 7387 
9668 3900 1197 3670 
9669 5186 3396 6143 
9670 5580 5565 4566 
9671 5170 5207 5169 
9672 5322 5365 5347 
9673 5365 5399 5398 
9674 5399 5433 5432 
9675 5398 5399 5432 
9676 5433 5468 5467 
9677 5432 5433 5467 
9678 6906 6958 5711 
9679 7269 7318 7317 
9680 8079 8125 8077 
9681 4573 3694 3639 
9682 5391 5580 5416 
9683 4764 4765 4798 
9684 5149 5170 5110 
9685 5111 5149 5110 
9686 5208 5207 5170 
9687 5149 5208 5170 
9688 5250 4179 5207 
9689 5208 5250 5207 
9690 5250 5273 4179 
9691 5297 5298 5324 
9692 5348 5322 5323 
9693 5324 5348 5323 
9694 5366 5365 5322 
9695 5348 5366 5322 
9696 5366 5400 5399 
9697 5365 5366 5399 
9698 5400 5434 5433 
9699 5399 5400 5433 
9700 5434 5469 5468 
9701 5433 5434 5468 
9702 5469 5510 5509 
9703 5468 5469 5509 
9704 5510 5547 5546 
9705 5509 5510 5546 
9706 5547 5587 5586 
9707 5546 5547 5586 
9708 5586 5587 5608 
9709 5587 5627 5626 
9710 5608 5587 5626 
9711 5626 5627 5669 
9712 5669 5670 5710 
9713 5294 3559 3630 
9714 5732 5769 5730 
9715 5769 5768 5730 
9716 5327 6042 5328 
9717 5147 3761 1869 
9718 5732 5730 5731 
9719 5732 5731 3616 
9720 3953 2714 3260 
9721 1157 5139 5129 
9722 5501 4073 5822 
9723 7838 4898 3896 
9724 3761 3900 3670 
9725 185 4296 4017 
9726 1065 5580 5391 
9727 7167 5111 5110 
9728 5547 5548 5587 
9729 6235 6168 6003 
9730 5244 5288 5266 
9731 3222 5263 5262 
9732 5353 3951 3346 
9733 5263 5528 5539 
9734 5262 5263 5539 
9735 5528 5747 3418 
9736 5539 5528 3418 
9737 5620 5501 3418 
9738 5747 5620 3418 
9739 5620 1672 4073 
9740 5501 5620 4073 
9741 1672 3250 1939 
9742 4073 1672 1939 
9743 573 4874 612 
9744 6129 1621 6130 
9745 4300 1065 5391 
9746 5447 4300 5391 
9747 4300 5580 1065 
9748 4300 1003 5580 
9749 5324 5325 5349 
9750 5510 5548 5547 
9751 4828 5260 4827 
9752 3250 4906 4595 
9753 5273 5299 5298 
9754 5620 5736 1672 
9755 6804 5588 5549 
9756 4864 5379 4905 
9757 5261 5147 1869 
9758 5150 5149 5111 
9759 5112 5150 5111 
9760 5209 5208 5149 
9761 5150 5209 5149 
9762 5251 5250 5208 
9763 5209 5251 5208 
9764 5274 5273 5250 
9765 5251 5274 5250 
9766 7684 7705 7683 
9767 5349 5348 5324 
9768 5326 5324 5298 
9769 5367 5366 5348 
9770 5349 5367 5348 
9771 5367 5401 5400 
9772 5366 5367 5400 
9773 5401 5435 5434 
9774 5400 5401 5434 
9775 5435 5470 5469 
9776 5434 5435 5469 
9777 5470 5511 5510 
9778 5469 5470 5510 
9779 5511 5512 5510 
9780 5512 5549 5548 
9781 5510 5512 5548 
9782 5549 5588 5587 
9783 5548 5549 5587 
9784 5861 2322 5952 
9785 3621 5992 5947 
9786 6908 6960 6959 
9787 4697 5771 4794 
9788 6164 5890 6176 
9789 5129 2218 5444 
9790 5267 5244 5222 
9791 5341 4869 5380 
9792 5224 5245 5223 
9793 3222 5528 5263 
9794 3279 8114 1725 
9795 5011 2141 5427 
9796 1167 1120 5845 
9797 2376 3946 923 
9798 1117 3351 5498 
9799 1489 4265 157 
9800 3974 4300 5447 
9801 5210 5209 5150 
9802 7567 7622 7566 
9803 7622 7648 7621 
9804 5325 5367 5349 
9805 5470 5512 5511 
9806 6209 6210 6244 
9807 5934 3549 5935 
9808 3549 5490 5935 
9809 4279 4261 6139 
9810 3879 790 3420 
9811 1120 1167 2409 
9812 157 23 1298 
9813 5326 5299 6042 
9814 157 1935 23 
9815 1219 3821 5499 
9816 6737 6755 6704 
9817 7924 7897 7898 
9818 5773 5747 5528 
9819 3985 5773 5528 
9820 5773 5578 5620 
9821 5747 5773 5620 
9822 5578 4229 5736 
9823 5620 5578 5736 
9824 4229 1100 1672 
9825 5736 4229 1672 
9826 1100 4906 3250 
9827 1672 1100 3250 
9828 3767 7557 4637 
9829 3250 5037 4906 
9830 3942 4300 3974 
9831 637 3942 3974 
9832 3942 1512 4300 
9833 5159 4632 4600 
9834 5113 5150 5112 
9835 5274 5251 5252 
9836 2691 304 4297 
9837 4192 2691 4297 
9838 6152 5861 5952 
9839 6036 5655 4046 
9840 1742 6231 5948 
9841 5949 5892 5603 
9842 5980 5930 6133 
9843 799 5379 4864 
9844 9 1799 4523 
9845 5219 5240 5239 
9846 5180 5200 5179 
9847 5180 5179 5137 
9848 2798 1936 304 
9849 2691 2798 304 
9850 3151 637 2961 
9851 5389 2961 637 
9852 5151 5150 5113 
9853 5114 5151 5113 
9854 5151 5171 5150 
9855 5211 5210 5150 
9856 5171 5211 5150 
9857 5211 5209 5210 
9858 5252 5251 5209 
9859 5211 5252 5209 
9860 3986 3173 1936 
9861 2798 3986 1936 
9862 5350 5325 5326 
9863 3483 8107 3450 
9864 5368 5367 5325 
9865 5350 5368 5325 
9866 5368 5402 5401 
9867 5367 5368 5401 
9868 5402 5436 5435 
9869 5401 5402 5435 
9870 5436 5471 5470 
9871 5435 5436 5470 
9872 5471 5472 5470 
9873 5470 5472 5512 
9874 5653 5687 5652 
9875 5652 5748 5255 
9876 3526 5362 5936 
9877 6052 5980 6133 
9878 6041 6029 5247 
9879 5854 5319 6024 
9880 3732 5923 6076 
9881 4655 5201 4680 
9882 4867 4915 3908 
9883 4917 4930 4916 
9884 1526 2087 4315 
9885 3986 3859 3094 
9886 3173 3986 3094 
9887 5773 4229 5578 
9888 496 4776 4746 
9889 5053 4846 5071 
9890 790 1157 3859 
9891 3859 5129 5120 
9892 3094 3859 5120 
9893 60 146 2690 
9894 5436 5472 5471 
9895 6247 6248 3667 
9896 6167 6153 7035 
9897 3836 5879 5551 
9898 6045 5981 5295 
9899 5890 6340 6035 
9900 3250 5029 1939 
9901 6132 6133 3633 
9902 6186 5387 3893 
9903 5750 5896 3445 
9904 5491 5750 3445 
9905 5326 5327 5350 
9906 5645 5644 5572 
9907 5496 5645 5572 
9908 5129 5444 5425 
9909 3346 4227 836 
9910 5685 3346 836 
9911 4227 1987 3985 
9912 836 4227 3985 
9913 1987 2346 5773 
9914 3985 1987 5773 
9915 2346 5188 4229 
9916 5773 2346 4229 
9917 1112 1100 4229 
9918 5188 1112 4229 
9919 69 2433 3819 
9920 5120 5129 5425 
9921 5444 2218 202 
9922 5425 5444 202 
9923 557 3151 2961 
9924 557 637 3151 
9925 1345 3942 637 
9926 557 1345 637 
9927 8021 8020 7973 
9928 2218 3039 2644 
9929 202 2218 2644 
9930 7898 7897 7846 
9931 3857 3563 6014 
9932 6248 1558 3667 
9933 6099 6175 6174 
9934 5791 5814 5105 
9935 5756 5791 5105 
9936 5087 5105 5814 
9937 5814 5847 5087 
9938 5847 4226 258 
9939 5715 5716 7029 
9940 4226 2872 258 
9941 5462 3609 5963 
9942 5645 5661 5644 
9943 3039 1342 2635 
9944 3346 4053 4227 
9945 4227 4053 1987 
9946 1225 2987 1202 
9947 3859 1157 5129 
9948 2644 3039 2635 
9949 3789 3673 2635 
9950 1342 3789 2635 
9951 5730 5729 5701 
9952 211 195 263 
9953 146 60 114 
9954 4682 5201 4655 
9955 3627 3581 3558 
9956 4895 1751 1811 
9957 4765 4764 4707 
9958 285 4087 4284 
9959 5212 5211 5171 
9960 7874 7924 7898 
9961 5958 203 6064 
9962 8110 8117 5522 
9963 1701 808 3564 
9964 3569 1942 3530 
9965 5695 5717 5716 
9966 5717 5757 5756 
9967 5716 5717 5756 
9968 5756 5757 5791 
9969 5757 5792 5814 
9970 5791 5757 5814 
9971 5792 5848 5847 
9972 5814 5792 5847 
9973 5848 33 4226 
9974 5847 5848 4226 
9975 33 182 2872 
9976 4226 33 2872 
9977 5152 5126 5172 
9978 182 713 2872 
9979 6243 6271 6270 
9980 1192 1690 1196 
9981 1690 4491 4348 
9982 1587 1192 1196 
9983 613 612 4874 
9984 3616 5730 5701 
9985 5296 557 809 
9986 2954 213 5836 
9987 5837 2954 5836 
9988 4600 5183 5159 
9989 4167 1017 1252 
9990 5789 5580 1003 
9991 5317 5589 5551 
9992 6185 1171 1621 
9993 6990 5695 5694 
9994 5717 5745 5757 
9995 4107 5685 836 
9996 5925 6043 5866 
9997 5650 5925 5866 
9998 6001 5852 3871 
9999 4491 2955 3868 
10000 4348 4491 3868 
10001 6645 4951 4982 
10002 3916 3940 4308 
10003 3951 3800 4053 
10004 3346 3951 4053 
10005 3800 3283 1987 
10006 4053 3800 1987 
10007 3283 3770 2346 
10008 1987 3283 2346 
10009 3770 5071 5188 
10010 2346 3770 5188 
10011 4682 4715 5225 
10012 1006 69 3819 
10013 5139 5261 5129 
10014 5768 5767 5729 
10015 5730 5768 5729 
10016 5144 1417 298 
10017 1417 1456 141 
10018 4520 5203 1456 
10019 1417 4520 1456 
10020 4520 4492 5203 
10021 4492 4473 809 
10022 4711 4771 4770 
10023 3581 3627 3606 
10024 5967 298 1456 
10025 7746 7796 7745 
10026 6256 6257 6276 
10027 6248 6256 6276 
10028 5783 3837 3386 
10029 2991 1520 602 
10030 6257 5954 1558 
10031 6276 6257 1558 
10032 5757 5793 5792 
10033 5853 2214 33 
10034 5848 5853 33 
10035 4323 182 33 
10036 2214 4323 33 
10037 5852 5882 3871 
10038 1701 3564 2897 
10039 4771 5264 4831 
10040 310 2376 5232 
10041 4698 5100 3801 
10042 883 8118 3265 
10043 3770 5737 5071 
10044 1938 4797 4274 
10045 5442 5144 298 
10046 4448 5144 3400 
10047 671 263 313 
10048 6159 6285 6035 
10049 544 3267 496 
10050 7074 1167 5845 
10051 1690 2005 4491 
10052 5768 5804 5767 
10053 5804 5803 5767 
10054 5820 5819 5803 
10055 5804 5820 5803 
10056 5820 5837 5836 
10057 5819 5820 5836 
10058 2954 3987 1209 
10059 213 2954 1209 
10060 1192 1587 1209 
10061 3987 1192 1209 
10062 5954 3871 3311 
10063 1558 5954 3311 
10064 5947 3416 5908 
10065 3218 5009 2343 
10066 3871 3687 5985 
10067 3311 3871 5985 
10068 3687 5916 5895 
10069 5985 3687 5895 
10070 6092 5329 5385 
10071 6004 6005 5872 
10072 5329 5302 5385 
10073 3716 3019 5852 
10074 5719 5758 5757 
10075 5944 5515 6010 
10076 5758 5794 5793 
10077 5757 5758 5793 
10078 5794 5792 5793 
10079 5794 5826 5848 
10080 5792 5794 5848 
10081 5848 5826 5853 
10082 5826 446 2214 
10083 5853 5826 2214 
10084 1457 4323 2214 
10085 446 1457 2214 
10086 1457 182 4323 
10087 853 713 182 
10088 1457 853 182 
10089 853 4231 713 
10090 4250 3703 713 
10091 4231 4250 713 
10092 3607 3608 4165 
10093 7874 7847 7848 
10094 5478 5790 6037 
10095 5906 5529 5821 
10096 1539 1102 3868 
10097 4806 4646 3368 
10098 6951 6645 4982 
10099 5275 5301 5252 
10100 2159 6640 4984 
10101 6301 6302 6709 
10102 5343 5144 4448 
10103 5686 1417 5144 
10104 5037 3250 4906 
10105 4831 4830 4771 
10106 5616 3002 3275 
10107 6224 6255 6056 
10108 5899 5663 5654 
10109 6244 6272 6271 
10110 5611 5610 6249 
10111 1029 5844 5845 
10112 5916 6073 2569 
10113 5895 5916 2569 
10114 6208 6209 6243 
10115 7622 7621 7566 
10116 5719 5720 5758 
10117 4232 4250 4231 
10118 853 4232 4231 
10119 7649 7648 7622 
10120 4232 1186 4250 
10121 5916 5906 5821 
10122 5529 5713 5976 
10123 1701 6267 3564 
10124 181 9 132 
10125 4401 638 3300 
10126 5976 5392 2569 
10127 1411 5541 3894 
10128 6073 5976 2569 
10129 5254 6047 5392 
10130 5354 1343 3800 
10131 5353 5354 3800 
10132 1343 3256 3283 
10133 3800 1343 3283 
10134 3256 1528 3878 
10135 3283 3256 3878 
10136 3256 3283 3878 
10137 1528 3256 3878 
10138 3256 4014 3770 
10139 3283 3256 3770 
10140 4014 4221 5737 
10141 3770 4014 5737 
10142 4221 5053 5071 
10143 5737 4221 5071 
10144 3670 3267 1784 
10145 3801 1249 1908 
10146 1525 3801 1908 
10147 5686 775 1417 
10148 5223 5222 5183 
10149 2433 1525 3819 
10150 5129 5261 2218 
10151 4884 4802 5128 
10152 1196 1690 4348 
10153 4551 5564 4448 
10154 5483 5343 4448 
10155 5127 5483 4448 
10156 5424 5144 5343 
10157 5483 5424 5343 
10158 1635 5686 5144 
10159 5424 1635 5144 
10160 1417 775 105 
10161 8053 3639 8052 
10162 2660 602 2623 
10163 3801 3818 1249 
10164 4873 4698 1525 
10165 2955 1539 3868 
10166 5357 5910 4168 
10167 5655 6189 5917 
10168 5976 5254 5392 
10169 2343 5009 2274 
10170 5897 5714 6047 
10171 5254 5897 6047 
10172 565 5310 508 
10173 5612 5635 5634 
10174 6950 5635 5673 
10175 5634 5635 6950 
10176 6089 6083 6070 
10177 5673 5720 5719 
10178 5849 2995 446 
10179 5826 5849 446 
10180 2995 1457 446 
10181 3704 1186 4232 
10182 5821 5529 5976 
10183 6533 3548 3495 
10184 1517 4234 3178 
10185 3495 3496 6533 
10186 7423 7479 7451 
10187 5161 3525 5970 
10188 3019 5531 5852 
10189 5966 5330 6077 
10190 5887 6088 6085 
10191 3218 2343 2274 
10192 3830 3218 2274 
10193 5714 5897 4649 
10194 3563 3944 6014 
10195 5354 5734 1343 
10196 1343 1528 3256 
10197 4014 3256 1528 
10198 5245 5267 5222 
10199 3818 1208 1249 
10200 5686 1635 775 
10201 7510 7509 7480 
10202 1252 5127 5564 
10203 2662 5127 1252 
10204 5483 1635 5424 
10205 3817 6578 5446 
10206 3245 5051 994 
10207 1377 4789 1197 
10208 1701 82 324 
10209 3940 4362 4308 
10210 4322 4344 4343 
10211 5981 6092 6011 
10212 1427 1018 3453 
10213 6176 3621 6164 
10214 5332 5372 5351 
10215 5332 5373 5372 
10216 5373 5407 5406 
10217 5372 5373 5406 
10218 5407 5437 5406 
10219 5009 2343 2274 
10220 5595 5613 5612 
10221 5594 5595 5612 
10222 5613 5636 5635 
10223 5612 5613 5635 
10224 5636 5674 5673 
10225 5635 5636 5673 
10226 5674 5675 5673 
10227 5675 5721 5720 
10228 5673 5675 5720 
10229 5721 5759 5758 
10230 5720 5721 5758 
10231 5759 5795 5794 
10232 5758 5759 5794 
10233 5795 5827 5826 
10234 5794 5795 5826 
10235 5826 5827 5849 
10236 5827 3146 2995 
10237 5849 5827 2995 
10238 3941 1457 2995 
10239 3146 3941 2995 
10240 1599 853 1457 
10241 3941 1599 1457 
10242 3929 4232 853 
10243 1599 3929 853 
10244 3588 3704 4232 
10245 3929 3588 4232 
10246 2862 1186 3704 
10247 3588 2862 3704 
10248 1989 1517 1186 
10249 2862 1989 1186 
10250 4296 4234 1517 
10251 1989 4296 1517 
10252 4296 4325 4234 
10253 734 1027 4234 
10254 4325 734 4234 
10255 7221 7240 7220 
10256 7187 7204 7186 
10257 3782 5885 5452 
10258 5880 5988 6034 
10259 5970 5966 6077 
10260 6002 6096 6082 
10261 5870 5887 6085 
10262 4095 4643 5671 
10263 3498 748 5320 
10264 6011 6017 5693 
10265 5735 4468 1343 
10266 5734 5735 1343 
10267 4468 603 1528 
10268 1343 4468 1528 
10269 4221 4014 1528 
10270 603 4221 1528 
10271 1538 1746 4192 
10272 1252 307 4167 
10273 2662 5483 5127 
10274 3267 4670 4776 
10275 1746 1445 4192 
10276 6243 6244 6271 
10277 5172 5196 6115 
10278 5279 5278 5233 
10279 5534 4011 6173 
10280 4466 4445 6211 
10281 5846 6235 6175 
10282 3944 5861 5957 
10283 5637 5675 5674 
10284 5636 5637 5674 
10285 5721 5760 5759 
10286 5759 5760 5795 
10287 3943 3929 1599 
10288 3943 3588 3929 
10289 185 734 4325 
10290 4296 185 4325 
10291 7463 7436 7410 
10292 5974 6111 6082 
10293 5712 5880 6034 
10294 2838 76 931 
10295 6002 5997 6157 
10296 6002 6182 5706 
10297 6082 3396 5186 
10298 5928 6041 5228 
10299 6198 6224 6223 
10300 4027 4468 5735 
10301 4262 4027 5735 
10302 4468 4027 603 
10303 5460 4221 603 
10304 5460 994 5053 
10305 4221 5460 5053 
10306 4909 4725 4775 
10307 253 5527 967 
10308 3839 1017 4167 
10309 5128 2662 1252 
10310 1017 5128 1252 
10311 5128 125 2662 
10312 126 125 5128 
10313 1791 4950 5246 
10314 1445 3319 2691 
10315 4192 1445 2691 
10316 3319 3420 2798 
10317 2660 2623 2902 
10318 5610 6136 5954 
10319 5279 5332 5278 
10320 5407 5438 5437 
10321 5517 5553 5552 
10322 5613 5637 5636 
10323 5721 5746 5760 
10324 1152 3588 3943 
10325 2862 4296 1989 
10326 4017 4296 4349 
10327 5899 6039 6036 
10328 6002 5706 5997 
10329 3396 5855 6143 
10330 3584 5652 6068 
10331 76 3511 1630 
10332 5655 5917 4426 
10333 5988 5452 5609 
10334 5663 3944 5945 
10335 5654 5663 5945 
10336 4210 4291 3778 
10337 790 3986 2798 
10338 2691 3319 2798 
10339 5804 5837 5820 
10340 7129 7161 7160 
10341 994 5051 1155 
10342 5215 5214 5172 
10343 5173 5215 5172 
10344 5235 5234 5214 
10345 5257 5233 5234 
10346 5235 5257 5234 
10347 5280 5279 5233 
10348 5257 5280 5233 
10349 5333 5332 5279 
10350 5280 5333 5279 
10351 5333 5374 5373 
10352 5332 5333 5373 
10353 5374 5408 5407 
10354 5373 5374 5407 
10355 5408 5409 5407 
10356 5409 5439 5438 
10357 5407 5409 5438 
10358 5480 5518 5517 
10359 5518 5554 5553 
10360 5517 5518 5553 
10361 5554 5555 5553 
10362 5555 5596 5595 
10363 5553 5555 5595 
10364 5595 5596 5613 
10365 5596 5638 5637 
10366 5613 5596 5637 
10367 5638 5676 5675 
10368 5637 5638 5675 
10369 5676 5722 5721 
10370 5675 5676 5721 
10371 5722 5723 5746 
10372 5721 5722 5746 
10373 5723 5761 5760 
10374 5746 5723 5760 
10375 5761 5796 5795 
10376 5760 5761 5795 
10377 5796 5828 5827 
10378 5795 5796 5827 
10379 5828 5829 3146 
10380 5827 5828 3146 
10381 5829 4289 3146 
10382 4289 4288 3146 
10383 3481 3941 3146 
10384 4288 3481 3146 
10385 996 1599 3941 
10386 3481 996 3941 
10387 3984 3943 1599 
10388 996 3984 1599 
10389 1523 1152 3943 
10390 3984 1523 3943 
10391 1523 3588 1152 
10392 1733 2862 3588 
10393 1523 1733 3588 
10394 4233 4296 2862 
10395 1733 4233 2862 
10396 4233 4349 4296 
10397 4322 3529 5631 
10398 4018 4017 4233 
10399 5983 5925 5650 
10400 5706 6182 5993 
10401 6131 6133 6132 
10402 5473 3444 5870 
10403 7169 7186 7161 
10404 1556 4291 4210 
10405 1555 1556 4210 
10406 1556 4262 4291 
10407 3772 4027 4262 
10408 1556 3772 4262 
10409 3011 603 4027 
10410 3772 3011 4027 
10411 3243 5460 603 
10412 3011 3243 603 
10413 3243 3245 994 
10414 5460 3243 994 
10415 1208 3818 5154 
10416 6750 5549 5513 
10417 5458 5388 1253 
10418 5388 3839 3840 
10419 1389 1017 3839 
10420 5388 1389 3839 
10421 5618 5128 1017 
10422 2622 1607 3816 
10423 5322 5347 5321 
10424 5173 5216 5215 
10425 5235 5280 5257 
10426 5333 5375 5374 
10427 5375 5409 5408 
10428 5374 5375 5408 
10429 7372 7371 7311 
10430 5480 5493 5518 
10431 5518 5519 5554 
10432 5797 5829 5828 
10433 5796 5797 5828 
10434 3666 3481 4288 
10435 4289 3666 4288 
10436 1492 1733 1523 
10437 4349 4233 4017 
10438 4922 1552 5083 
10439 5787 5083 3873 
10440 6082 5186 5993 
10441 6182 6082 5993 
10442 3727 3772 1556 
10443 3727 3011 3772 
10444 4835 956 5788 
10445 5388 3840 1253 
10446 4242 5388 5458 
10447 5226 1389 5388 
10448 4884 5618 1017 
10449 1389 4884 1017 
10450 5618 4884 5128 
10451 3761 3670 1784 
10452 5268 5291 5245 
10453 5216 5173 5217 
10454 4843 4777 4746 
10455 5493 5519 5518 
10456 5519 5555 5554 
10457 5697 5723 5722 
10458 5676 5697 5722 
10459 5761 5797 5796 
10460 4189 996 3481 
10461 3666 4189 3481 
10462 2958 604 2094 
10463 5190 5189 3873 
10464 804 102 6205 
10465 249 1555 4531 
10466 3119 3011 3727 
10467 3119 3243 3011 
10468 456 557 4472 
10469 5206 5229 5228 
10470 4650 5153 5126 
10471 4703 5174 5126 
10472 5153 4703 5126 
10473 4703 5173 5174 
10474 4703 5217 5173 
10475 5258 5235 5215 
10476 5281 5280 5235 
10477 5258 5281 5235 
10478 5334 5333 5280 
10479 5281 5334 5280 
10480 5376 5375 5333 
10481 5334 5376 5333 
10482 5376 5410 5409 
10483 5375 5376 5409 
10484 5410 5440 5439 
10485 5409 5410 5439 
10486 7161 7139 7169 
10487 5494 5520 5519 
10488 5480 5494 5493 
10489 5520 5556 5555 
10490 5519 5520 5555 
10491 5556 5597 5596 
10492 5555 5556 5596 
10493 5597 5639 5638 
10494 5596 5597 5638 
10495 5639 5677 5676 
10496 5638 5639 5676 
10497 5677 5678 5697 
10498 5676 5677 5697 
10499 5678 5724 5723 
10500 5697 5678 5723 
10501 5724 5762 5761 
10502 5723 5724 5761 
10503 5762 5784 5761 
10504 5784 5798 5797 
10505 5761 5784 5797 
10506 5798 5830 5829 
10507 5797 5798 5829 
10508 5830 1668 4289 
10509 5829 5830 4289 
10510 1668 1020 3666 
10511 4289 1668 3666 
10512 1541 4189 3666 
10513 1020 1541 3666 
10514 1541 996 4189 
10515 2500 3984 996 
10516 1541 2500 996 
10517 2500 3989 3984 
10518 3975 1523 3984 
10519 3989 3975 3984 
10520 219 1492 1523 
10521 3975 219 1523 
10522 219 1733 1492 
10523 2810 4233 1733 
10524 219 2810 1733 
10525 2810 4209 4233 
10526 7130 7139 7161 
10527 7139 7170 7169 
10528 877 5860 1121 
10529 5860 38 1121 
10530 2958 1121 38 
10531 38 556 2958 
10532 556 552 604 
10533 2958 556 604 
10534 1524 1552 604 
10535 552 1524 604 
10536 1109 3873 1552 
10537 1524 1109 1552 
10538 3362 5190 3873 
10539 1109 3362 3873 
10540 3362 5189 5190 
10541 1862 3351 5189 
10542 3362 1862 5189 
10543 1862 5857 3351 
10544 5857 5807 3351 
10545 3419 249 5807 
10546 3419 5342 1555 
10547 4026 1556 1555 
10548 5342 4026 1555 
10549 3775 3727 1556 
10550 4026 3775 1556 
10551 2992 3119 3727 
10552 3775 2992 3727 
10553 5202 3243 3119 
10554 2992 5202 3119 
10555 5202 5175 3243 
10556 4398 3245 3243 
10557 5175 4398 3243 
10558 1254 3779 4069 
10559 5021 4273 4242 
10560 5246 5388 4242 
10561 4273 5246 4242 
10562 5246 4909 5388 
10563 4909 5162 5226 
10564 5388 4909 5226 
10565 5162 4775 1389 
10566 5226 5162 1389 
10567 5154 4683 3900 
10568 4703 5153 4650 
10569 1923 4398 1086 
10570 5520 5536 5556 
10571 5597 5614 5639 
10572 5639 5678 5677 
10573 2500 3975 3989 
10574 4209 2810 877 
10575 877 38 5860 
10576 2914 415 552 
10577 556 2914 552 
10578 672 1524 552 
10579 415 672 552 
10580 4310 1109 1524 
10581 672 4310 1524 
10582 3631 5807 5857 
10583 1862 3631 5857 
10584 3288 4026 5342 
10585 3419 3288 5342 
10586 4026 5662 3775 
10587 5175 4118 4398 
10588 6786 6804 5549 
10589 5293 4273 5176 
10590 4909 4775 5162 
10591 5225 4715 5268 
10592 3733 2786 3420 
10593 3319 3733 3420 
10594 5236 5281 5258 
10595 5440 5411 5441 
10596 5105 2247 5756 
10597 6698 5513 5472 
10598 6681 6698 5472 
10599 5591 6174 6003 
10600 5556 5569 5597 
10601 5639 5656 5678 
10602 1586 3975 2500 
10603 877 4347 38 
10604 38 2914 556 
10605 4310 3362 1109 
10606 1385 3419 5807 
10607 3631 1385 5807 
10608 4026 3288 5662 
10609 3776 2992 3775 
10610 5662 3776 3775 
10611 4398 4118 1860 
10612 4273 5021 5176 
10613 6698 6750 5513 
10614 3368 4646 4927 
10615 1417 105 4520 
10616 5218 5217 4703 
10617 4704 5218 4703 
10618 5218 5236 5217 
10619 5218 5259 5236 
10620 5282 5281 5236 
10621 5259 5282 5236 
10622 5282 5283 5281 
10623 5283 5335 5334 
10624 5281 5283 5334 
10625 5335 5377 5376 
10626 5334 5335 5376 
10627 5411 5410 5376 
10628 5377 5411 5376 
10629 5410 5411 5440 
10630 5173 5126 5174 
10631 1354 1396 1353 
10632 5557 5558 5569 
10633 5556 5557 5569 
10634 5558 5598 5597 
10635 5569 5558 5597 
10636 5558 5599 5598 
10637 5597 5598 5614 
10638 5599 5640 5639 
10639 5614 5599 5639 
10640 5640 5657 5656 
10641 5639 5640 5656 
10642 5657 5679 5678 
10643 5656 5657 5678 
10644 5679 5725 5724 
10645 5678 5679 5724 
10646 5725 5763 5762 
10647 5724 5725 5762 
10648 5762 5763 5784 
10649 5763 5799 5798 
10650 5784 5763 5798 
10651 5799 5831 5830 
10652 5798 5799 5830 
10653 1795 1668 5830 
10654 5831 1795 5830 
10655 1795 2796 1020 
10656 1668 1795 1020 
10657 1608 1541 1020 
10658 2796 1608 1020 
10659 2478 2500 1541 
10660 1608 2478 1541 
10661 88 1586 2500 
10662 2478 88 2500 
10663 88 3975 1586 
10664 1588 219 3975 
10665 88 1588 3975 
10666 97 2810 219 
10667 1588 97 219 
10668 97 3258 877 
10669 2810 97 877 
10670 877 3258 4347 
10671 3258 5738 38 
10672 4347 3258 38 
10673 5738 1975 38 
10674 1975 63 2914 
10675 38 1975 2914 
10676 35 415 2914 
10677 63 35 2914 
10678 3981 672 415 
10679 35 3981 415 
10680 165 4310 672 
10681 3981 165 672 
10682 53 3362 4310 
10683 165 53 4310 
10684 3114 1862 3362 
10685 53 3114 3362 
10686 3114 270 1862 
10687 1735 3631 1862 
10688 270 1735 1862 
10689 879 1385 3631 
10690 1735 879 3631 
10691 879 3419 1385 
10692 4012 3288 3419 
10693 879 4012 3419 
10694 4012 3663 5662 
10695 3288 4012 5662 
10696 5305 3776 5662 
10697 3663 5305 5662 
10698 5305 2992 3776 
10699 5482 5202 2992 
10700 5305 5482 2992 
10701 5482 4118 5202 
10702 4118 5175 5202 
10703 105 1151 4520 
10704 3900 1377 1197 
10705 7411 7463 7410 
10706 7034 6153 5946 
10707 5563 5946 6153 
10708 1791 4273 5293 
10709 5018 1791 5293 
10710 4273 1791 5246 
10711 3420 790 2798 
10712 5154 3900 5147 
10713 4503 1860 4118 
10714 6649 6681 6648 
10715 6649 6648 6612 
10716 5558 8044 5599 
10717 6531 1991 1218 
10718 5614 5598 5599 
10719 1540 1588 88 
10720 97 3910 3258 
10721 3258 1975 5738 
10722 3689 4293 4154 
10723 3471 6004 5918 
10724 351 5654 1274 
10725 4287 5581 3529 
10726 5393 5948 5718 
10727 2045 466 502 
10728 671 5044 5986 
10729 7961 101 2307 
10730 5883 3675 3729 
10731 5576 5959 6113 
10732 8024 8039 8023 
10733 4285 4230 4271 
10734 3779 1254 1584 
10735 6268 3608 3607 
10736 6013 5964 6005 
10737 6242 6243 6270 
10738 5130 5294 5315 
10739 3660 5130 5315 
10740 6142 6123 2073 
10741 3560 5568 5898 
10742 4059 207 4055 
10743 5651 5982 3906 
10744 6228 5907 5463 
10745 3814 3759 5927 
10746 5663 6036 4046 
10747 5688 5049 5102 
10748 5362 6228 5463 
10749 207 4055 4056 
10750 5489 3519 5474 
10751 3529 5581 5631 
10752 6114 3609 5462 
10753 6058 5995 5894 
10754 5995 5525 1009 
10755 3600 6058 5894 
10756 4154 3689 3954 
10757 5894 5995 1009 
10758 6097 2358 4044 
10759 2143 6032 5707 
10760 3008 6071 3583 
10761 7438 7437 7387 
10762 6169 5647 5317 
10763 5525 5647 1009 
10764 5647 5744 5317 
10765 5347 6261 5321 
10766 8096 8063 8091 
10767 6129 6130 5124 
10768 5647 6169 1009 
10769 6024 5647 5525 
10770 5876 3798 5491 
10771 5551 5879 5550 
10772 5453 5651 3906 
10773 3804 3721 3805 
10774 6002 6004 6096 
10775 5346 6058 3600 
10776 5393 1742 5948 
10777 188 2160 1172 
10778 3805 3721 5883 
10779 3721 6161 3675 
10780 5883 3721 3675 
10781 5255 5577 3437 
10782 7689 7690 7713 
10783 4529 5551 5550 
10784 2160 4529 5550 
10785 6231 6105 3437 
10786 5304 2637 5316 
10787 3689 4154 3954 
10788 5881 3667 6138 
10789 6060 3680 5907 
10790 6095 5978 5743 
10791 3374 6095 5743 
10792 4808 5427 5971 
10793 382 3523 1628 
10794 2637 5304 5651 
10795 5863 3894 4624 
10796 3894 5862 4624 
10797 5610 5852 6136 
10798 5298 4179 5273 
10799 5045 5193 5304 
10800 5923 6150 3446 
10801 7090 7104 5116 
10802 4434 4821 4796 
10803 5463 5907 5962 
10804 5193 4411 6252 
10805 6225 6249 6214 
10806 2637 5453 5387 
10807 6011 5385 6017 
10808 6059 5346 5417 
10809 5385 3632 5404 
10810 5236 5258 5215 
10811 6255 3907 6056 
10812 3412 5194 1742 
10813 6004 5974 6096 
10814 3416 7083 6187 
10815 6206 6207 6241 
10816 5214 5196 5172 
10817 5889 5903 6094 
10818 7424 7480 7423 
10819 5323 5321 5696 
10820 5875 5977 5926 
10821 7691 450 449 
10822 5959 5123 3508 
10823 3931 1628 4248 
10824 3629 6236 5704 
10825 5568 5527 5898 
10826 5206 5249 5248 
10827 6255 6269 3907 
10828 5610 6257 6214 
10829 6103 3869 3880 
10830 5056 3980 1262 
10831 4248 4247 382 
10832 382 1628 3931 
10833 7294 7249 7323 
10834 5927 3759 3715 
10835 6005 6004 5975 
10836 5994 3954 5581 
10837 7424 7423 7371 
10838 1702 1950 217 
10839 5852 5531 5882 
10840 4575 6063 5975 
10841 1533 1052 218 
10842 6076 5923 5909 
10843 5663 5899 6036 
10844 1606 6207 6206 
10845 5972 5904 5903 
10846 5903 5904 687 
10847 5754 5056 5917 
10848 3523 6228 759 
10849 6025 3411 5487 
10850 6226 5611 6249 
10851 4518 6059 5417 
10852 5924 5592 3980 
10853 1855 636 5972 
10854 4541 4527 4516 
10855 5319 3361 6024 
10856 5973 5989 4148 
10857 6226 6249 6225 
10858 1662 6180 3907 
10859 6071 4487 3583 
10860 6241 6242 1662 
10861 3718 3716 5631 
10862 3903 4808 5971 
10863 3052 5475 5878 
10864 5389 5447 6318 
10865 6033 5473 5870 
10866 5473 3410 6033 
10867 3361 3387 5473 
10868 3410 5473 6033 
10869 21 2658 3507 
10870 6019 4305 1748 
10871 5186 6143 3633 
10872 5888 5889 6088 
10873 6090 6051 6088 
10874 6024 6025 5647 
10875 5056 5477 5917 
10876 5907 6007 3561 
10877 5631 5611 5610 
10878 5889 6094 6051 
10879 5320 748 5782 
10880 4230 4247 4271 
10881 3681 3500 406 
10882 6085 3500 3681 
10883 5962 5907 3561 
10884 6007 6044 3561 
10885 5867 5868 4095 
10886 3561 6044 5319 
10887 5868 5870 5867 
10888 5274 5299 5273 
10889 5514 6124 4148 
10890 1418 3523 382 
10891 3639 279 8052 
10892 5867 4095 4411 
10893 5193 5867 4411 
10894 3526 5936 5886 
10895 6169 5317 1009 
10896 3518 1730 5581 
10897 6053 3312 3763 
10898 5304 5982 5651 
10899 5304 5316 5045 
10900 1701 707 808 
10901 3582 3509 6018 
10902 3509 5965 6018 
10903 3880 5318 6103 
10904 5318 5383 3832 
10905 6103 5318 3832 
10906 5383 4155 3804 
10907 3832 5383 3804 
10908 1607 4055 207 
10909 3954 3019 6125 
10910 5568 3560 5956 
10911 5352 3387 5319 
10912 3444 6078 5888 
10913 5989 21 4148 
10914 6146 5248 4024 
10915 6088 6051 5395 
10916 5417 5346 5672 
10917 508 566 565 
10918 3577 5913 6018 
10919 808 3607 3564 
10920 5748 6031 5255 
10921 6119 5924 3980 
10922 5754 6119 3980 
10923 1730 5994 5581 
10924 6094 687 6087 
10925 4261 6140 6139 
10926 5868 5870 4095 
10927 3523 759 1628 
10928 5910 6137 5825 
10929 5631 3716 5611 
10930 4148 3507 3385 
10931 5889 6090 6088 
10932 6125 3019 3716 
10933 3830 2274 3052 
10934 4518 5417 3019 
10935 5854 3561 5319 
10936 3510 6129 5124 
10937 4444 6213 6212 
10938 5491 3748 5750 
10939 5297 4024 5298 
10940 4056 4055 207 
10941 6104 6124 5898 
10942 4487 3455 3583 
10943 2205 6033 5868 
10944 5870 5868 5867 
10945 6033 5870 5868 
10946 3659 6024 5525 
10947 3585 6079 3559 
10948 3507 5369 3410 
10949 5316 2637 5478 
10950 3681 406 4643 
10951 6120 4411 5671 
10952 4375 4518 3019 
10953 5300 5301 6042 
10954 3019 5417 5906 
10955 5294 3585 3559 
10956 6219 3659 5936 
10957 5247 5228 6041 
10958 3406 8087 1154 
10959 3564 3607 1511 
10960 3906 5563 6153 
10961 6164 3621 3861 
10962 5929 3905 3904 
10963 5883 3773 3805 
10964 3906 6153 6167 
10965 5193 6252 5304 
10966 1418 382 4230 
10967 636 5535 5972 
10968 6227 5982 5563 
10969 1630 3511 1519 
10970 4368 6226 6225 
10971 3361 5473 5451 
10972 6245 5664 5357 
10973 6007 5352 6044 
10974 3385 3507 3410 
10975 5369 6078 3444 
10976 3410 5369 3444 
10977 6078 5889 5888 
10978 4624 5862 5940 
10979 6120 5671 5304 
10980 7974 7973 7949 
10981 5568 2041 3040 
10982 6271 3781 3612 
10983 5869 3721 3804 
10984 3526 4293 3689 
10985 3338 5124 3952 
10986 971 5998 6019 
10987 4155 5869 3804 
10988 6252 4411 5304 
10989 5672 5346 3600 
10990 4287 3518 5581 
10991 6162 6161 3721 
10992 5869 6162 3721 
10993 6162 6188 6161 
10994 2897 3498 3846 
10995 5904 2358 687 
10996 5907 3680 6007 
10997 6228 3523 5907 
10998 4529 5317 5551 
10999 3954 3718 5581 
11000 6140 5876 6251 
11001 5391 6318 5447 
11002 4294 3955 4958 
11003 5418 5452 5988 
11004 6208 6243 6242 
11005 42 5038 5391 
11006 5117 3338 3952 
11007 6307 6337 6336 
11008 1730 4154 5994 
11009 250 6104 1159 
11010 6104 250 5989 
11011 4643 6023 5671 
11012 5534 6173 6196 
11013 6240 6224 6056 
11014 2961 5389 5950 
11015 6044 5352 5319 
11016 5319 3387 3361 
11017 3387 3410 5473 
11018 298 1417 141 
11019 3903 686 3936 
11020 5632 5454 5864 
11021 6046 5454 5632 
11022 4516 6208 6207 
11023 5880 5418 5988 
11024 6051 6087 6097 
11025 102 6197 6205 
11026 254 6229 752 
11027 3680 5352 6007 
11028 3716 5852 5610 
11029 3361 5451 3411 
11030 3411 5451 2205 
11031 5451 6033 2205 
11032 3609 3584 6068 
11033 6207 6242 6241 
11034 6025 6024 3411 
11035 3412 1742 5393 
11036 1701 324 707 
11037 6213 6214 6248 
11038 1023 794 1052 
11039 6196 6173 5921 
11040 3659 5854 6024 
11041 5929 6237 3880 
11042 6214 6257 6256 
11043 6248 6214 6256 
11044 5516 6046 6039 
11045 6039 6046 5632 
11046 6211 6246 6245 
11047 4541 4516 6207 
11048 3798 5876 6140 
11049 5894 1009 3415 
11050 6898 8113 8080 
11051 5295 6011 5693 
11052 4279 4307 4278 
11053 3564 1511 3498 
11054 2897 3564 3498 
11055 5416 42 5391 
11056 4423 4392 6213 
11057 6075 3516 502 
11058 3471 5918 3080 
11059 2658 1855 3507 
11060 7720 7698 7745 
11061 3880 6237 5318 
11062 3411 2205 5487 
11063 3598 3547 3599 
11064 5487 2205 3312 
11065 263 5998 971 
11066 360 263 971 
11067 5998 6020 6019 
11068 6020 4305 6019 
11069 2319 8050 2320 
11070 960 3516 536 
11071 5941 5927 3715 
11072 6225 6214 4392 
11073 1159 6104 253 
11074 5490 5475 5912 
11075 6006 5516 5118 
11076 6210 6211 6245 
11077 6246 6274 6273 
11078 6244 5357 6272 
11079 6207 6208 6242 
11080 6205 6197 6204 
11081 5450 5315 3524 
11082 5952 2322 3510 
11083 5935 5371 6092 
11084 1511 5863 748 
11085 3498 1511 748 
11086 950 5030 1084 
11087 6139 6140 6251 
11088 809 557 2961 
11089 4293 4518 4375 
11090 5417 3600 5303 
11091 4145 5176 5986 
11092 5954 6001 3871 
11093 7857 7856 7804 
11094 6062 466 4305 
11095 5989 250 21 
11096 6062 502 466 
11097 5935 6092 5981 
11098 1730 3518 4287 
11099 5214 5215 5235 
11100 6006 5118 187 
11101 6245 6246 6273 
11102 6274 5881 5664 
11103 6273 6274 5664 
11104 5957 6152 5952 
11105 6204 6197 6240 
11106 3630 3525 5161 
11107 3524 3630 5161 
11108 5330 5712 6034 
11109 6077 5330 6034 
11110 5577 5476 5877 
11111 5531 5916 3871 
11112 5925 1697 6043 
11113 3437 5577 5877 
11114 5476 5490 5877 
11115 844 707 47 
11116 5303 3600 5707 
11117 5896 5750 3732 
11118 6146 5926 5900 
11119 5196 5214 5213 
11120 6005 5964 5872 
11121 1126 2143 4529 
11122 707 807 808 
11123 883 3397 3272 
11124 263 5999 5998 
11125 5999 6021 6020 
11126 5998 5999 6020 
11127 6021 6022 4305 
11128 6020 6021 4305 
11129 6049 6062 4305 
11130 6022 6049 4305 
11131 6075 502 6062 
11132 6049 6075 6062 
11133 3633 3629 5704 
11134 6119 5754 5864 
11135 5862 5871 5940 
11136 5454 6119 5864 
11137 3830 5476 3218 
11138 6013 6014 5964 
11139 6130 6131 3952 
11140 5124 6130 3952 
11141 5790 5387 6259 
11142 6218 5356 5704 
11143 5882 5531 3871 
11144 6175 6235 6003 
11145 1702 1701 2897 
11146 5876 5491 3445 
11147 5529 5417 5303 
11148 5750 5923 3732 
11149 5892 5877 5934 
11150 939 804 323 
11151 5870 3681 4095 
11152 5904 2913 2358 
11153 1154 3013 2625 
11154 3600 5894 5707 
11155 6223 6224 6240 
11156 6230 5988 5609 
11157 4095 3681 4643 
11158 6578 3817 4427 
11159 263 671 5999 
11160 6049 3516 6075 
11161 6036 6039 5655 
11162 5975 6004 3471 
11163 5632 5864 6189 
11164 5655 5632 6189 
11165 4293 3526 6059 
11166 6014 5957 5964 
11167 5873 6052 6131 
11168 6130 5873 6131 
11169 5531 5906 5916 
11170 1294 533 747 
11171 6251 5876 3445 
11172 5954 6136 6001 
11173 3447 3782 5488 
11174 5302 3632 5385 
11175 687 2358 6087 
11176 5750 3748 6250 
11177 6228 5362 759 
11178 7746 7745 7698 
11179 671 5986 5999 
11180 6022 6021 5999 
11181 6049 6086 3516 
11182 5629 4643 406 
11183 7887 2296 2264 
11184 6165 6166 7063 
11185 3857 5996 1269 
11186 3857 6014 6013 
11187 5996 3857 6013 
11188 1122 5980 6052 
11189 5873 1122 6052 
11190 3607 4165 1411 
11191 5217 5236 5216 
11192 5476 3830 5878 
11193 5687 5748 5652 
11194 5254 5303 3780 
11195 2143 3780 6032 
11196 1609 422 747 
11197 7803 7827 7802 
11198 3974 5389 637 
11199 3990 3367 5253 
11200 1609 1294 422 
11201 6087 2358 6097 
11202 3823 6045 3577 
11203 1154 8124 1333 
11204 3759 3713 3715 
11205 5671 6023 3788 
11206 6136 5852 6001 
11207 6173 5125 6147 
11208 4046 5655 4426 
11209 3927 3971 3926 
11210 5176 5999 5986 
11211 5176 5495 5999 
11212 5495 6022 5999 
11213 6050 6049 6022 
11214 2261 6050 6022 
11215 6086 6101 3516 
11216 3516 6101 536 
11217 3549 5877 5490 
11218 5899 5516 6039 
11219 1273 3857 1269 
11220 4165 5450 5541 
11221 1662 6270 3612 
11222 3040 5527 5568 
11223 6210 6245 6244 
11224 2622 5705 3684 
11225 5324 5326 5325 
11226 4529 2160 1126 
11227 3954 6125 3716 
11228 3892 3856 6848 
11229 5495 5176 5021 
11230 1215 6086 6049 
11231 1215 6102 6101 
11232 6086 1215 6101 
11233 6102 6122 536 
11234 6101 6102 536 
11235 6141 6154 536 
11236 6122 6141 536 
11237 6141 3705 5041 
11238 6197 714 6198 
11239 3585 6113 6079 
11240 6018 5913 3582 
11241 5935 5490 5933 
11242 1411 4165 5541 
11243 5611 5631 5610 
11244 4168 5958 6064 
11245 6137 4029 5825 
11246 3329 3289 3308 
11247 6105 5859 3437 
11248 5977 5928 5926 
11249 6229 254 2664 
11250 5906 5417 5529 
11251 6009 5707 3780 
11252 5707 3415 2143 
11253 5932 5929 3916 
11254 4309 5932 3916 
11255 5932 6238 6237 
11256 6004 6002 5918 
11257 759 3526 3689 
11258 1628 759 3689 
11259 5930 5046 3629 
11260 7241 7240 7221 
11261 6154 6141 5041 
11262 5980 1122 6126 
11263 6079 6113 3509 
11264 5905 6190 3622 
11265 5850 5579 6190 
11266 5905 5850 6190 
11267 3584 5653 5652 
11268 5167 5121 5168 
11269 5609 3473 3008 
11270 5983 6230 5609 
11271 5194 5253 4467 
11272 5327 5326 6042 
11273 5323 5696 6146 
11274 4466 6211 6210 
11275 5929 5932 6237 
11276 3562 5318 6237 
11277 6238 3562 6237 
11278 4261 4279 4278 
11279 5385 5404 6017 
11280 5847 258 5087 
11281 5304 5671 5982 
11282 3526 5886 5346 
11283 5943 5383 5318 
11284 3562 5943 5318 
11285 4489 4155 5383 
11286 3008 1697 5925 
11287 1812 1811 1751 
11288 6622 5630 6606 
11289 6059 3526 5346 
11290 5962 3561 5936 
11291 5488 3782 5418 
11292 5905 3622 4201 
11293 7129 7130 7161 
11294 5303 6009 3780 
11295 3473 4487 3008 
11296 5963 3470 4467 
11297 3660 5315 5450 
11298 5315 3630 3524 
11299 4165 3660 5450 
11300 6002 6082 6182 
11301 5943 4489 5383 
11302 6027 5869 4155 
11303 4489 6027 4155 
11304 3387 169 3410 
11305 6149 6162 5869 
11306 4154 3954 5994 
11307 7352 7404 7403 
11308 2 1023 6203 
11309 2897 3846 1950 
11310 5964 5957 3338 
11311 5934 6045 3823 
11312 5891 5687 5714 
11313 5948 6231 5877 
11314 6015 6084 6016 
11315 7130 7129 7102 
11316 6197 6223 6240 
11317 3410 3444 5473 
11318 3702 6150 5923 
11319 6133 5930 3629 
11320 7371 7344 7345 
11321 5931 7059 5980 
11322 3667 6069 6138 
11323 5940 5650 5866 
11324 3837 5940 5866 
11325 5609 3008 5925 
11326 5983 5609 5925 
11327 602 3287 2991 
11328 5664 6137 5910 
11329 5953 5992 3621 
11330 4148 21 3507 
11331 6035 5953 3621 
11332 3013 1154 1333 
11333 6027 6149 5869 
11334 250 349 21 
11335 6162 6600 6188 
11336 5911 6355 5591 
11337 6250 3702 5923 
11338 5916 5976 6073 
11339 3805 3833 3832 
11340 3832 3804 3805 
11341 3930 6000 4167 
11342 3839 6000 1253 
11343 6141 6102 6123 
11344 6296 6554 3284 
11345 6220 6192 6221 
11346 6661 2139 6220 
11347 5186 3633 5704 
11348 5356 5186 5704 
11349 7910 7887 2264 
11350 3835 1299 6387 
11351 5622 5561 1165 
11352 1299 5622 1165 
11353 5914 5077 5561 
11354 5622 5914 5561 
11355 5914 5920 5905 
11356 5077 5914 5905 
11357 5920 5370 5905 
11358 5321 6054 6146 
11359 4624 5940 3837 
11360 5783 4624 3837 
11361 6249 5610 6214 
11362 3788 6160 5919 
11363 1697 3008 3583 
11364 3608 6074 4165 
11365 5963 3609 3470 
11366 6035 3621 6176 
11367 5603 3823 5965 
11368 5965 3577 6018 
11369 5707 5894 3415 
11370 5248 6146 5900 
11371 5254 3780 5897 
11372 5897 3780 4649 
11373 3293 3295 3309 
11374 4486 6210 6209 
11375 6170 6192 6191 
11376 6191 6192 6220 
11377 3523 6060 5907 
11378 5453 3906 5387 
11379 5450 3524 3894 
11380 5541 5450 3894 
11381 3524 5161 5862 
11382 3894 3524 5862 
11383 7287 7345 7286 
11384 748 5863 5783 
11385 5863 4624 5783 
11386 6160 3610 5919 
11387 807 6074 3608 
11388 6204 6240 6239 
11389 6035 6176 5890 
11390 6180 3576 3907 
11391 5206 4179 5249 
11392 7974 8021 7973 
11393 6171 3726 3538 
11394 7569 7568 7509 
11395 188 1172 3499 
11396 7312 7311 7288 
11397 6077 3249 5871 
11398 5970 6077 5871 
11399 5970 5871 5862 
11400 5161 5970 5862 
11401 5938 1299 3835 
11402 4045 5938 3835 
11403 5938 1383 1299 
11404 1299 1383 5622 
11405 1383 6048 5914 
11406 5622 1383 5914 
11407 6048 5604 5914 
11408 5914 5604 5920 
11409 5403 5370 5920 
11410 5604 5403 5920 
11411 5688 6066 5370 
11412 5403 5688 5370 
11413 2913 5904 1380 
11414 3621 5908 3861 
11415 5704 6166 1465 
11416 5603 5965 3509 
11417 3508 5603 3509 
11418 3774 3813 3812 
11419 538 5568 5956 
11420 5611 3716 5610 
11421 6293 6061 6283 
11422 7510 7569 7509 
11423 382 3931 4248 
11424 6155 6183 6170 
11425 6170 6183 6192 
11426 5073 4045 6262 
11427 3528 5688 5403 
11428 159 4201 3622 
11429 2583 1018 3452 
11430 6090 5889 6051 
11431 6166 6165 1465 
11432 6074 3660 4165 
11433 2161 5329 5371 
11434 5957 5861 6152 
11435 6039 5632 5655 
11436 6148 6173 6147 
11437 6014 3944 5957 
11438 423 1702 217 
11439 5127 4448 5564 
11440 3019 5906 5531 
11441 5295 5693 5913 
11442 6057 5479 5884 
11443 4279 4309 4308 
11444 5879 5893 5550 
11445 5463 5962 5936 
11446 3726 6171 6183 
11447 6155 3726 6183 
11448 6171 6193 6192 
11449 6183 6171 6192 
11450 6193 6201 6192 
11451 6192 6201 6221 
11452 6201 6232 6221 
11453 7852 7851 7826 
11454 6048 1383 5604 
11455 5248 5900 5228 
11456 5704 1465 933 
11457 5247 6135 6040 
11458 5981 6011 5295 
11459 6029 6030 3861 
11460 5959 3508 3509 
11461 6113 5959 3509 
11462 3632 5488 5418 
11463 1724 5477 1262 
11464 4308 4309 3916 
11465 2322 3263 3510 
11466 3472 5628 3263 
11467 6178 3472 3263 
11468 6247 3667 6275 
11469 5948 5949 5718 
11470 5877 3549 5934 
11471 4542 3632 3080 
11472 6193 6171 6201 
11473 6232 6263 5073 
11474 3983 4045 5073 
11475 6263 3983 5073 
11476 4045 3983 5938 
11477 3983 1008 1383 
11478 5938 3983 1383 
11479 5485 5604 1383 
11480 1008 5485 1383 
11481 6107 5403 5604 
11482 5485 6107 5604 
11483 5749 3528 5403 
11484 6107 5749 5403 
11485 4654 4601 4680 
11486 6524 5368 5350 
11487 6058 5936 5525 
11488 967 5527 3040 
11489 807 3608 6268 
11490 5589 3836 5551 
11491 1294 6218 933 
11492 3416 5489 5247 
11493 5912 5475 5933 
11494 1662 6112 6180 
11495 636 2939 5535 
11496 6051 3766 5395 
11497 4426 6178 3263 
11498 2322 4426 3263 
11499 5535 1630 5972 
11500 2939 1630 5535 
11501 2205 5868 5867 
11502 7292 7269 7317 
11503 6214 6213 4392 
11504 3632 4542 5488 
11505 6171 6194 6201 
11506 6263 6232 3983 
11507 3983 3668 1008 
11508 6012 5485 1008 
11509 5485 5749 6107 
11510 5452 3447 5609 
11511 6218 5704 933 
11512 3416 6187 5489 
11513 5900 5926 5228 
11514 3561 5854 3659 
11515 4154 4293 4375 
11516 5560 5688 3528 
11517 1742 4467 6105 
11518 956 378 5788 
11519 5303 5254 5976 
11520 5861 4046 2322 
11521 3249 5983 5650 
11522 1262 3980 5592 
11523 1630 1380 5972 
11524 3576 6180 3585 
11525 5887 5888 6088 
11526 2646 3042 3536 
11527 3452 6184 6171 
11528 6184 6194 6171 
11529 6194 6222 6201 
11530 6201 6222 6232 
11531 3983 6128 3668 
11532 6128 1059 1008 
11533 3668 6128 1008 
11534 6098 6012 1008 
11535 1059 6098 1008 
11536 5461 5485 6012 
11537 6098 5461 6012 
11538 1609 5993 1294 
11539 5356 6218 1294 
11540 3559 6079 3582 
11541 5958 5825 4106 
11542 5628 6185 6129 
11543 4046 4426 2322 
11544 6105 5255 5859 
11545 5825 4029 3412 
11546 5456 6510 5014 
11547 5323 6146 4024 
11548 5972 1380 5904 
11549 5628 6129 3510 
11550 3263 5628 3510 
11551 6045 5295 3577 
11552 573 572 476 
11553 1606 6198 714 
11554 3042 3619 3536 
11555 3452 6195 6194 
11556 6184 3452 6194 
11557 6195 6202 6222 
11558 6194 6195 6222 
11559 6233 6232 6222 
11560 6202 6233 6222 
11561 6233 1747 3983 
11562 6232 6233 3983 
11563 3983 1747 6128 
11564 6026 5749 5485 
11565 5461 6026 5485 
11566 3717 5560 5749 
11567 6026 3717 5749 
11568 5630 5049 5560 
11569 3717 5630 5560 
11570 5993 5356 1294 
11571 5581 3718 5631 
11572 5404 5418 5880 
11573 6017 5404 5880 
11574 6151 1724 7054 
11575 5910 5825 4168 
11576 6271 6272 3781 
11577 6143 5855 3633 
11578 1606 6206 6224 
11579 6224 6206 6255 
11580 6056 5130 3660 
11581 5706 5593 4568 
11582 5229 5206 5248 
11583 5292 6149 6027 
11584 5233 5278 5256 
11585 4445 6212 6211 
11586 5012 5458 1253 
11587 3444 5887 5870 
11588 3944 4046 5861 
11589 3846 5320 6217 
11590 3954 4375 3019 
11591 2292 351 2343 
11592 36 6229 2664 
11593 3452 6172 6195 
11594 5913 5693 5330 
11595 5633 5913 5330 
11596 5966 5633 5330 
11597 3630 3582 3525 
11598 3472 6151 1220 
11599 5855 6132 3633 
11600 6198 1606 6224 
11601 1606 4541 6207 
11602 6197 6198 6223 
11603 2637 5387 5790 
11604 5458 5021 4242 
11605 5021 5458 5012 
11606 5974 5872 6111 
11607 43 298 6784 
11608 5908 3416 5247 
11609 5926 5928 5228 
11610 4573 3639 8039 
11611 5988 6230 5983 
11612 6189 5864 5917 
11613 6094 6087 6051 
11614 3444 5888 5887 
11615 6172 3452 1018 
11616 6202 6195 6172 
11617 6264 874 1747 
11618 6233 6264 1747 
11619 874 6110 6128 
11620 1747 874 6128 
11621 6110 4047 1059 
11622 6128 6110 1059 
11623 3046 6098 1059 
11624 4047 3046 1059 
11625 5901 5461 6098 
11626 3046 5901 6098 
11627 5901 5449 5461 
11628 5382 6026 5461 
11629 5449 5382 5461 
11630 7977 7976 7953 
11631 5252 6042 5274 
11632 5693 6017 5880 
11633 5330 5693 5880 
11634 6091 5875 6054 
11635 6030 5977 6067 
11636 5997 5706 4568 
11637 3583 3661 5363 
11638 6206 6241 6255 
11639 5864 5754 5917 
11640 5850 1125 5579 
11641 6213 6248 6247 
11642 6212 6213 6247 
11643 5568 538 2041 
11644 4485 4466 6210 
11645 263 360 211 
11646 1456 5203 809 
11647 2141 4566 5448 
11648 6150 3649 3446 
11649 3386 3837 5922 
11650 6270 6271 3612 
11651 1855 5972 5369 
11652 5125 3971 6147 
11653 3612 6064 6112 
11654 6158 6172 1018 
11655 6158 4064 6172 
11656 6203 6202 6172 
11657 4064 6203 6172 
11658 6203 6234 6233 
11659 6202 6203 6233 
11660 6233 6234 6264 
11661 5184 3717 6026 
11662 5382 5184 6026 
11663 5692 5630 3717 
11664 5184 5692 3717 
11665 5692 5939 5630 
11666 6079 3509 3582 
11667 6204 6239 807 
11668 7204 7221 7186 
11669 3621 5947 5908 
11670 5534 6196 3610 
11671 5993 5186 5356 
11672 3612 3781 6064 
11673 3830 3052 5878 
11674 6025 5744 5647 
11675 5527 253 5898 
11676 5369 5972 5902 
11677 5369 5902 5889 
11678 809 4988 1456 
11679 3607 1411 1511 
11680 5750 6250 5923 
11681 2205 5867 5865 
11682 3781 4168 6064 
11683 5885 3447 5452 
11684 4270 6200 4230 
11685 1427 4064 6158 
11686 2 6203 4064 
11687 8050 8036 8019 
11688 844 6204 807 
11689 3582 5633 5966 
11690 3525 3582 5966 
11691 5825 5958 4168 
11692 6180 6112 5576 
11693 4486 4485 6210 
11694 5490 5476 5878 
11695 7512 7511 7454 
11696 1701 423 82 
11697 3901 553 8133 
11698 5130 3907 3576 
11699 6038 3857 1273 
11700 76 108 931 
11701 3689 4154 1730 
11702 254 1665 250 
11703 809 5942 4988 
11704 5942 5968 4988 
11705 5877 5892 5949 
11706 5948 5877 5949 
11707 3585 5576 6113 
11708 6058 5525 5995 
11709 3802 5363 3661 
11710 4148 3385 3410 
11711 5987 307 1252 
11712 6203 6253 6234 
11713 6234 6253 6264 
11714 6253 1485 874 
11715 6264 6253 874 
11716 1485 5526 6110 
11717 874 1485 6110 
11718 5526 5590 4047 
11719 6110 5526 4047 
11720 1243 3046 4047 
11721 5590 1243 4047 
11722 5540 5901 3046 
11723 1243 5540 3046 
11724 5540 5449 5901 
11725 5272 5382 5449 
11726 5540 5272 5449 
11727 5272 5184 5382 
11728 5939 5503 5082 
11729 807 6239 6074 
11730 6067 5977 5875 
11731 5633 3582 5913 
11732 1697 3583 5363 
11733 3525 5966 5970 
11734 6274 6275 5881 
11735 3500 5395 5629 
11736 3548 3599 3547 
11737 3880 3905 5929 
11738 6064 203 5576 
11739 5982 6227 3906 
11740 3088 3132 3131 
11741 5944 6284 7089 
11742 3630 3559 3582 
11743 5317 3836 5589 
11744 3249 5650 5940 
11745 7334 7333 3305 
11746 7209 7227 7226 
11747 5950 5968 2961 
11748 2961 5968 5942 
11749 6180 5576 3585 
11750 5346 5886 6058 
11751 254 752 6229 
11752 169 4148 3410 
11753 1023 2 970 
11754 3516 3720 502 
11755 59 1333 8144 
11756 6203 1023 6253 
11757 5177 5184 5272 
11758 6065 5692 5184 
11759 5177 6065 5184 
11760 5503 5939 5692 
11761 6065 5503 5692 
11762 6219 3561 3659 
11763 5352 169 3387 
11764 4269 6200 4270 
11765 6085 6088 3500 
11766 5362 5463 5936 
11767 6088 5395 3500 
11768 3823 3577 5965 
11769 3457 8084 5772 
11770 2264 2263 7910 
11771 5825 3412 4106 
11772 5352 5514 169 
11773 2207 5593 2225 
11774 808 807 6268 
11775 5514 4148 169 
11776 7924 7949 7897 
11777 2205 5865 3312 
11778 5130 3576 5294 
11779 2664 784 36 
11780 6253 6265 1485 
11781 5755 5272 5540 
11782 5503 6065 5177 
11783 5855 3952 6131 
11784 6052 6133 6131 
11785 5212 5192 6434 
11786 5696 5321 6146 
11787 2574 2661 3570 
11788 4486 6209 6208 
11789 4518 4293 6059 
11790 6267 1701 3564 
11791 3871 5916 3687 
11792 5933 5371 5935 
11793 423 1701 1702 
11794 4322 6226 4344 
11795 4357 167 4405 
11796 5979 6115 5196 
11797 5213 5979 5196 
11798 4247 4248 1730 
11799 5315 5294 3630 
11800 5529 5303 5713 
11801 3798 3748 5491 
11802 4516 4486 6208 
11803 5916 5821 5976 
11804 3680 5991 5352 
11805 808 6268 3607 
11806 1023 6254 6253 
11807 6254 6266 6265 
11808 6253 6254 6265 
11809 6266 4190 1485 
11810 6265 6266 1485 
11811 4190 5185 5526 
11812 1485 4190 5526 
11813 5185 3875 5590 
11814 5526 5185 5590 
11815 3909 1243 5590 
11816 3875 3909 5590 
11817 3777 5540 1243 
11818 3909 3777 1243 
11819 5781 5755 5540 
11820 3777 5781 5540 
11821 4345 5272 5755 
11822 5781 4345 5755 
11823 5969 5177 5272 
11824 4345 5969 5272 
11825 5089 5503 5177 
11826 5969 5089 5177 
11827 6241 1662 6269 
11828 1724 6151 3472 
11829 5477 1724 3472 
11830 4368 6225 4392 
11831 5234 5979 5213 
11832 1205 4500 4501 
11833 6015 6016 5839 
11834 5911 6015 5839 
11835 3409 3436 3435 
11836 6077 6034 5983 
11837 1009 5317 3415 
11838 1253 3840 3839 
11839 6060 3560 3680 
11840 5898 5991 3680 
11841 5317 4529 3415 
11842 1630 932 1380 
11843 6124 5514 5352 
11844 5982 6008 5563 
11845 6138 6069 3990 
11846 1023 1052 6254 
11847 3396 5117 5855 
11848 3781 5357 4168 
11849 5193 5045 3763 
11850 5917 5477 6178 
11851 6053 3763 3836 
11852 5478 2637 5790 
11853 8081 8142 8133 
11854 4300 1512 2432 
11855 5487 6053 3836 
11856 4029 5194 3412 
11857 7533 7566 7508 
11858 5902 5972 5889 
11859 5972 5903 5889 
11860 3507 1855 5369 
11861 5991 6124 5352 
11862 3560 5898 3680 
11863 6146 6054 5926 
11864 5870 6085 3681 
11865 3367 5462 5253 
11866 3909 3875 3777 
11867 5117 3952 5855 
11868 2209 5503 5089 
11869 5451 5473 6033 
11870 5247 5489 6135 
11871 2160 5550 1172 
11872 3837 5866 5922 
11873 5893 3499 1172 
11874 6043 1697 5231 
11875 4248 1628 1730 
11876 4426 5917 6178 
11877 5550 5893 1172 
11878 4279 6139 5932 
11879 4309 4279 5932 
11880 6139 6251 6238 
11881 5317 5744 3836 
11882 5234 5233 5979 
11883 5984 6083 5233 
11884 5591 6015 5911 
11885 5932 6139 6238 
11886 6251 3445 3562 
11887 3560 6060 3523 
11888 1697 5363 5231 
11889 1702 2897 1950 
11890 5866 6043 5922 
11891 6037 5790 5884 
11892 5479 6037 5884 
11893 6238 6251 3562 
11894 1621 5873 6130 
11895 5246 4950 4725 
11896 3470 3609 6068 
11897 5892 5934 3823 
11898 1052 1859 218 
11899 1052 1533 6254 
11900 6254 1533 6266 
11901 1533 5276 4190 
11902 6266 1533 4190 
11903 4350 5185 4190 
11904 5276 4350 4190 
11905 3928 3875 5185 
11906 4350 3928 5185 
11907 3928 6118 3875 
11908 5960 3777 3875 
11909 6118 5960 3875 
11910 5566 5781 3777 
11911 5960 5566 3777 
11912 5566 3611 4345 
11913 5781 5566 4345 
11914 5874 5969 4345 
11915 3611 5874 4345 
11916 5394 5089 5969 
11917 5874 5394 5969 
11918 6111 5872 3396 
11919 6106 6063 1269 
11920 7371 7423 7397 
11921 2344 6564 2211 
11922 5996 6013 5975 
11923 5790 6259 5955 
11924 5884 5790 5955 
11925 6259 5387 5955 
11926 5477 3472 6178 
11927 5955 5387 3658 
11928 5984 5233 5256 
11929 6242 6270 1662 
11930 5896 5943 3562 
11931 5744 5487 3836 
11932 5387 6186 6179 
11933 3658 5387 6179 
11934 5233 6083 5979 
11935 6272 5357 3781 
11936 3445 5896 3562 
11937 3732 4489 5943 
11938 3560 3523 1418 
11939 5956 3560 1418 
11940 3718 3954 3716 
11941 5631 5611 6226 
11942 6186 3893 6179 
11943 5957 5952 3338 
11944 5713 5303 5976 
11945 5418 3782 5452 
11946 5896 3732 5943 
11947 6175 6003 6174 
11948 5936 3659 5525 
11949 5427 5448 5971 
11950 538 5956 1418 
11951 5744 6025 5487 
11952 6008 3788 5563 
11953 253 6104 5898 
11954 5886 5936 6058 
11955 4575 5302 1269 
11956 5975 3471 3080 
11957 5996 5975 6063 
11958 5782 5783 3386 
11959 6569 5396 5428 
11960 6076 6027 4489 
11961 3732 6076 4489 
11962 5629 3610 6145 
11963 6092 5385 6011 
11964 6070 6083 5984 
11965 5256 6070 5984 
11966 59 8144 8129 
11967 4171 5448 5580 
11968 1003 1284 5789 
11969 3845 4171 5580 
11970 5789 3845 5580 
11971 4300 2432 1003 
11972 6076 5292 6027 
11973 5909 6149 5292 
11974 6024 3361 3411 
11975 6096 5974 6082 
11976 6082 6111 3396 
11977 5982 3788 6008 
11978 5563 5919 5946 
11979 5997 4568 6157 
11980 7744 7745 7770 
11981 5330 5880 5712 
11982 5394 5363 3802 
11983 5872 5964 3338 
11984 6106 5996 6063 
11985 3218 5476 6031 
11986 4411 4095 5671 
11987 6076 5909 5292 
11988 5560 3528 5749 
11989 1122 5937 6126 
11990 6168 6260 5591 
11991 6003 6168 5591 
11992 6004 5872 5974 
11993 5872 5117 3396 
11994 5672 3600 5417 
11995 6200 538 4230 
11996 538 1418 4230 
11997 5671 3788 5982 
11998 6013 6005 5975 
11999 6069 3367 3990 
12000 1621 1123 5873 
12001 6216 5276 1533 
12002 1950 6216 1533 
12003 3846 4350 5276 
12004 6216 3846 5276 
12005 3846 3928 4350 
12006 3846 6217 3928 
12007 6217 5320 6118 
12008 3928 6217 6118 
12009 6118 5320 5960 
12010 5320 5782 5960 
12011 5782 3386 5566 
12012 5960 5782 5566 
12013 5566 3386 3611 
12014 3386 5922 3611 
12015 5231 5874 3611 
12016 5922 5231 3611 
12017 5363 5394 5874 
12018 5231 5363 5874 
12019 8132 8106 8076 
12020 5898 6124 5991 
12021 5952 3510 5124 
12022 3338 5952 5124 
12023 6209 6244 6243 
12024 3470 6068 5652 
12025 3499 6037 5479 
12026 5194 4467 1742 
12027 4445 4444 6212 
12028 5855 6131 6132 
12029 3903 3936 4808 
12030 7083 3416 5947 
12031 7874 7898 7847 
12032 8087 8100 8088 
12033 5521 1186 1517 
12034 258 3285 1381 
12035 5707 6032 3780 
12036 1314 2374 1948 
12037 7090 7116 7104 
12038 2221 1073 6710 
12039 5086 1314 1948 
12040 2873 4205 785 
12041 4543 6379 6482 
12042 5070 258 256 
12043 353 352 256 
12044 5579 3622 6190 
12045 6966 6965 6945 
12046 7006 7047 7005 
12047 6915 6946 6914 
12048 6946 6966 6945 
12049 2407 6531 1218 
12050 1216 6645 6951 
12051 7720 7745 7744 
12052 4987 3400 5442 
12053 4832 4487 3473 
12054 145 6431 5354 
12055 7006 7005 6965 
12056 6966 7006 6965 
12057 7047 7046 7005 
12058 2336 2285 7046 
12059 7047 2336 7046 
12060 3610 5921 6991 
12061 6859 6860 6911 
12062 6159 7088 7087 
12063 5979 6080 6115 
12064 3599 6599 3598 
12065 6599 5909 3598 
12066 4989 5021 5012 
12067 6570 4989 5012 
12068 1119 4854 2285 
12069 2336 1119 2285 
12070 6285 7087 5953 
12071 3446 3598 5909 
12072 7063 1465 6165 
12073 1381 6314 6313 
12074 880 4123 3398 
12075 6860 6912 6911 
12076 256 258 1381 
12077 6533 3497 6557 
12078 6558 6600 6599 
12079 6557 6558 6599 
12080 6149 5909 6599 
12081 6600 6149 6599 
12082 7454 7453 7425 
12083 4569 5075 186 
12084 7737 2452 451 
12085 3497 6558 6557 
12086 3734 4022 4427 
12087 6691 7023 3650 
12088 5364 5384 6507 
12089 2305 3303 2304 
12090 6572 5368 6524 
12091 6469 6511 3497 
12092 3465 6469 3497 
12093 6511 6559 6558 
12094 3497 6511 6558 
12095 6559 6560 6558 
12096 6560 6601 6600 
12097 6558 6560 6600 
12098 6601 6188 6600 
12099 5824 7039 7074 
12100 6809 6808 6754 
12101 3422 2852 3279 
12102 6704 6755 6702 
12103 6755 6790 6754 
12104 7452 7510 7480 
12105 3359 3358 3384 
12106 5695 5716 5694 
12107 3409 6469 3436 
12108 6534 6560 6559 
12109 6511 6534 6559 
12110 6191 6220 2139 
12111 6809 6860 6859 
12112 6790 6809 6754 
12113 5087 258 5070 
12114 7268 7292 7267 
12115 5028 2273 4756 
12116 3937 3734 4025 
12117 5694 7029 6989 
12118 5695 6990 6950 
12119 5368 6572 5402 
12120 6394 6440 3409 
12121 3358 6394 3409 
12122 6440 6470 6469 
12123 3409 6440 6469 
12124 6470 6512 6511 
12125 6469 6470 6511 
12126 6511 6512 6534 
12127 6512 6561 6560 
12128 6534 6512 6560 
12129 6602 6601 6560 
12130 6561 6602 6560 
12131 6602 6100 6188 
12132 6601 6602 6188 
12133 298 6465 6784 
12134 6920 6919 6896 
12135 2212 4989 1271 
12136 4989 6570 1271 
12137 6949 6948 6921 
12138 6526 6527 6574 
12139 6615 6652 6651 
12140 5301 6527 6526 
12141 6867 6897 6843 
12142 6319 6320 5152 
12143 7065 7049 7008 
12144 5416 5580 4566 
12145 6394 6420 6440 
12146 6470 6486 6512 
12147 3450 3479 3483 
12148 6911 6912 6942 
12149 2272 3282 6310 
12150 5743 3816 3374 
12151 2245 6661 4571 
12152 5088 1118 6680 
12153 2341 2304 2309 
12154 6390 6869 5042 
12155 5560 5049 5688 
12156 2094 6343 2958 
12157 2304 3303 2309 
12158 6159 7087 6285 
12159 7084 5992 5953 
12160 6319 5152 6357 
12161 7454 7511 7453 
12162 2096 5082 1118 
12163 7925 7975 7924 
12164 2238 2237 2374 
12165 7088 5515 7089 
12166 6091 6054 6261 
12167 5010 6392 6464 
12168 4576 7586 7641 
12169 5515 7088 6159 
12170 5448 5565 5580 
12171 5752 5753 7039 
12172 3360 6421 6420 
12173 6394 3360 6420 
12174 6420 6421 6440 
12175 6421 6471 6470 
12176 6440 6421 6470 
12177 6471 6472 6486 
12178 6470 6471 6486 
12179 6472 6513 6512 
12180 6486 6472 6512 
12181 6562 6561 6512 
12182 6513 6562 6512 
12183 6562 6181 6602 
12184 6561 6562 6602 
12185 6602 6181 6100 
12186 3675 6161 6100 
12187 6181 3675 6100 
12188 7034 7035 6153 
12189 6683 5088 6680 
12190 185 4017 4018 
12191 6943 6963 6962 
12192 7001 7002 7025 
12193 6161 6188 6100 
12194 7650 7649 7622 
12195 5455 6683 3979 
12196 6712 2451 5015 
12197 6555 3262 6522 
12198 351 5118 6116 
12199 6714 6645 1216 
12200 6714 5057 6645 
12201 3262 4191 2385 
12202 6845 6897 6867 
12203 7106 7131 7105 
12204 7221 7220 7185 
12205 6963 7002 7001 
12206 7026 7044 7043 
12207 6320 5119 5126 
12208 3360 6395 6421 
12209 6421 6472 6471 
12210 6603 6181 6562 
12211 6919 6947 6920 
12212 1026 6658 6715 
12213 2338 2406 5579 
12214 2246 6360 6345 
12215 5513 5512 5472 
12216 6380 6381 6395 
12217 3360 6380 6395 
12218 6381 6422 6421 
12219 6395 6381 6421 
12220 6422 6473 6472 
12221 6421 6422 6472 
12222 6473 6514 6513 
12223 6472 6473 6513 
12224 6514 3601 6562 
12225 6513 6514 6562 
12226 3624 6603 6562 
12227 3601 3624 6562 
12228 6603 3624 6181 
12229 6360 5075 4569 
12230 6345 6360 4569 
12231 6740 6739 5438 
12232 6755 6754 6702 
12233 1991 5060 1218 
12234 7043 2252 7078 
12235 7042 7043 7078 
12236 2252 5086 7078 
12237 5086 4143 7078 
12238 6967 7007 6966 
12239 2407 1218 6815 
12240 6422 6441 6473 
12241 5528 3222 836 
12242 2321 8050 8019 
12243 6574 6575 6614 
12244 6343 2094 6556 
12245 6855 6894 6907 
12246 6089 6070 5256 
12247 6390 5042 5103 
12248 6689 6390 5103 
12249 5055 5054 6689 
12250 5054 6390 6689 
12251 6709 5054 5055 
12252 6697 6709 5055 
12253 6443 6301 6709 
12254 2238 2309 6298 
12255 6298 6301 6443 
12256 2309 6301 6298 
12257 2410 2341 2238 
12258 3327 6381 6380 
12259 7048 7047 7006 
12260 7007 7048 7006 
12261 2456 5002 4019 
12262 6614 6615 6651 
12263 2341 2410 1076 
12264 2341 2309 2238 
12265 4854 2341 1076 
12266 6960 6999 6998 
12267 8020 8019 7973 
12268 5437 6682 5406 
12269 5332 5331 5278 
12270 4961 307 5987 
12271 4192 4297 3803 
12272 6738 6737 6705 
12273 6682 6738 6705 
12274 2285 2249 7045 
12275 7046 7045 7003 
12276 7007 7006 6966 
12277 6942 6943 6962 
12278 6967 6966 6915 
12279 6142 6141 6123 
12280 6348 6382 6381 
12281 3327 6348 6381 
12282 6382 6423 6422 
12283 6381 6382 6422 
12284 6423 6442 6441 
12285 6422 6423 6441 
12286 6442 6474 6473 
12287 6441 6442 6473 
12288 3551 6514 6473 
12289 6474 3551 6473 
12290 6514 3551 3601 
12291 6743 6747 4785 
12292 6865 6864 6840 
12293 6841 6865 6840 
12294 7046 2285 7045 
12295 4854 1076 2249 
12296 2285 4854 2249 
12297 4747 6303 2211 
12298 2374 2237 2236 
12299 7242 7288 7241 
12300 5141 1937 2095 
12301 7027 7046 7003 
12302 7027 7003 7004 
12303 6916 6967 6915 
12304 7050 7065 7008 
12305 6572 6573 6612 
12306 6841 6840 6793 
12307 6813 6841 6793 
12308 6913 6914 6944 
12309 1119 2305 2341 
12310 7003 7045 7044 
12311 6292 6691 6028 
12312 6691 6688 6028 
12313 456 457 1345 
12314 6352 8078 8080 
12315 3496 3497 6533 
12316 6691 3650 4550 
12317 6688 6691 4550 
12318 2237 6292 6028 
12319 1948 2374 2236 
12320 2236 2237 6028 
12321 3650 6662 6622 
12322 4550 3650 6622 
12323 5029 4028 1939 
12324 6662 5049 5630 
12325 7005 7027 7004 
12326 207 3374 3816 
12327 7005 7004 6964 
12328 6916 6915 6863 
12329 6313 6314 6748 
12330 7049 7048 7007 
12331 6813 6793 6794 
12332 6795 6813 6794 
12333 6912 6943 6942 
12334 6862 6914 6913 
12335 6861 6862 6913 
12336 6755 6809 6790 
12337 6688 4550 5078 
12338 6618 6617 6577 
12339 6618 6656 6617 
12340 6656 6655 6617 
12341 3557 3558 3581 
12342 4011 7031 4044 
12343 4010 4011 4044 
12344 7031 3766 6097 
12345 6686 6688 5078 
12346 6622 6662 5630 
12347 5405 6618 6577 
12348 6965 7005 6964 
12349 6895 6916 6863 
12350 6895 6863 6864 
12351 6349 6383 6382 
12352 6348 6349 6382 
12353 6383 6424 6423 
12354 6382 6383 6423 
12355 6424 3466 6442 
12356 6423 6424 6442 
12357 3466 3501 6474 
12358 6442 3466 6474 
12359 6474 3501 3551 
12360 6795 6794 6756 
12361 6757 6795 6756 
12362 6914 6945 6944 
12363 6481 5351 6508 
12364 7008 7049 7007 
12365 5931 6126 6144 
12366 6141 6122 6102 
12367 6894 6857 6907 
12368 4982 4951 1217 
12369 5012 1265 4747 
12370 2280 2249 1314 
12371 6965 6964 6944 
12372 6865 6895 6864 
12373 6742 6741 6706 
12374 6311 6747 6743 
12375 5908 5247 3861 
12376 6383 3466 6424 
12377 7103 7102 7089 
12378 4568 6156 6157 
12379 3400 5144 5442 
12380 6757 6756 6741 
12381 3974 5447 5389 
12382 2236 6028 2140 
12383 6738 6791 6737 
12384 6620 6555 6522 
12385 7077 7076 7040 
12386 1027 4982 1217 
12387 1073 1027 1217 
12388 6173 4011 5125 
12389 5687 5891 5748 
12390 4262 3778 4291 
12391 6751 6752 6787 
12392 6962 7001 6961 
12393 7001 7043 7042 
12394 7000 7001 7042 
12395 6910 6911 6961 
12396 7001 7000 6961 
12397 6859 6911 6858 
12398 6911 6962 6961 
12399 6945 6965 6944 
12400 6739 6792 6738 
12401 6349 6358 6383 
12402 6384 3438 3466 
12403 6383 6384 3466 
12404 5695 7010 5717 
12405 352 5070 256 
12406 3419 1555 249 
12407 5492 5480 5517 
12408 6742 6757 6741 
12409 2222 2292 5115 
12410 1265 5012 1253 
12411 7026 7003 7044 
12412 6863 6915 6862 
12413 6999 7041 7040 
12414 7041 7077 7040 
12415 6911 6910 6858 
12416 6839 6859 6807 
12417 6808 6839 6807 
12418 6859 6858 6807 
12419 3436 3465 3435 
12420 4781 4820 3140 
12421 6533 6557 3548 
12422 6147 3971 3927 
12423 6900 6147 3927 
12424 3788 6023 6160 
12425 5534 5629 3766 
12426 7031 5534 3766 
12427 4836 4022 3937 
12428 6754 6753 6701 
12429 4548 5059 2164 
12430 6072 5591 6355 
12431 7676 7698 7720 
12432 6756 6739 6740 
12433 6359 6384 6383 
12434 6358 6359 6383 
12435 5629 5534 3610 
12436 6741 6756 6740 
12437 1883 4548 4544 
12438 6811 6862 6861 
12439 6810 6811 6861 
12440 6808 6807 6753 
12441 3465 3436 6469 
12442 4044 4008 4010 
12443 4988 6465 5967 
12444 5060 3178 4234 
12445 4951 5006 4116 
12446 6863 6862 6811 
12447 6702 6754 6701 
12448 6303 5079 1075 
12449 6619 6657 6618 
12450 6792 6791 6738 
12451 7745 7796 7795 
12452 5438 6739 6682 
12453 6841 6895 6865 
12454 6741 6740 5438 
12455 343 210 4893 
12456 6845 6844 6796 
12457 5694 6989 6948 
12458 6811 6810 6791 
12459 6865 6916 6895 
12460 7621 7648 7676 
12461 5951 5014 8109 
12462 6754 6808 6753 
12463 7770 7795 7769 
12464 1171 5628 3472 
12465 6848 6901 6900 
12466 4044 7031 6097 
12467 3409 3383 3384 
12468 6753 6807 6789 
12469 6702 6701 6653 
12470 6654 6702 6653 
12471 6657 6656 6618 
12472 6739 6738 6682 
12473 1077 4618 7076 
12474 5478 5443 5316 
12475 6844 6843 6814 
12476 6351 3363 6359 
12477 6350 6351 6359 
12478 3363 6385 6384 
12479 6359 3363 6384 
12480 6385 3388 6384 
12481 6384 3388 3438 
12482 6792 6811 6791 
12483 5911 6080 6355 
12484 6988 7008 6967 
12485 6845 6796 5552 
12486 3815 6800 3856 
12487 6800 6762 3856 
12488 6762 6849 6848 
12489 3856 6762 6848 
12490 6849 6902 6901 
12491 6848 6849 6901 
12492 6902 6900 6901 
12493 6148 6147 6900 
12494 6902 6148 6900 
12495 6745 5189 3351 
12496 7901 7927 7900 
12497 3278 8099 2902 
12498 6145 4643 5629 
12499 2161 5475 2155 
12500 6617 6654 6616 
12501 6298 6697 6695 
12502 6535 6579 3657 
12503 974 6466 2142 
12504 5594 6921 6897 
12505 6796 6844 6814 
12506 3505 3442 3506 
12507 3557 3522 3505 
12508 1286 1227 1321 
12509 3606 3627 3605 
12510 6573 6613 6612 
12511 6126 5931 5980 
12512 5405 5372 5406 
12513 6716 6762 6800 
12514 3815 6716 6800 
12515 1937 2342 2095 
12516 1591 1553 1657 
12517 3606 3557 3581 
12518 6160 4643 6145 
12519 5088 5078 2096 
12520 6467 6759 974 
12521 6910 6909 6858 
12522 5438 6682 5437 
12523 2958 6343 1121 
12524 6565 6509 6640 
12525 3321 6565 6640 
12526 3193 4785 6388 
12527 3657 6579 3715 
12528 7149 7148 7121 
12529 5406 6619 5405 
12530 5474 7097 5121 
12531 6023 4643 6160 
12532 7287 7286 7262 
12533 2140 6686 6683 
12534 3715 3656 3657 
12535 1810 6606 5082 
12536 6683 6686 5088 
12537 2096 1810 5082 
12538 5078 1810 2096 
12539 6686 5078 5088 
12540 5360 3816 5978 
12541 1075 6467 974 
12542 6467 6466 6759 
12543 6654 6653 6616 
12544 6577 6617 6576 
12545 6355 6080 6378 
12546 1563 5131 4393 
12547 4857 2245 4571 
12548 3289 3329 3363 
12549 6322 3289 3363 
12550 5442 298 43 
12551 6002 6157 5918 
12552 6444 6487 3558 
12553 3505 6444 3558 
12554 6487 6535 3627 
12555 3558 6487 3627 
12556 5748 5891 6215 
12557 6579 6093 3715 
12558 5743 5978 3816 
12559 6303 1075 2211 
12560 2343 5009 2222 
12561 6641 5436 6612 
12562 6177 6717 6716 
12563 7233 7232 7197 
12564 6717 6763 6762 
12565 6716 6717 6762 
12566 6763 6816 6762 
12567 6762 6816 6849 
12568 6903 6902 6849 
12569 6816 6903 6849 
12570 6953 6148 6902 
12571 6903 6953 6902 
12572 6953 6991 5921 
12573 6148 6953 5921 
12574 7002 7003 7026 
12575 6653 6701 6700 
12576 2235 2140 5455 
12577 2242 2235 5455 
12578 5455 2140 6683 
12579 5301 5328 6042 
12580 4208 1445 1746 
12581 5499 1743 1219 
12582 6617 6616 6576 
12583 6845 6867 6844 
12584 1381 3285 6314 
12585 5594 6897 6868 
12586 6897 6920 6896 
12587 5025 2139 6661 
12588 5088 2096 1118 
12589 6487 6488 6535 
12590 6718 6764 6763 
12591 6717 6718 6763 
12592 6764 6817 6816 
12593 6763 6764 6816 
12594 6904 6903 6816 
12595 6817 6904 6816 
12596 3394 3366 3395 
12597 5112 5111 7167 
12598 6806 6856 6855 
12599 6392 4551 6660 
12600 6643 6653 6652 
12601 6959 6960 6998 
12602 6576 6616 6575 
12603 6652 6653 6700 
12604 6753 6752 6700 
12605 6642 6643 6652 
12606 2261 6022 5495 
12607 7240 7287 7262 
12608 6467 6316 6466 
12609 6316 6393 307 
12610 6529 6577 6528 
12611 5087 352 2247 
12612 6314 4446 6748 
12613 2337 6522 5497 
12614 6229 1665 254 
12615 7051 7068 7029 
12616 6444 3442 3443 
12617 6709 6711 5054 
12618 6444 6488 6487 
12619 6566 6580 6579 
12620 6535 6566 6579 
12621 6580 6093 6579 
12622 6692 6718 6717 
12623 6177 6692 6717 
12624 6904 6954 6953 
12625 6903 6904 6953 
12626 6992 6991 6953 
12627 6954 6992 6953 
12628 6992 7033 5919 
12629 6991 6992 5919 
12630 1276 6109 1222 
12631 6643 6642 6615 
12632 6616 6643 6615 
12633 6616 6615 6575 
12634 3312 5193 3763 
12635 7000 6999 6960 
12636 6316 307 4961 
12637 6910 6961 6909 
12638 6577 6576 6528 
12639 5105 5087 2247 
12640 3285 4446 6314 
12641 5439 6706 5438 
12642 5252 5211 6434 
12643 6445 6489 6488 
12644 6444 6445 6488 
12645 6489 6536 6535 
12646 6488 6489 6535 
12647 6535 6536 6566 
12648 6536 6581 6580 
12649 6566 6536 6580 
12650 6623 6093 6580 
12651 6581 6623 6580 
12652 6623 6663 6177 
12653 6093 6623 6177 
12654 6177 6663 6692 
12655 6663 6719 6718 
12656 6692 6663 6718 
12657 6719 6765 6764 
12658 6718 6719 6764 
12659 6818 6817 6764 
12660 6765 6818 6764 
12661 6872 6904 6817 
12662 6818 6872 6817 
12663 6872 6955 6954 
12664 6904 6872 6954 
12665 6993 6992 6954 
12666 6955 6993 6954 
12667 6993 5946 7033 
12668 6992 6993 7033 
12669 5946 5919 7033 
12670 2809 1988 1921 
12671 6316 5010 6466 
12672 3426 1725 8104 
12673 6961 7000 6960 
12674 7975 7974 7924 
12675 3360 3327 6380 
12676 6072 6355 6378 
12677 5634 6950 5612 
12678 406 3500 5629 
12679 6662 6689 5049 
12680 7028 7008 7009 
12681 2407 1991 6531 
12682 3443 6445 6444 
12683 6707 7815 5480 
12684 7093 7105 7092 
12685 1880 5050 4745 
12686 6857 6908 6907 
12687 7042 7041 6999 
12688 1395 2075 1028 
12689 6794 6793 6756 
12690 2305 2304 2341 
12691 3610 6991 5919 
12692 6346 4596 5119 
12693 6445 6475 6489 
12694 6489 6515 6536 
12695 7000 7042 6999 
12696 6961 6960 6908 
12697 4901 2275 4546 
12698 6615 6642 6652 
12699 6794 6812 6793 
12700 7567 7566 7533 
12701 3395 6396 3443 
12702 3394 3395 3443 
12703 6396 6446 6445 
12704 3443 6396 6445 
12705 6446 6447 6475 
12706 6445 6446 6475 
12707 6447 6490 6489 
12708 6475 6447 6489 
12709 6490 6491 6515 
12710 6489 6490 6515 
12711 6491 6537 6536 
12712 6515 6491 6536 
12713 6537 6582 6581 
12714 6536 6537 6581 
12715 6624 6623 6581 
12716 6582 6624 6581 
12717 6624 6664 6663 
12718 6623 6624 6663 
12719 6664 6720 6719 
12720 6663 6664 6719 
12721 6720 6766 6765 
12722 6719 6720 6765 
12723 6766 6767 6765 
12724 6767 6819 6818 
12725 6765 6767 6818 
12726 6819 6850 6818 
12727 6873 6872 6818 
12728 6850 6873 6818 
12729 6873 6956 6955 
12730 6872 6873 6955 
12731 6956 6994 6993 
12732 6955 6956 6993 
12733 6994 7034 5946 
12734 6993 6994 5946 
12735 3971 5125 3970 
12736 4846 5188 5071 
12737 5879 3836 3763 
12738 4673 5879 3763 
12739 6909 6961 6908 
12740 7042 7078 7077 
12741 7049 2075 7048 
12742 2223 4747 2211 
12743 6480 6529 6479 
12744 6964 7003 7002 
12745 249 4531 3351 
12746 4490 4069 3779 
12747 6302 6711 6709 
12748 6812 6840 6793 
12749 5927 5941 6716 
12750 5082 2209 1118 
12751 6015 5591 6260 
12752 3395 6397 6396 
12753 6397 6447 6446 
12754 6396 6397 6446 
12755 6664 6721 6720 
12756 6721 6767 6766 
12757 6720 6721 6766 
12758 6874 6873 6850 
12759 6819 6874 6850 
12760 6956 6923 6994 
12761 6856 6857 6806 
12762 3292 3294 3293 
12763 4705 4764 5218 
12764 1988 1221 1921 
12765 7041 7042 7077 
12766 6393 6316 6467 
12767 6529 6528 6479 
12768 6389 6437 6436 
12769 2139 3705 6191 
12770 5316 5443 5045 
12771 3395 6386 6397 
12772 6447 6491 6490 
12773 6664 6693 6721 
12774 6874 6923 6873 
12775 6873 6923 6956 
12776 6995 6994 6923 
12777 6995 7035 7034 
12778 6994 6995 7034 
12779 4673 5478 6037 
12780 5745 5717 7010 
12781 686 2630 795 
12782 2337 6620 6522 
12783 6620 1266 4191 
12784 6909 6908 6857 
12785 5006 2337 5497 
12786 6858 6909 6857 
12787 3601 3551 3579 
12788 6952 2212 6871 
12789 1265 404 5079 
12790 2410 2238 2374 
12791 5076 1216 185 
12792 7069 6167 7035 
12793 6325 6361 3395 
12794 3366 6325 3395 
12795 6361 6362 6386 
12796 3395 6361 6386 
12797 6362 6398 6397 
12798 6386 6362 6397 
12799 6398 6448 6447 
12800 6397 6398 6447 
12801 6448 6476 6447 
12802 6476 6492 6491 
12803 6447 6476 6491 
12804 6492 6538 6537 
12805 6491 6492 6537 
12806 6538 6583 6582 
12807 6537 6538 6582 
12808 6625 6624 6582 
12809 6583 6625 6582 
12810 6625 6665 6664 
12811 6624 6625 6664 
12812 6664 6665 6693 
12813 6665 6722 6721 
12814 6693 6665 6721 
12815 6722 6768 6767 
12816 6721 6722 6767 
12817 6768 6820 6819 
12818 6767 6768 6819 
12819 6875 6874 6819 
12820 6820 6875 6819 
12821 6875 6924 6923 
12822 6874 6875 6923 
12823 6972 6995 6923 
12824 6924 6972 6923 
12825 6972 7036 7035 
12826 6995 6972 7035 
12827 3312 5867 5193 
12828 7036 7069 7035 
12829 2358 2799 4044 
12830 8020 2321 8019 
12831 1205 1206 4500 
12832 5077 5905 4201 
12833 6688 6686 2140 
12834 6028 6688 2140 
12835 2375 2456 4019 
12836 1552 4922 2094 
12837 3953 4069 4490 
12838 6037 5893 4673 
12839 536 6154 5106 
12840 2456 2375 1028 
12841 5275 5252 6434 
12842 6806 6857 6856 
12843 6435 6480 6479 
12844 6434 6435 6479 
12845 7162 7187 7170 
12846 913 2210 2241 
12847 4446 6749 6748 
12848 5648 5689 6891 
12849 7534 7510 7511 
12850 6837 5354 8112 
12851 2212 2223 6871 
12852 4018 5076 185 
12853 6325 6362 6361 
12854 2291 7937 2293 
12855 5395 3766 5629 
12856 2075 1072 1028 
12857 2249 2280 7044 
12858 6998 6999 7040 
12859 6759 6466 974 
12860 2206 6564 6899 
12861 6691 6695 7023 
12862 6697 5055 3650 
12863 6174 6072 6089 
12864 7973 8019 7995 
12865 2212 1271 2223 
12866 1750 6714 1216 
12867 6567 6584 6583 
12868 6538 6567 6583 
12869 6584 6625 6583 
12870 4551 4961 5987 
12871 5010 6316 6392 
12872 6316 4961 6392 
12873 6392 4961 4551 
12874 3218 6031 5748 
12875 5007 4982 1027 
12876 5504 5464 5505 
12877 6570 5012 4747 
12878 3937 3821 4836 
12879 6149 6600 6162 
12880 5192 6435 6434 
12881 6292 6298 6691 
12882 6695 6697 7023 
12883 7796 7847 7795 
12884 5076 1750 1216 
12885 6117 6326 6325 
12886 3337 6117 6325 
12887 6326 6363 6362 
12888 6325 6326 6362 
12889 6363 6399 6398 
12890 6362 6363 6398 
12891 6399 6449 6448 
12892 6398 6399 6448 
12893 6448 6449 6476 
12894 6449 6493 6492 
12895 6476 6449 6492 
12896 6493 6539 6538 
12897 6492 6493 6538 
12898 6538 6539 6567 
12899 6539 6585 6584 
12900 6567 6539 6584 
12901 6626 6625 6584 
12902 6585 6626 6584 
12903 6626 6666 6665 
12904 6625 6626 6665 
12905 6666 6723 6722 
12906 6665 6666 6722 
12907 6723 6769 6768 
12908 6722 6723 6768 
12909 6769 6821 6820 
12910 6768 6769 6820 
12911 6876 6875 6820 
12912 6821 6876 6820 
12913 6876 6925 6924 
12914 6875 6876 6924 
12915 6925 6973 6972 
12916 6924 6925 6972 
12917 7037 7036 6972 
12918 6973 7037 6972 
12919 7037 7070 7069 
12920 7036 7037 7069 
12921 4902 3893 7069 
12922 7070 4902 7069 
12923 6528 6576 6527 
12924 6576 6575 6527 
12925 6479 6528 5301 
12926 6528 6527 5301 
12927 6434 6479 5301 
12928 5275 6434 5301 
12929 1270 1126 2160 
12930 188 1270 2160 
12931 4392 4423 4444 
12932 6703 6702 6654 
12933 6655 6703 6654 
12934 6298 6695 6691 
12935 6466 4986 2142 
12936 3157 1659 1658 
12937 2258 5057 6714 
12938 950 4995 5030 
12939 6789 6788 6752 
12940 6701 6753 6700 
12941 6807 6806 6788 
12942 6753 6789 6752 
12943 6789 6807 6788 
12944 6858 6856 6806 
12945 6858 6857 6856 
12946 6807 6858 6806 
12947 3455 5090 7053 
12948 3927 3892 6900 
12949 4979 4568 5593 
12950 2237 2238 6292 
12951 5591 6072 6174 
12952 6919 6918 6896 
12953 1750 2258 6714 
12954 4980 3320 5057 
12955 6493 6516 6539 
12956 6769 6822 6821 
12957 6822 6877 6876 
12958 6821 6822 6876 
12959 6877 6926 6925 
12960 6876 6877 6925 
12961 6974 6973 6925 
12962 6926 6974 6925 
12963 6974 7037 6973 
12964 7031 4011 5534 
12965 1882 2235 2242 
12966 2210 1882 2242 
12967 1882 2210 1077 
12968 4143 1882 1077 
12969 7078 4143 1077 
12970 5010 6464 4986 
12971 7077 7078 1077 
12972 5927 6716 3815 
12973 6109 1173 1222 
12974 7437 7413 7387 
12975 3442 6444 3506 
12976 5371 5475 2161 
12977 2258 4980 5057 
12978 6287 6327 6326 
12979 6117 6287 6326 
12980 6327 6364 6363 
12981 6326 6327 6363 
12982 6364 6400 6399 
12983 6363 6364 6399 
12984 6400 6450 6449 
12985 6399 6400 6449 
12986 6450 6494 6493 
12987 6449 6450 6493 
12988 6494 6517 6516 
12989 6493 6494 6516 
12990 6517 6540 6539 
12991 6516 6517 6539 
12992 6540 6586 6585 
12993 6539 6540 6585 
12994 6627 6626 6585 
12995 6586 6627 6585 
12996 6627 6667 6666 
12997 6626 6627 6666 
12998 6667 6724 6723 
12999 6666 6667 6723 
13000 6770 6769 6723 
13001 6724 6770 6723 
13002 6770 6823 6822 
13003 6769 6770 6822 
13004 6823 6878 6877 
13005 6822 6823 6877 
13006 6878 6927 6926 
13007 6877 6878 6926 
13008 6975 6974 6926 
13009 6927 6975 6926 
13010 6975 7011 6974 
13011 7011 7037 6974 
13012 7011 7071 7070 
13013 7037 7011 7070 
13014 3814 5927 3815 
13015 7973 7995 7949 
13016 4083 1427 3453 
13017 2236 2235 1882 
13018 308 4990 6464 
13019 2210 913 4618 
13020 7045 2249 7044 
13021 2249 1076 1314 
13022 187 188 1172 
13023 3134 1270 188 
13024 187 3134 188 
13025 5891 4649 1270 
13026 3134 5891 1270 
13027 1127 6038 1273 
13028 2238 6298 6292 
13029 6749 1991 2407 
13030 6748 6749 2407 
13031 4685 2246 3320 
13032 4980 4685 3320 
13033 6306 6328 6327 
13034 6287 6306 6327 
13035 6327 6328 6364 
13036 6770 6771 6823 
13037 4902 7070 7071 
13038 4901 6379 2275 
13039 6690 2406 2338 
13040 6379 1883 2275 
13041 3557 3505 3558 
13042 4571 5073 6262 
13043 5445 4545 5041 
13044 7534 7569 7510 
13045 6667 6725 6724 
13046 6725 6771 6770 
13047 6724 6725 6770 
13048 6788 6806 6805 
13049 979 978 4966 
13050 6616 6653 6643 
13051 3787 3401 1452 
13052 6006 187 1172 
13053 1027 734 5007 
13054 6508 6530 6480 
13055 4989 5495 5021 
13056 8110 8128 8120 
13057 2247 2453 7067 
13058 4685 6604 6360 
13059 2246 4685 6360 
13060 6287 6288 6306 
13061 6288 6329 6328 
13062 6306 6288 6328 
13063 6329 6365 6364 
13064 6328 6329 6364 
13065 6365 6401 6400 
13066 6364 6365 6400 
13067 6401 6425 6400 
13068 6425 6451 6450 
13069 6400 6425 6450 
13070 6451 6495 6494 
13071 6450 6451 6494 
13072 6496 6517 6494 
13073 6495 6496 6494 
13074 6541 6540 6517 
13075 6496 6541 6517 
13076 6587 6586 6540 
13077 6541 6587 6540 
13078 6587 6628 6627 
13079 6586 6587 6627 
13080 6628 6668 6667 
13081 6627 6628 6667 
13082 6668 6669 6667 
13083 6669 6726 6725 
13084 6667 6669 6725 
13085 6726 6772 6771 
13086 6725 6726 6771 
13087 6772 6824 6823 
13088 6771 6772 6823 
13089 6824 6879 6878 
13090 6823 6824 6878 
13091 6928 6927 6878 
13092 6879 6928 6878 
13093 6976 6975 6927 
13094 6928 6976 6927 
13095 6976 7012 7011 
13096 6975 6976 7011 
13097 7012 7072 7071 
13098 7011 7012 7071 
13099 7072 1262 7071 
13100 1262 5592 7071 
13101 4987 6660 3400 
13102 6855 6856 6894 
13103 1077 2210 4618 
13104 4747 5079 6303 
13105 2292 2222 3134 
13106 187 2292 3134 
13107 2222 6215 5891 
13108 3134 2222 5891 
13109 4951 4116 1217 
13110 5073 6221 6232 
13111 2261 5495 4989 
13112 2212 2261 4989 
13113 5445 5041 5025 
13114 2158 5445 5025 
13115 5592 4902 7071 
13116 6628 6669 6668 
13117 5331 5332 5351 
13118 5612 6921 5594 
13119 6235 6260 6168 
13120 2718 820 729 
13121 2026 2001 2028 
13122 2343 2222 5115 
13123 5436 5402 6612 
13124 6530 6577 6529 
13125 6871 2223 2206 
13126 6604 1117 5075 
13127 6360 6604 5075 
13128 6477 6496 6495 
13129 6451 6477 6495 
13130 6587 6629 6628 
13131 6628 6629 6669 
13132 6164 3861 6030 
13133 5060 7082 2221 
13134 1172 188 3499 
13135 7023 6697 3650 
13136 2261 2212 6952 
13137 2158 5025 2245 
13138 6279 6289 6288 
13139 6278 6279 6288 
13140 6289 6330 6329 
13141 6288 6289 6329 
13142 6330 6366 6365 
13143 6329 6330 6365 
13144 6366 6402 6401 
13145 6365 6366 6401 
13146 6402 6426 6425 
13147 6401 6402 6425 
13148 6426 6452 6451 
13149 6425 6426 6451 
13150 6451 6452 6477 
13151 6452 6497 6496 
13152 6477 6452 6496 
13153 6497 6542 6541 
13154 6496 6497 6541 
13155 6542 6588 6587 
13156 6541 6542 6587 
13157 6588 6608 6587 
13158 6608 6630 6629 
13159 6587 6608 6629 
13160 6630 6670 6669 
13161 6629 6630 6669 
13162 6670 6727 6726 
13163 6669 6670 6726 
13164 6773 6772 6726 
13165 6727 6773 6726 
13166 6773 6825 6824 
13167 6772 6773 6824 
13168 6825 6880 6879 
13169 6824 6825 6879 
13170 6880 6881 6879 
13171 6881 6929 6928 
13172 6879 6881 6928 
13173 6977 6976 6928 
13174 6929 6977 6928 
13175 6977 7013 7012 
13176 6976 6977 7012 
13177 7054 7072 7012 
13178 7013 7054 7012 
13179 1724 1262 7072 
13180 7054 1724 7072 
13181 8128 3222 8120 
13182 6793 6840 6811 
13183 7534 7596 7569 
13184 3980 5056 5754 
13185 5009 3218 6215 
13186 2222 5009 6215 
13187 6215 3218 5748 
13188 6655 6654 6617 
13189 6530 6529 6480 
13190 8039 3639 8053 
13191 6050 2261 6952 
13192 6607 2158 2245 
13193 4991 1125 6066 
13194 1117 2240 186 
13195 5075 1117 186 
13196 6825 6881 6880 
13197 6881 6930 6929 
13198 6930 6977 6929 
13199 6978 7014 7013 
13200 6977 6978 7013 
13201 7014 7054 7013 
13202 7571 7626 7599 
13203 6911 6942 6962 
13204 7001 7025 7043 
13205 5329 2161 2239 
13206 5046 7062 6166 
13207 4650 5126 5119 
13208 1215 6050 6952 
13209 6607 2245 4857 
13210 3041 8073 8077 
13211 6825 6851 6881 
13212 6930 6978 6977 
13213 7055 7054 7014 
13214 7082 4234 2221 
13215 5125 4011 3970 
13216 7455 7512 7454 
13217 5058 1215 6952 
13218 2455 6607 4857 
13219 4210 3778 186 
13220 2240 4210 186 
13221 6280 6290 6289 
13222 6279 6280 6289 
13223 6290 6331 6330 
13224 6289 6290 6330 
13225 6367 6366 6330 
13226 6331 6367 6330 
13227 6367 6403 6402 
13228 6366 6367 6402 
13229 6403 6404 6426 
13230 6402 6403 6426 
13231 6404 6453 6452 
13232 6426 6404 6452 
13233 6453 6498 6497 
13234 6452 6453 6497 
13235 6498 6543 6542 
13236 6497 6498 6542 
13237 6543 6589 6588 
13238 6542 6543 6588 
13239 6589 6590 6608 
13240 6588 6589 6608 
13241 6590 6631 6630 
13242 6608 6590 6630 
13243 6631 6671 6670 
13244 6630 6631 6670 
13245 6728 6727 6670 
13246 6671 6728 6670 
13247 6774 6773 6727 
13248 6728 6774 6727 
13249 6774 6826 6825 
13250 6773 6774 6825 
13251 6826 6827 6851 
13252 6825 6826 6851 
13253 6827 6882 6881 
13254 6851 6827 6881 
13255 6882 6931 6930 
13256 6881 6882 6930 
13257 6931 6979 6978 
13258 6930 6931 6978 
13259 6979 7015 7014 
13260 6978 6979 7014 
13261 7056 7055 7014 
13262 7015 7056 7014 
13263 7056 7054 7055 
13264 7056 7080 7054 
13265 6619 6618 5405 
13266 2274 2343 351 
13267 1274 2274 351 
13268 5255 6031 5577 
13269 1215 5058 6123 
13270 6102 1215 6123 
13271 2273 2455 6387 
13272 4854 1119 2341 
13273 876 2253 6837 
13274 7054 7080 6151 
13275 6367 6404 6403 
13276 6543 6590 6589 
13277 1220 6151 7080 
13278 6917 6968 6916 
13279 6842 6841 6813 
13280 6968 6988 6967 
13281 6795 6842 6813 
13282 6865 6895 6841 
13283 6652 6700 6699 
13284 6968 6967 6916 
13285 5945 1274 5654 
13286 4466 4484 4445 
13287 6393 3930 307 
13288 3303 6302 6301 
13289 4756 2273 1165 
13290 2455 4857 6387 
13291 6683 6680 3979 
13292 2253 145 6837 
13293 6543 6568 6590 
13294 6774 6827 6826 
13295 5839 6356 6080 
13296 6651 6652 6699 
13297 7451 7479 7423 
13298 5945 1127 1274 
13299 1075 974 8074 
13300 3930 4167 307 
13301 3676 3675 6181 
13302 2273 6387 1165 
13303 6962 6963 7001 
13304 1221 1272 876 
13305 6281 6291 6290 
13306 6280 6281 6290 
13307 6291 6332 6331 
13308 6290 6291 6331 
13309 6332 6368 6367 
13310 6331 6332 6367 
13311 6368 6405 6404 
13312 6367 6368 6404 
13313 6405 6427 6404 
13314 6427 6454 6453 
13315 6404 6427 6453 
13316 6499 6498 6453 
13317 6454 6499 6453 
13318 6499 6544 6543 
13319 6498 6499 6543 
13320 6544 6545 6568 
13321 6543 6544 6568 
13322 6545 6591 6590 
13323 6568 6545 6590 
13324 6591 6632 6631 
13325 6590 6591 6631 
13326 6632 6672 6671 
13327 6631 6632 6671 
13328 6729 6728 6671 
13329 6672 6729 6671 
13330 6729 6775 6774 
13331 6728 6729 6774 
13332 6775 6776 6774 
13333 6776 6828 6827 
13334 6774 6776 6827 
13335 6828 6883 6882 
13336 6827 6828 6882 
13337 6883 6932 6931 
13338 6882 6883 6931 
13339 6932 6980 6979 
13340 6931 6932 6979 
13341 6980 7016 7015 
13342 6979 6980 7015 
13343 7057 7056 7015 
13344 7016 7057 7015 
13345 1171 1220 7056 
13346 7057 1171 7056 
13347 5500 5705 2622 
13348 6661 6221 5073 
13349 4571 6661 5073 
13350 1122 5873 1123 
13351 6787 6788 6805 
13352 3835 4571 4045 
13353 5427 4808 5011 
13354 4804 5291 5268 
13355 2155 2274 1274 
13356 1127 2155 1274 
13357 5517 5552 6796 
13358 404 3930 6467 
13359 5055 6689 6662 
13360 2016 2049 1995 
13361 7002 7026 7025 
13362 7049 7065 2075 
13363 1272 2253 876 
13364 7065 2074 2075 
13365 6499 6545 6544 
13366 6729 6776 6775 
13367 6661 6220 6221 
13368 4487 3341 3455 
13369 6527 6575 6574 
13370 5739 5689 5690 
13371 308 6392 6660 
13372 3930 6393 6467 
13373 5114 5915 5151 
13374 6436 6437 6481 
13375 3650 5055 6662 
13376 7068 2247 7067 
13377 1198 2385 1988 
13378 4191 1272 1221 
13379 7008 7007 6967 
13380 6632 6673 6672 
13381 6673 6729 6672 
13382 6808 6809 6859 
13383 6704 6702 6703 
13384 2338 5579 1125 
13385 4991 2338 1125 
13386 1026 2451 6658 
13387 6690 2338 4991 
13388 1609 747 5593 
13389 5278 5331 5277 
13390 7069 3893 6167 
13391 6035 6285 5953 
13392 404 6467 1075 
13393 5079 404 1075 
13394 6808 6859 6839 
13395 159 4756 5561 
13396 5077 159 5561 
13397 1214 3262 1198 
13398 1988 4191 1221 
13399 1621 6129 6185 
13400 6282 3527 6291 
13401 6281 6282 6291 
13402 3527 6333 6332 
13403 6291 3527 6332 
13404 6369 6368 6332 
13405 6333 6369 6332 
13406 6369 6406 6405 
13407 6368 6369 6405 
13408 6406 6428 6427 
13409 6405 6406 6427 
13410 6428 6455 6454 
13411 6427 6428 6454 
13412 6455 6500 6499 
13413 6454 6455 6499 
13414 6500 6518 6499 
13415 6518 6546 6545 
13416 6499 6518 6545 
13417 6546 6592 6591 
13418 6545 6546 6591 
13419 6633 6632 6591 
13420 6592 6633 6591 
13421 6633 6674 6673 
13422 6632 6633 6673 
13423 6730 6729 6673 
13424 6674 6730 6673 
13425 6730 6777 6776 
13426 6729 6730 6776 
13427 6777 6829 6828 
13428 6776 6777 6828 
13429 6829 6884 6883 
13430 6828 6829 6883 
13431 6884 6933 6932 
13432 6883 6884 6932 
13433 6933 6981 6980 
13434 6932 6933 6980 
13435 6981 7017 7016 
13436 6980 6981 7016 
13437 7058 7057 7016 
13438 7017 7058 7016 
13439 1123 1171 7057 
13440 7058 1123 7057 
13441 1171 1123 1621 
13442 6656 6704 6655 
13443 6431 5734 5354 
13444 4024 5249 4179 
13445 6320 6346 5119 
13446 5735 5734 4262 
13447 2451 6690 6658 
13448 2622 3816 5360 
13449 7197 7232 7213 
13450 2161 2155 1127 
13451 1273 2161 1127 
13452 7025 7026 7043 
13453 4756 1165 5561 
13454 2385 4191 1988 
13455 7999 7998 7951 
13456 5515 6159 6294 
13457 6704 6703 6655 
13458 6308 6302 3303 
13459 4019 6308 3303 
13460 6658 6690 4991 
13461 6522 3262 6640 
13462 5497 6522 6565 
13463 6522 6640 6509 
13464 6742 6795 6757 
13465 6897 6896 6843 
13466 5006 5497 4116 
13467 6793 6811 6792 
13468 1076 2410 2374 
13469 5058 6952 6797 
13470 6346 6320 3534 
13471 6522 6509 6565 
13472 3262 2385 1198 
13473 5370 1125 5905 
13474 5567 5606 5605 
13475 5141 2622 5360 
13476 3506 6444 3505 
13477 5497 6565 3321 
13478 5515 5944 7089 
13479 7066 7065 7050 
13480 3262 1214 6640 
13481 5497 3321 5059 
13482 6868 6845 5552 
13483 4927 921 3368 
13484 5015 2451 1026 
13485 2239 2161 1273 
13486 6907 6908 6959 
13487 877 4233 4209 
13488 6712 6711 6302 
13489 1217 4116 4548 
13490 7388 3304 3323 
13491 5553 5594 6868 
13492 1125 5370 6066 
13493 3527 6282 6061 
13494 6061 6334 6333 
13495 3527 6061 6333 
13496 6370 6369 6333 
13497 6334 6370 6333 
13498 6407 6406 6369 
13499 6370 6407 6369 
13500 6429 6428 6406 
13501 6407 6429 6406 
13502 6456 6455 6428 
13503 6429 6456 6428 
13504 6456 6501 6500 
13505 6455 6456 6500 
13506 6501 6519 6518 
13507 6500 6501 6518 
13508 6519 6547 6546 
13509 6518 6519 6546 
13510 6547 6593 6592 
13511 6546 6547 6592 
13512 6593 6634 6633 
13513 6592 6593 6633 
13514 6634 6675 6674 
13515 6633 6634 6674 
13516 6731 6730 6674 
13517 6675 6731 6674 
13518 6731 6778 6777 
13519 6730 6731 6777 
13520 6778 6830 6829 
13521 6777 6778 6829 
13522 6830 6885 6884 
13523 6829 6830 6884 
13524 6885 6934 6933 
13525 6884 6885 6933 
13526 6934 6982 6981 
13527 6933 6934 6981 
13528 6982 6127 7017 
13529 6981 6982 7017 
13530 6127 6108 7017 
13531 7017 6108 7058 
13532 5694 5715 7029 
13533 1123 7058 5937 
13534 4555 1990 6324 
13535 3861 5247 6029 
13536 4116 5059 4548 
13537 6320 6319 6305 
13538 1122 1123 5937 
13539 4116 5497 5059 
13540 1883 1073 4548 
13541 6712 5015 1026 
13542 6179 3893 4902 
13543 6868 5552 5553 
13544 7371 7397 7344 
13545 6308 6712 6302 
13546 2344 8068 8098 
13547 4785 4543 3286 
13548 4543 6482 4901 
13549 7198 5113 5112 
13550 6388 4785 3286 
13551 3286 4543 4901 
13552 6634 6646 6675 
13553 6996 6108 6127 
13554 6982 6996 6127 
13555 5504 5505 5532 
13556 5714 4649 5891 
13557 2375 2305 1119 
13558 1028 2375 1119 
13559 5839 6319 6356 
13560 6379 2221 1883 
13561 6710 1073 1883 
13562 2245 5025 6661 
13563 6711 6712 1026 
13564 1525 1656 4873 
13565 6840 6863 6811 
13566 7651 7700 7650 
13567 7596 7595 7569 
13568 5971 4171 4147 
13569 2375 4019 3303 
13570 4145 5293 5176 
13571 1218 2221 6379 
13572 1073 1217 4548 
13573 5025 5041 2139 
13574 5041 3705 2139 
13575 5112 7167 7198 
13576 6235 5846 7256 
13577 5113 7198 6121 
13578 6282 7090 5116 
13579 6830 6852 6885 
13580 6886 6935 6934 
13581 6885 6886 6934 
13582 6935 6983 6982 
13583 6934 6935 6982 
13584 6982 6983 6996 
13585 6983 7018 6108 
13586 6996 6983 6108 
13587 7018 5931 6144 
13588 6108 7018 6144 
13589 7425 7452 7424 
13590 4836 1219 8119 
13591 7651 7650 7596 
13592 2210 2242 2241 
13593 1395 1028 1119 
13594 2336 1395 1119 
13595 4785 2407 4543 
13596 6815 1218 4543 
13597 4531 1555 4210 
13598 4575 1269 6063 
13599 2221 6710 1883 
13600 5167 5474 5121 
13601 1656 1525 2433 
13602 5428 5396 5429 
13603 8094 8077 8073 
13604 6570 4747 2223 
13605 5278 5277 5256 
13606 6181 3624 3676 
13607 6869 6658 5042 
13608 2305 2375 3303 
13609 6319 6357 6356 
13610 6747 6748 4785 
13611 4543 1218 6379 
13612 7161 7186 7160 
13613 7268 7247 7292 
13614 4553 1310 3372 
13615 3266 4553 3372 
13616 7128 7129 7160 
13617 6293 6335 6334 
13618 6061 6293 6334 
13619 6335 6336 6334 
13620 6371 6370 6334 
13621 6336 6371 6334 
13622 6408 6407 6370 
13623 6371 6408 6370 
13624 6430 6429 6407 
13625 6408 6430 6407 
13626 6430 6457 6456 
13627 6429 6430 6456 
13628 6457 6502 6501 
13629 6456 6457 6501 
13630 6520 6519 6501 
13631 6502 6520 6501 
13632 6548 6547 6519 
13633 6520 6548 6519 
13634 6548 6594 6593 
13635 6547 6548 6593 
13636 6594 6635 6634 
13637 6593 6594 6634 
13638 6634 6635 6646 
13639 6635 6676 6675 
13640 6646 6635 6675 
13641 6676 6732 6731 
13642 6675 6676 6731 
13643 6732 6779 6778 
13644 6731 6732 6778 
13645 6779 6831 6830 
13646 6778 6779 6830 
13647 6830 6831 6852 
13648 6831 6886 6885 
13649 6852 6831 6885 
13650 6936 6935 6886 
13651 6935 6936 6983 
13652 1665 6229 752 
13653 7048 2336 7047 
13654 5054 1026 6390 
13655 6715 6658 6869 
13656 3873 5083 1552 
13657 2407 6815 4543 
13658 6313 6748 6747 
13659 3511 76 2838 
13660 2838 1519 3511 
13661 6115 6356 5152 
13662 5086 1948 1882 
13663 5042 6066 5688 
13664 3337 3310 6286 
13665 4832 3341 4487 
13666 6319 5839 6304 
13667 6304 6305 6319 
13668 7117 7116 7090 
13669 6433 6554 3266 
13670 5915 5171 5151 
13671 7150 7174 7166 
13672 6293 6336 6335 
13673 6372 6371 6336 
13674 6371 6372 6408 
13675 6594 6609 6635 
13676 6689 5103 5102 
13677 5492 6796 6742 
13678 1381 6313 6311 
13679 6748 2407 4785 
13680 6311 6313 6747 
13681 1127 5945 6038 
13682 4575 3080 5302 
13683 210 649 4893 
13684 3080 3632 5302 
13685 4234 1027 1073 
13686 5103 5042 5008 
13687 5008 5042 5688 
13688 7048 1395 2336 
13689 5480 5492 6742 
13690 6796 6795 6742 
13691 256 1381 257 
13692 3278 2568 228 
13693 6084 6304 5839 
13694 7798 7876 7849 
13695 6621 3266 6554 
13696 1310 4553 3936 
13697 6080 6344 5839 
13698 6896 6917 6865 
13699 6963 6964 7002 
13700 1171 6185 5628 
13701 4589 4588 8021 
13702 6293 6307 6336 
13703 6609 6636 6635 
13704 6677 6676 6635 
13705 6636 6677 6635 
13706 6677 6733 6732 
13707 6676 6677 6732 
13708 6733 6780 6779 
13709 6732 6733 6779 
13710 6780 6801 6779 
13711 6801 6832 6831 
13712 6779 6801 6831 
13713 6832 6887 6886 
13714 6831 6832 6886 
13715 6937 6936 6886 
13716 6887 6937 6886 
13717 6937 6984 6983 
13718 6936 6937 6983 
13719 6984 7019 7018 
13720 6983 6984 7018 
13721 7059 5931 7018 
13722 7019 7059 7018 
13723 1121 1168 877 
13724 3499 6006 1172 
13725 5102 5008 5688 
13726 2241 2242 3979 
13727 6796 6814 6795 
13728 3282 1381 6311 
13729 6689 5102 5049 
13730 353 256 257 
13731 354 353 257 
13732 6843 6842 6795 
13733 6814 6843 6795 
13734 5102 5103 5008 
13735 6866 6841 6842 
13736 6843 6866 6842 
13737 7501 4596 6346 
13738 7272 7321 7271 
13739 7899 7875 7849 
13740 6315 6554 6647 
13741 7540 7516 7539 
13742 5052 6621 6554 
13743 6315 5052 6554 
13744 5052 3266 6621 
13745 6799 4553 3266 
13746 5052 6799 3266 
13747 5011 4808 4553 
13748 6799 5011 4553 
13749 5944 6307 6293 
13750 2248 2453 354 
13751 1381 3282 257 
13752 4589 8021 7996 
13753 6049 6050 1215 
13754 3821 1219 4836 
13755 6373 6372 6336 
13756 6337 6373 6336 
13757 6373 6409 6408 
13758 6372 6373 6408 
13759 6409 6430 6408 
13760 6458 6457 6430 
13761 6409 6458 6430 
13762 6503 6502 6457 
13763 6458 6503 6457 
13764 6521 6520 6502 
13765 6503 6521 6502 
13766 6521 6549 6548 
13767 6520 6521 6548 
13768 6549 6595 6594 
13769 6548 6549 6594 
13770 6610 6609 6594 
13771 6595 6610 6594 
13772 6610 6636 6609 
13773 7059 5930 5980 
13774 5360 5978 1937 
13775 6915 6966 6946 
13776 7067 2453 7066 
13777 6896 6865 6841 
13778 5405 6577 6530 
13779 5351 5405 6530 
13780 5206 5167 5191 
13781 6856 6857 6894 
13782 2309 3303 6301 
13783 6298 6443 6697 
13784 6866 6896 6841 
13785 6917 6916 6865 
13786 7029 7067 7028 
13787 1493 5076 4018 
13788 877 4018 4233 
13789 7876 7899 7849 
13790 7926 7925 7875 
13791 7024 6315 2260 
13792 5646 6799 5052 
13793 2141 5011 6799 
13794 5646 2141 6799 
13795 7847 7898 7846 
13796 2453 353 354 
13797 6115 6080 6356 
13798 5249 4024 5248 
13799 6503 6549 6521 
13800 6595 6636 6610 
13801 2453 2248 7066 
13802 7029 7028 6969 
13803 5918 4542 3080 
13804 1284 3845 5789 
13805 6465 298 5967 
13806 1072 2456 1028 
13807 6443 6709 6697 
13808 6321 3534 7440 
13809 7926 7975 7925 
13810 3427 2567 2528 
13811 7024 5052 6315 
13812 5893 6037 3499 
13813 4171 5971 5448 
13814 6948 6989 6947 
13815 7067 7066 7028 
13816 5364 5397 5384 
13817 6459 6458 6409 
13818 6504 6503 6458 
13819 6459 6504 6458 
13820 6550 6549 6503 
13821 6504 6550 6503 
13822 6596 6595 6549 
13823 6550 6596 6549 
13824 6637 6636 6595 
13825 6596 6637 6595 
13826 6678 6677 6636 
13827 6637 6678 6636 
13828 6734 6733 6677 
13829 6678 6734 6677 
13830 6781 6780 6733 
13831 6734 6781 6733 
13832 6802 6801 6780 
13833 6781 6802 6780 
13834 6802 6833 6832 
13835 6801 6802 6832 
13836 6888 6887 6832 
13837 6833 6888 6832 
13838 6938 6937 6887 
13839 6888 6938 6887 
13840 6938 6985 6984 
13841 6937 6938 6984 
13842 7020 7019 6984 
13843 6985 7020 6984 
13844 7020 7060 7059 
13845 7019 7020 7059 
13846 7060 5046 5930 
13847 7059 7060 5930 
13848 6968 7008 6988 
13849 6989 7029 6969 
13850 6921 6948 6920 
13851 6864 6863 6840 
13852 6170 6191 3705 
13853 5477 5056 1262 
13854 4596 4650 5119 
13855 6921 6920 6897 
13856 4598 4584 7789 
13857 7535 7534 7512 
13858 7116 7103 7104 
13859 4554 2260 6352 
13860 6323 4554 6352 
13861 4554 6297 2260 
13862 6299 7024 2260 
13863 6297 6299 2260 
13864 5101 5052 7024 
13865 6299 5101 7024 
13866 5101 7079 5052 
13867 1263 5646 5052 
13868 7079 1263 5052 
13869 4566 2141 5646 
13870 1263 4566 5646 
13871 6464 4567 4986 
13872 6010 6338 6337 
13873 5944 6010 6337 
13874 6338 6374 6373 
13875 6337 6338 6373 
13876 6374 6410 6409 
13877 6373 6374 6409 
13878 6460 6459 6409 
13879 6410 6460 6409 
13880 6551 6550 6504 
13881 6638 6637 6596 
13882 6781 6833 6802 
13883 6989 6969 6947 
13884 6948 6947 6919 
13885 6793 6840 6812 
13886 6157 1166 5918 
13887 2242 5455 3979 
13888 2235 2236 2140 
13889 3193 6388 3286 
13890 1314 1076 2374 
13891 8038 8037 7997 
13892 5116 7104 6283 
13893 42 1263 7079 
13894 5101 42 7079 
13895 6030 6029 5977 
13896 1271 6570 2223 
13897 6868 6897 6845 
13898 3839 4167 6000 
13899 6638 6678 6637 
13900 6781 6802 6833 
13901 7060 7073 5046 
13902 4578 4577 4576 
13903 6793 6812 6794 
13904 5448 4566 5565 
13905 6948 6919 6920 
13906 3438 3501 3466 
13907 3501 3552 3551 
13908 3671 4327 490 
13909 3052 2274 5475 
13910 5416 4566 42 
13911 6867 6843 6844 
13912 7819 4585 4599 
13913 7188 7187 7162 
13914 1635 5483 1424 
13915 4554 6299 6297 
13916 1263 42 4566 
13917 6392 308 6464 
13918 2248 354 1072 
13919 1216 5007 185 
13920 6294 6339 6338 
13921 6010 6294 6338 
13922 6339 6375 6374 
13923 6338 6339 6374 
13924 6411 6410 6374 
13925 6375 6411 6374 
13926 6461 6460 6410 
13927 6411 6461 6410 
13928 6461 6459 6460 
13929 6505 6504 6459 
13930 6461 6505 6459 
13931 6552 6551 6504 
13932 6505 6552 6504 
13933 6552 6550 6551 
13934 6597 6596 6550 
13935 6552 6597 6550 
13936 6639 6638 6596 
13937 6597 6639 6596 
13938 6679 6678 6638 
13939 6639 6679 6638 
13940 6679 6694 6678 
13941 6735 6734 6678 
13942 6694 6735 6678 
13943 6782 6781 6734 
13944 6735 6782 6734 
13945 6782 6802 6781 
13946 6834 6833 6802 
13947 6782 6834 6802 
13948 6889 6888 6833 
13949 6834 6889 6833 
13950 6889 6939 6938 
13951 6888 6889 6938 
13952 6939 6986 6985 
13953 6938 6939 6985 
13954 7021 7020 6985 
13955 6986 7021 6985 
13956 7021 7061 7060 
13957 7020 7021 7060 
13958 7061 7062 7073 
13959 7060 7061 7073 
13960 7073 7062 5046 
13961 5673 5745 7010 
13962 2075 2248 1072 
13963 1072 354 3662 
13964 1166 4542 5918 
13965 1166 3447 5488 
13966 4542 1166 5488 
13967 6320 5126 5152 
13968 4598 5137 4631 
13969 4599 4632 5138 
13970 7706 7755 7705 
13971 3353 7439 3322 
13972 2250 6353 6323 
13973 3177 4554 6323 
13974 6353 3177 6323 
13975 6377 6299 4554 
13976 3177 6377 4554 
13977 6439 5101 6299 
13978 6377 6439 6299 
13979 5038 42 5101 
13980 6439 5038 5101 
13981 1810 4550 6606 
13982 6506 6505 6461 
13983 6598 6597 6552 
13984 7021 7062 7061 
13985 5212 5171 5192 
13986 2453 2247 353 
13987 6920 6947 6919 
13988 352 5087 5070 
13989 6970 1166 6157 
13990 5002 2272 4019 
13991 3337 6325 3336 
13992 4446 6758 6749 
13993 2221 4234 1073 
13994 7819 4599 5138 
13995 7205 7204 7187 
13996 536 5106 6687 
13997 7228 7248 7270 
13998 6957 6377 3177 
13999 5138 4598 7789 
14000 4143 5086 1882 
14001 7066 2248 2074 
14002 7028 7066 7050 
14003 6506 6552 6505 
14004 6598 6639 6597 
14005 6679 6735 6694 
14006 6835 6834 6782 
14007 7021 7038 7062 
14008 5752 7039 5813 
14009 6950 6948 6949 
14010 5060 4234 7082 
14011 1126 3780 2143 
14012 4069 3953 3260 
14013 7999 8022 7998 
14014 5911 6344 6080 
14015 6711 1026 5054 
14016 3282 6311 6310 
14017 6482 6379 4901 
14018 7819 5138 7789 
14019 7188 7205 7187 
14020 7909 7908 7859 
14021 228 8129 3278 
14022 6957 6439 6377 
14023 6159 6035 6294 
14024 6035 6340 6339 
14025 6294 6035 6339 
14026 6340 6376 6375 
14027 6339 6340 6375 
14028 6412 6411 6375 
14029 6376 6412 6375 
14030 6462 6461 6411 
14031 6412 6462 6411 
14032 6507 6506 6461 
14033 6462 6507 6461 
14034 5396 6552 6506 
14035 6507 5396 6506 
14036 5396 6569 6552 
14037 5428 6598 6552 
14038 6569 5428 6552 
14039 5464 6639 6598 
14040 5428 5464 6598 
14041 5464 5504 6639 
14042 5532 6679 6639 
14043 5504 5532 6639 
14044 5567 6735 6679 
14045 5532 5567 6679 
14046 6783 6782 6735 
14047 5567 6783 6735 
14048 6836 6835 6782 
14049 6783 6836 6782 
14050 6836 6834 6835 
14051 6890 6889 6834 
14052 6836 6890 6834 
14053 6890 6905 6889 
14054 6940 6939 6889 
14055 6905 6940 6889 
14056 6940 6941 6939 
14057 6987 6986 6939 
14058 6941 6987 6939 
14059 6987 7022 7021 
14060 6986 6987 7021 
14061 7021 7022 7038 
14062 7022 7063 7062 
14063 7038 7022 7062 
14064 4753 1298 4324 
14065 713 3703 6758 
14066 4011 4010 3969 
14067 3530 1942 3372 
14068 6156 6971 6970 
14069 6157 6156 6970 
14070 6971 4832 1166 
14071 6970 6971 1166 
14072 979 4966 4967 
14073 1218 5060 2221 
14074 3282 2272 2213 
14075 2074 2248 2075 
14076 5028 6685 2273 
14077 5137 4598 5138 
14078 4804 469 506 
14079 7104 7103 6284 
14080 6324 2250 6532 
14081 4552 6353 2250 
14082 6324 4552 2250 
14083 1990 3177 6353 
14084 4552 1990 6353 
14085 5013 6957 3177 
14086 1990 5013 3177 
14087 6418 6439 6957 
14088 5013 6418 6957 
14089 6418 5389 5038 
14090 6439 6418 5038 
14091 5038 5389 6318 
14092 354 257 2213 
14093 5212 6434 5211 
14094 6166 7062 7063 
14095 5605 6783 5567 
14096 6941 6940 6905 
14097 6890 6941 6905 
14098 836 3985 5528 
14099 4546 2275 4981 
14100 3662 354 2213 
14101 257 3282 2213 
14102 6466 5010 4986 
14103 6969 7009 6968 
14104 5941 6177 6716 
14105 3322 3354 3353 
14106 2075 1395 7048 
14107 5975 3080 4575 
14108 7661 7708 7660 
14109 6793 6792 6739 
14110 6010 5515 6294 
14111 5745 5719 5757 
14112 6532 6510 6324 
14113 4587 2164 912 
14114 6947 6917 6918 
14115 6412 6463 6462 
14116 6463 6507 6462 
14117 5716 7051 7029 
14118 3780 1126 4649 
14119 2872 3285 258 
14120 5107 5121 7097 
14121 4393 2095 2342 
14122 5042 4991 6066 
14123 4804 5268 4778 
14124 5605 6836 6783 
14125 5670 6906 5711 
14126 2344 2211 1075 
14127 159 5028 4756 
14128 8008 2251 7958 
14129 7051 5716 5756 
14130 1948 2236 1882 
14131 5406 6657 6619 
14132 4553 4808 3936 
14133 6658 4991 5042 
14134 4044 2957 2799 
14135 5612 6950 6921 
14136 7263 7288 7242 
14137 7770 7745 7795 
14138 4022 3734 3937 
14139 6324 1990 4552 
14140 4984 4570 2159 
14141 6950 6949 6921 
14142 6919 6947 6918 
14143 4230 382 4247 
14144 6093 5941 3715 
14145 6484 2165 4962 
14146 5890 6067 6376 
14147 6340 5890 6376 
14148 6091 6412 6376 
14149 6067 6091 6376 
14150 6091 6261 6463 
14151 6412 6091 6463 
14152 5364 6507 6463 
14153 6261 5364 6463 
14154 4531 4210 2240 
14155 5121 5107 5122 
14156 5606 5648 5605 
14157 5648 6836 5605 
14158 5648 6853 6836 
14159 6891 6890 6836 
14160 6853 6891 6836 
14161 5751 6941 6890 
14162 6891 5751 6890 
14163 5775 6987 6941 
14164 5751 5775 6941 
14165 5808 7022 6987 
14166 5775 5808 6987 
14167 7022 5808 7063 
14168 5808 5840 7063 
14169 5840 5841 7063 
14170 5841 4272 1465 
14171 7063 5841 1465 
14172 5669 5627 5670 
14173 5077 4201 159 
14174 4984 6342 2809 
14175 7051 5756 7068 
14176 4979 6414 6156 
14177 4568 4979 6156 
14178 6414 3341 6971 
14179 7734 7759 7708 
14180 7709 7734 7708 
14181 7734 7781 7759 
14182 7835 7885 7834 
14183 7524 7582 7523 
14184 7519 7547 7546 
14185 7630 7685 7684 
14186 7657 7630 7684 
14187 2329 2283 2284 
14188 2282 2281 8055 
14189 2279 2278 4573 
14190 7957 8005 7982 
14191 7174 7173 7166 
14192 7575 7657 7604 
14193 2251 8007 7958 
14194 7908 7933 7907 
14195 4804 506 5291 
14196 7828 7879 7827 
14197 7853 7902 7852 
14198 7117 7142 7141 
14199 7264 7313 7263 
14200 403 7691 449 
14201 7541 7575 7604 
14202 7630 7657 7575 
14203 8022 8038 7998 
14204 7605 7606 7658 
14205 7727 7775 7726 
14206 3352 7498 7439 
14207 3353 3352 7439 
14208 7298 7274 7275 
14209 3299 3831 4519 
14210 7679 7678 7624 
14211 7400 7426 7399 
14212 7380 7379 7320 
14213 7253 7298 7275 
14214 7328 7327 7274 
14215 7298 7328 7274 
14216 7328 7356 7327 
14217 7404 7458 7487 
14218 7458 7540 7539 
14219 7857 7906 7856 
14220 7627 7626 7625 
14221 7406 7462 7461 
14222 7432 7406 7461 
14223 7462 7490 7461 
14224 7490 7520 7519 
14225 7461 7490 7519 
14226 7758 7759 7780 
14227 7834 7833 7810 
14228 7708 7759 7758 
14229 7733 7708 7758 
14230 4023 3535 6837 
14231 7321 7381 7380 
14232 7834 7884 7833 
14233 7520 7548 7547 
14234 7519 7520 7547 
14235 7772 7771 7722 
14236 7548 7608 7547 
14237 7662 7661 7608 
14238 7607 7660 7634 
14239 7727 7726 7682 
14240 7623 7677 7651 
14241 7607 7634 7579 
14242 7662 7709 7661 
14243 7481 7512 7455 
14244 7782 7781 7734 
14245 7326 7383 7382 
14246 7886 7885 7835 
14247 6323 8113 6898 
14248 2049 2097 3876 
14249 7886 7910 7885 
14250 2263 7937 7885 
14251 7910 2263 7885 
14252 7383 7406 7432 
14253 7583 7582 7524 
14254 7439 7498 7438 
14255 7274 7251 7252 
14256 7498 7497 7438 
14257 2527 2526 2486 
14258 7274 7297 7251 
14259 7685 7706 7684 
14260 7706 7705 7684 
14261 6785 2279 4573 
14262 7111 7134 7109 
14263 7356 7406 7383 
14264 7583 7638 7582 
14265 7715 4745 7984 
14266 5027 8063 7984 
14267 5644 5661 5660 
14268 7699 7721 7748 
14269 7614 7635 7613 
14270 7517 7576 7575 
14271 6785 4573 8040 
14272 7275 7274 7253 
14273 3825 4745 7715 
14274 3825 1880 4745 
14275 3977 3831 3299 
14276 7399 7426 7398 
14277 7254 7298 7253 
14278 7357 7356 7328 
14279 2488 2487 7616 
14280 6317 6312 2163 
14281 3825 3299 1880 
14282 7936 2291 7961 
14283 7462 7491 7490 
14284 7490 7491 7520 
14285 7609 7608 7548 
14286 2251 2286 8007 
14287 7882 7908 7907 
14288 7710 7709 7662 
14289 7263 7312 7288 
14290 7694 3299 3825 
14291 3299 7694 3977 
14292 2293 7937 2263 
14293 7735 7734 7709 
14294 7710 7735 7709 
14295 7836 7835 7781 
14296 7782 7836 7781 
14297 7230 7271 7248 
14298 1789 146 114 
14299 3291 3290 7197 
14300 7518 7517 7460 
14301 7884 7935 7883 
14302 3295 3294 7111 
14303 7151 7150 3294 
14304 7151 7174 7150 
14305 7638 7714 7693 
14306 7252 7251 3289 
14307 7961 2291 163 
14308 7225 7224 7190 
14309 6277 7108 6278 
14310 6283 7104 6284 
14311 7714 7737 7693 
14312 7810 7833 7809 
14313 7267 7316 7266 
14314 7231 7230 7211 
14315 7212 7211 7174 
14316 7212 7231 7211 
14317 7322 7354 7321 
14318 7189 7188 7162 
14319 7632 7659 7606 
14320 7998 8038 7997 
14321 7267 7266 7246 
14322 7936 7961 7934 
14323 7932 7982 7931 
14324 7805 7804 7776 
14325 7754 7805 7776 
14326 7780 7810 7809 
14327 7758 7780 7809 
14328 7728 7776 7727 
14329 7935 7934 7883 
14330 8026 8025 7981 
14331 7384 7356 7383 
14332 7322 7321 7272 
14333 7981 8004 7956 
14334 7856 7905 7855 
14335 7354 7381 7321 
14336 7542 7517 7518 
14337 7542 7576 7517 
14338 7935 7936 7934 
14339 7714 2452 7737 
14340 7733 7758 7732 
14341 8117 3977 8130 
14342 7708 7733 7732 
14343 7536 7535 7481 
14344 7686 7708 7732 
14345 7756 7806 7755 
14346 7708 7686 7660 
14347 1275 6109 1276 
14348 7981 8025 8004 
14349 2282 2327 2281 
14350 7165 7196 7172 
14351 7210 7229 7228 
14352 7229 7248 7228 
14353 7856 7855 7804 
14354 7575 7576 7630 
14355 7806 7805 7755 
14356 7579 7634 7578 
14357 7326 7382 7355 
14358 7756 7755 7706 
14359 8006 8005 7957 
14360 7541 7604 7629 
14361 7799 7826 7772 
14362 7094 7108 6277 
14363 7094 7120 7108 
14364 7120 7148 7147 
14365 7684 7683 7656 
14366 7881 7880 7858 
14367 7605 7658 7631 
14368 7276 7254 7255 
14369 7299 7298 7254 
14370 2286 2284 8005 
14371 8006 2286 8005 
14372 7255 7254 6349 
14373 5559 5570 5600 
14374 7604 7656 7629 
14375 7428 7427 7400 
14376 7276 7299 7254 
14377 7299 7328 7298 
14378 7407 7406 7356 
14379 7357 7407 7356 
14380 7491 7548 7520 
14381 7663 7662 7608 
14382 7609 7663 7608 
14383 1315 7639 1316 
14384 1878 3803 3949 
14385 3949 3803 4297 
14386 7721 7699 7649 
14387 7656 7683 7629 
14388 69 4369 3531 
14389 7482 7536 7481 
14390 7735 7782 7734 
14391 7538 7602 7573 
14392 7887 7886 7835 
14393 7836 7887 7835 
14394 7887 7910 7886 
14395 7885 7936 7884 
14396 7222 7242 7205 
14397 3977 8117 5484 
14398 7901 7952 7927 
14399 1878 3826 3803 
14400 60 2554 396 
14401 7902 7901 7852 
14402 2284 8042 8005 
14403 7754 7776 7728 
14404 7498 7524 7497 
14405 7879 7878 7827 
14406 7460 7517 7459 
14407 7901 7900 7850 
14408 7516 7488 7541 
14409 7649 7700 7721 
14410 7150 7166 7134 
14411 8108 2732 873 
14412 2411 3401 1878 
14413 1316 1356 1315 
14414 7908 7959 7933 
14415 7455 7454 7398 
14416 60 2690 2554 
14417 210 343 1179 
14418 7329 7328 7299 
14419 7276 7329 7299 
14420 7687 7660 7686 
14421 7329 7357 7328 
14422 7433 7406 7407 
14423 7634 7660 7633 
14424 7660 7687 7633 
14425 7538 7573 7515 
14426 7602 7601 7573 
14427 7433 7462 7406 
14428 7549 7548 7491 
14429 7610 7609 7548 
14430 7549 7610 7548 
14431 7664 7663 7609 
14432 7610 7664 7609 
14433 7664 7662 7663 
14434 7711 7710 7662 
14435 7664 7711 7662 
14436 7736 7735 7710 
14437 7711 7736 7710 
14438 7296 7326 7355 
14439 2411 1878 3671 
14440 3401 1539 1452 
14441 3401 3787 1878 
14442 1878 3787 3826 
14443 3803 3826 1538 
14444 977 978 1030 
14445 7850 7900 7876 
14446 7783 7782 7735 
14447 7837 7836 7782 
14448 7783 7837 7782 
14449 7297 7296 7251 
14450 7837 7887 7836 
14451 7722 7721 7677 
14452 2264 2296 2295 
14453 7884 7883 7833 
14454 3297 3296 2266 
14455 7638 7667 7637 
14456 7230 7248 7211 
14457 7802 7854 7801 
14458 7111 7109 7110 
14459 7803 7802 7752 
14460 7480 7509 7479 
14461 3787 1935 3826 
14462 1935 3515 1538 
14463 3826 1935 1538 
14464 3515 7765 1538 
14465 1538 7765 1746 
14466 7765 7740 4208 
14467 1746 7765 4208 
14468 4962 2165 3192 
14469 7621 7647 7646 
14470 7458 7488 7516 
14471 7430 7488 7458 
14472 3352 7524 7498 
14473 2284 2283 2282 
14474 7297 7326 7296 
14475 7107 7106 7093 
14476 7880 7906 7857 
14477 7485 7484 7428 
14478 7290 7348 7289 
14479 7514 7513 7484 
14480 7374 7400 7348 
14481 7457 7456 7401 
14482 7755 7805 7754 
14483 7321 7380 7320 
14484 7466 7465 7437 
14485 7628 7627 7573 
14486 7314 7347 7313 
14487 7489 7518 7460 
14488 3515 1935 7765 
14489 938 976 975 
14490 8036 2276 8035 
14491 7431 7430 7458 
14492 7210 7228 7247 
14493 7430 7431 7458 
14494 7222 7264 7242 
14495 7346 7398 7373 
14496 7737 451 7692 
14497 7583 7668 7638 
14498 7668 7669 7638 
14499 7997 7996 7950 
14500 7378 7431 7430 
14501 7319 7293 7353 
14502 7269 7293 7319 
14503 7228 7270 7269 
14504 7247 7228 7269 
14505 7270 7293 7269 
14506 7638 7637 7581 
14507 7582 7638 7581 
14508 7231 7272 7230 
14509 6347 7276 7254 
14510 7358 7357 7329 
14511 7833 7883 7860 
14512 7647 7621 7676 
14513 1935 2351 7765 
14514 7765 2351 7740 
14515 3339 3531 4369 
14516 4446 3285 2872 
14517 7423 7478 7450 
14518 7779 7732 7808 
14519 7833 7860 7832 
14520 7732 7758 7808 
14521 7358 7407 7357 
14522 7492 7491 7462 
14523 7433 7492 7462 
14524 7550 7549 7491 
14525 7611 7610 7549 
14526 7550 7611 7549 
14527 7961 7960 7934 
14528 7517 7575 7541 
14529 7690 7691 403 
14530 7226 7246 7208 
14531 7226 7208 7195 
14532 7292 7316 7267 
14533 7292 7350 7316 
14534 7164 7165 7172 
14535 7175 7174 7151 
14536 7997 8037 7996 
14537 7665 7664 7610 
14538 7611 7665 7610 
14539 7807 7806 7756 
14540 6797 6899 8064 
14541 2351 7814 7740 
14542 7814 3339 7740 
14543 4742 3635 3531 
14544 7809 7833 7832 
14545 7807 7830 7806 
14546 7634 7633 7577 
14547 3298 7735 7736 
14548 7711 3298 7736 
14549 7784 7783 7735 
14550 3298 7784 7735 
14551 7296 7355 7325 
14552 2266 7837 7783 
14553 7317 7318 7351 
14554 7630 7658 7706 
14555 7960 7961 2307 
14556 8040 4573 8039 
14557 7402 7457 7401 
14558 7246 7266 7245 
14559 7246 7245 7208 
14560 7133 7165 7164 
14561 7149 7133 7164 
14562 7784 2266 7783 
14563 7251 7296 7250 
14564 7850 7876 7798 
14565 7933 7932 7907 
14566 157 3692 1935 
14567 1935 3692 2351 
14568 7764 7839 3339 
14569 7814 7764 3339 
14570 4912 4742 3531 
14571 937 938 975 
14572 7290 7289 7243 
14573 7830 7858 7806 
14574 2266 7887 7837 
14575 2908 3792 2942 
14576 7669 7714 7638 
14577 7605 7576 7542 
14578 7576 7605 7630 
14579 7605 7631 7630 
14580 7631 7658 7630 
14581 7119 7120 7146 
14582 7387 7413 7386 
14583 7207 7244 7225 
14584 7207 7225 7191 
14585 7192 7207 7191 
14586 7291 7290 7244 
14587 7291 7349 7290 
14588 7539 7538 7486 
14589 7655 7654 7602 
14590 8037 8038 4590 
14591 157 3741 3692 
14592 3692 3741 2351 
14593 3741 7764 7814 
14594 2351 3741 7814 
14595 7764 7123 7839 
14596 7839 7123 3339 
14597 7123 8047 3531 
14598 3339 7123 3531 
14599 3738 1351 792 
14600 7958 7957 7932 
14601 7749 7772 7723 
14602 7933 7958 7932 
14603 7578 7634 7577 
14604 7996 8037 4589 
14605 7582 7581 7523 
14606 8042 2284 2282 
14607 7906 7905 7856 
14608 7691 7690 7614 
14609 7636 7691 7614 
14610 7194 7193 7163 
14611 7148 7194 7163 
14612 7223 7264 7222 
14613 7118 7117 7090 
14614 7091 7118 7090 
14615 7144 7171 7191 
14616 7171 7192 7191 
14617 7145 7171 7144 
14618 7132 7145 7144 
14619 7131 7132 7144 
14620 7120 7119 7108 
14621 7554 7580 7553 
14622 7554 7614 7580 
14623 7194 7195 7193 
14624 7982 8005 7981 
14625 7522 7581 7521 
14626 3741 1414 7764 
14627 7123 3424 8047 
14628 3424 8047 3531 
14629 8047 3424 3531 
14630 8047 3634 4912 
14631 3531 8047 4912 
14632 6870 4742 4912 
14633 3634 6870 4912 
14634 1351 3738 5572 
14635 6870 4957 4742 
14636 7163 7193 7171 
14637 7750 7749 7724 
14638 7749 7800 7772 
14639 2282 8055 8025 
14640 6659 5571 3122 
14641 7273 7294 7323 
14642 7655 7704 7654 
14643 7775 7774 7726 
14644 7208 7207 7192 
14645 7347 7346 7313 
14646 3616 5701 5682 
14647 3531 3635 69 
14648 7523 7581 7522 
14649 7149 7164 7148 
14650 7172 7196 7210 
14651 7852 7901 7851 
14652 7249 7294 7273 
14653 7206 7205 7189 
14654 7603 7629 7602 
14655 7429 7428 7374 
14656 7375 7429 7374 
14657 7195 7208 7193 
14658 7466 7522 7465 
14659 7855 7879 7828 
14660 7581 7554 7521 
14661 7580 7614 7553 
14662 3741 157 4265 
14663 1414 6478 7764 
14664 7764 6478 7123 
14665 7123 6478 3424 
14666 3424 3634 8047 
14667 5040 6870 3634 
14668 2734 4957 6870 
14669 5040 2734 6870 
14670 5047 1082 2994 
14671 7681 7680 7626 
14672 7119 7146 7145 
14673 7652 7681 7626 
14674 7859 7908 7882 
14675 8055 8054 8025 
14676 7512 7534 7511 
14677 7693 7737 7692 
14678 7273 7323 7322 
14679 3844 936 3934 
14680 6553 2279 6785 
14681 7326 7384 7383 
14682 2279 2244 2243 
14683 5682 2454 5660 
14684 7193 7208 7192 
14685 7463 7495 7436 
14686 796 1512 1345 
14687 1512 796 4378 
14688 7427 7426 7400 
14689 7348 7347 7314 
14690 7190 7206 7189 
14691 7289 7348 7314 
14692 7132 7131 7106 
14693 7314 7313 7264 
14694 7681 7702 7680 
14695 7225 7243 7224 
14696 7438 7497 7466 
14697 7497 7523 7466 
14698 4898 7838 4265 
14699 7838 3913 3741 
14700 3741 3913 1414 
14701 6478 7670 3424 
14702 3424 7862 3634 
14703 7386 7413 7385 
14704 8137 8064 8141 
14705 7554 7553 7496 
14706 7521 7554 7496 
14707 7879 7930 7878 
14708 7627 7625 7571 
14709 8061 3784 8038 
14710 8044 5558 5559 
14711 7206 7222 7205 
14712 3327 6347 6348 
14713 8022 8052 8038 
14714 2281 2244 8054 
14715 7572 7627 7571 
14716 2485 2486 2525 
14717 6899 6871 2206 
14718 7600 7627 7572 
14719 7514 7572 7513 
14720 7652 7626 7627 
14721 7224 7223 7190 
14722 2142 8102 8092 
14723 3863 7811 1495 
14724 15 303 224 
14725 92 15 224 
14726 7385 7360 7333 
14727 7334 7385 7333 
14728 7412 7411 7360 
14729 7385 7412 7360 
14730 7233 7249 7232 
14731 7692 7691 7667 
14732 7224 7265 7223 
14733 7289 7264 7265 
14734 7799 7852 7826 
14735 7851 7850 7825 
14736 8000 8023 7999 
14737 7752 7751 7702 
14738 8041 8040 8002 
14739 8003 8041 8002 
14740 1414 3913 6478 
14741 7670 3864 7862 
14742 3424 7670 7862 
14743 3864 3539 3634 
14744 7862 3864 3634 
14745 3634 3539 5040 
14746 5040 4574 2734 
14747 4304 86 167 
14748 7877 7928 7903 
14749 7959 8008 7958 
14750 7707 7731 7658 
14751 7956 8004 7980 
14752 7300 7276 6347 
14753 7330 7329 7276 
14754 7300 7330 7276 
14755 7330 7358 7329 
14756 7653 7652 7627 
14757 8055 2281 8054 
14758 2327 2326 2281 
14759 7731 7777 7730 
14760 8044 5559 5600 
14761 4559 7919 4560 
14762 7755 7754 7705 
14763 7400 7399 7347 
14764 7702 7701 7680 
14765 7350 7376 7316 
14766 3403 1539 3401 
14767 1974 3863 1495 
14768 7598 7597 7535 
14769 7535 7536 7482 
14770 7930 7978 7929 
14771 7105 7118 7091 
14772 7092 7105 7091 
14773 7657 7684 7604 
14774 7636 7614 7554 
14775 7523 7522 7466 
14776 3896 3913 7838 
14777 3913 7389 6478 
14778 7389 7670 6478 
14779 3864 588 5040 
14780 3539 3864 5040 
14781 588 3402 4574 
14782 5040 588 4574 
14783 7463 7521 7496 
14784 7266 7291 7244 
14785 7570 7598 7535 
14786 7408 7407 7358 
14787 7408 7433 7407 
14788 7271 7293 7248 
14789 1992 598 154 
14790 8106 8138 8108 
14791 7220 7262 7219 
14792 5524 8056 3122 
14793 5645 3725 3616 
14794 3725 5684 5683 
14795 3616 3725 5683 
14796 7347 7399 7346 
14797 7465 7464 7413 
14798 7690 403 7713 
14799 7131 7118 7105 
14800 7624 7678 7623 
14801 7134 7166 7133 
14802 7145 7146 7171 
14803 3635 4814 69 
14804 7335 3913 3896 
14805 3377 7335 3896 
14806 7389 7585 7670 
14807 7585 3864 7670 
14808 588 7584 3402 
14809 7955 7954 7904 
14810 7905 7955 7904 
14811 7140 7141 7162 
14812 7116 7117 7140 
14813 7264 7263 7242 
14814 7493 7491 7492 
14815 5557 5556 5536 
14816 8024 8023 8000 
14817 6432 5496 6523 
14818 3122 792 6659 
14819 6659 792 1351 
14820 1992 2655 598 
14821 1351 5571 6659 
14822 7716 3725 5496 
14823 3339 4208 7740 
14824 7459 7517 7488 
14825 7483 7482 7426 
14826 7723 7722 7677 
14827 7678 7723 7677 
14828 7456 7515 7485 
14829 7752 7802 7751 
14830 7245 7266 7244 
14831 5027 4745 4860 
14832 2619 7335 3377 
14833 7335 2619 3913 
14834 3913 2619 7389 
14835 4547 3864 7585 
14836 4547 882 3864 
14837 882 588 3864 
14838 7877 7903 7853 
14839 8051 3784 4590 
14840 383 1445 4208 
14841 7722 7771 7721 
14842 7551 7550 7491 
14843 7493 7551 7491 
14844 7825 7798 7748 
14845 7380 7405 7379 
14846 7117 7141 7140 
14847 383 4208 1006 
14848 8060 8035 2276 
14849 7690 7689 7614 
14850 7887 2297 2296 
14851 3738 5496 5572 
14852 1219 3009 6892 
14853 1518 1623 236 
14854 146 2695 2628 
14855 3935 5684 3725 
14856 3935 3010 5684 
14857 2420 2960 891 
14858 7648 7676 7697 
14859 7496 7553 7495 
14860 7131 7144 7143 
14861 8074 8086 2344 
14862 3694 4591 279 
14863 7979 7978 7930 
14864 7877 7853 7854 
14865 4820 3402 3140 
14866 6293 6283 6284 
14867 2619 3683 7389 
14868 3683 7840 7389 
14869 7389 7840 7585 
14870 882 6713 588 
14871 6713 7912 7584 
14872 588 6713 7584 
14873 7912 3140 3402 
14874 7584 7912 3402 
14875 7772 7825 7771 
14876 7804 7855 7829 
14877 7118 7143 7142 
14878 7486 7515 7457 
14879 7850 7851 7825 
14880 7712 7711 7664 
14881 7851 7850 7825 
14882 7665 7712 7664 
14883 7676 7648 7697 
14884 5536 5520 5537 
14885 2297 7887 2265 
14886 819 2845 907 
14887 3122 8056 792 
14888 3738 6523 5496 
14889 4574 3402 4820 
14890 6170 6141 6142 
14891 3935 5039 3010 
14892 4884 1389 4775 
14893 7118 7131 7143 
14894 7376 7429 7375 
14895 3694 279 3639 
14896 8002 8040 8024 
14897 8002 8024 8001 
14898 7878 7929 7877 
14899 5496 6432 7716 
14900 5081 7840 3683 
14901 5081 7585 7840 
14902 5081 2308 7585 
14903 7585 2308 4547 
14904 6713 3140 7912 
14905 6798 8109 8124 
14906 7313 7346 7312 
14907 7117 7118 7142 
14908 7826 7852 7799 
14909 7934 7960 7909 
14910 3298 3297 7784 
14911 7883 7934 7909 
14912 887 2380 214 
14913 5520 7963 5537 
14914 7963 5523 5537 
14915 3703 4250 1186 
14916 5524 2709 8056 
14917 2709 6438 792 
14918 8056 2709 792 
14919 3738 7786 6523 
14920 6432 1267 3725 
14921 7716 6432 3725 
14922 1267 3740 3935 
14923 3725 1267 3935 
14924 3703 1186 5521 
14925 7726 7703 7704 
14926 7676 7720 7697 
14927 7386 7385 7334 
14928 7626 7679 7624 
14929 7374 7428 7400 
14930 7751 7773 7749 
14931 3876 2619 3185 
14932 3876 3683 2619 
14933 2308 3484 4547 
14934 3484 882 4547 
14935 2278 3694 4573 
14936 7998 7997 7951 
14937 2487 2528 2527 
14938 7804 7829 7776 
14939 7377 7352 7403 
14940 3297 2266 7784 
14941 7883 7909 7860 
14942 2265 7887 2266 
14943 7913 5520 5494 
14944 5520 7913 7963 
14945 7963 7985 5523 
14946 2709 3915 792 
14947 6438 2709 792 
14948 3915 3791 3738 
14949 792 3915 3738 
14950 7786 7361 6523 
14951 6523 7361 6432 
14952 3740 3911 3935 
14953 3935 3911 5039 
14954 7598 7623 7597 
14955 7626 7624 7625 
14956 7191 7190 7143 
14957 7174 7211 7173 
14958 8040 8039 8024 
14959 7541 7629 7603 
14960 7766 5081 3683 
14961 3876 7766 3683 
14962 3484 1527 6713 
14963 882 3484 6713 
14964 1527 3172 6713 
14965 3172 3140 6713 
14966 3172 4847 3140 
14967 7878 7877 7827 
14968 3296 3297 178 
14969 3298 3314 3297 
14970 7913 7964 7963 
14971 7963 7964 7985 
14972 7964 7986 5523 
14973 7985 7964 5523 
14974 5523 7986 5524 
14975 3915 7468 3738 
14976 3791 3915 3738 
14977 3738 7468 7786 
14978 7361 1267 6432 
14979 3911 3740 1267 
14980 3568 5039 3911 
14981 3615 4840 5039 
14982 3568 3615 5039 
14983 3615 5093 4840 
14984 7702 7725 7701 
14985 7144 7191 7143 
14986 7289 7314 7264 
14987 7728 7727 7682 
14988 7683 7728 7682 
14989 7581 7637 7554 
14990 7637 7667 7636 
14991 7762 7766 3876 
14992 7762 5081 7766 
14993 3640 2308 5081 
14994 7762 3640 5081 
14995 7937 7936 7885 
14996 7778 7779 7808 
14997 7608 7661 7607 
14998 5494 7889 7913 
14999 5215 5216 5236 
15000 7986 8045 2709 
15001 5524 7986 2709 
15002 3915 3189 7468 
15003 7468 6483 7786 
15004 7786 6483 7361 
15005 7361 6483 1267 
15006 4021 3911 1267 
15007 2098 2166 2165 
15008 7427 7483 7426 
15009 7774 7803 7752 
15010 7574 7541 7603 
15011 7152 7151 3294 
15012 7732 7779 7778 
15013 7757 7732 7778 
15014 7686 7732 7757 
15015 7213 7212 7174 
15016 6611 3484 2308 
15017 3640 6611 2308 
15018 3484 6611 1527 
15019 8068 8092 8084 
15020 7321 7320 7293 
15021 7516 7541 7574 
15022 7831 7830 7807 
15023 7637 7636 7554 
15024 7951 7997 7950 
15025 7482 7481 7455 
15026 7398 7425 7372 
15027 7889 7939 7913 
15028 7913 7939 7964 
15029 7986 8028 8045 
15030 8045 8028 2709 
15031 8028 3690 3915 
15032 2709 8028 3915 
15033 6483 1940 1267 
15034 1940 7863 1267 
15035 1267 7863 4021 
15036 4021 3568 3911 
15037 3568 5093 3615 
15038 7601 7628 7573 
15039 7146 7147 7163 
15040 7147 7148 7163 
15041 7774 7752 7753 
15042 403 449 7760 
15043 7271 7321 7293 
15044 7404 7430 7458 
15045 7175 7213 7174 
15046 7936 7935 7884 
15047 7687 7686 7633 
15048 6484 7762 3876 
15049 2097 6484 3876 
15050 6611 3768 1527 
15051 3768 3172 1527 
15052 3768 6413 4847 
15053 3172 3768 4847 
15054 236 1623 4847 
15055 6413 236 4847 
15056 1994 4076 343 
15057 3406 3457 8087 
15058 7273 7272 7231 
15059 7957 7982 7932 
15060 3137 2655 2549 
15061 5480 7841 5494 
15062 2288 8008 100 
15063 7841 7889 5494 
15064 7964 7939 7986 
15065 8028 3724 3690 
15066 3724 3822 3915 
15067 3690 3724 3915 
15068 3915 3822 3189 
15069 3189 7788 7468 
15070 7468 7788 6483 
15071 1940 3375 7863 
15072 3375 3587 4021 
15073 7863 3375 4021 
15074 3587 3723 4021 
15075 3824 3568 4021 
15076 3723 3824 4021 
15077 3824 5093 3568 
15078 7190 7189 7142 
15079 7243 7265 7224 
15080 7659 7707 7658 
15081 7555 7524 3352 
15082 7129 7128 7115 
15083 7911 6484 2097 
15084 2208 3640 7762 
15085 6484 2208 7762 
15086 8087 3457 5772 
15087 7353 7378 7404 
15088 7213 7231 7212 
15089 7615 7583 7524 
15090 7555 7615 7524 
15091 7277 6347 3327 
15092 4556 4583 7717 
15093 7841 7890 7889 
15094 7890 7914 7889 
15095 7914 7940 7939 
15096 7889 7914 7939 
15097 7940 7965 7939 
15098 7939 7965 7986 
15099 7965 8011 7986 
15100 7986 8011 8028 
15101 3724 1124 3822 
15102 3822 7785 7788 
15103 3189 3822 7788 
15104 7788 7785 6483 
15105 7785 1940 6483 
15106 3767 5093 3824 
15107 7557 3767 3824 
15108 8134 8132 8108 
15109 7243 7289 7265 
15110 8023 8022 7999 
15111 7352 7353 7404 
15112 7378 7430 7404 
15113 7277 7300 6347 
15114 7331 7330 7300 
15115 7359 7358 7330 
15116 7331 7359 7330 
15117 1974 1660 4686 
15118 3897 6611 3640 
15119 2208 3897 3640 
15120 3897 3768 6611 
15121 7318 7319 7352 
15122 7251 7250 7233 
15123 7234 7251 7233 
15124 7641 7642 4578 
15125 6321 7440 7501 
15126 7501 7525 4596 
15127 4558 4559 4585 
15128 7434 7433 7408 
15129 3767 4923 4586 
15130 5480 7815 7841 
15131 7864 7865 7890 
15132 7841 7864 7890 
15133 7865 7915 7914 
15134 7890 7865 7914 
15135 7914 7915 7940 
15136 7965 7987 8011 
15137 7987 8011 8028 
15138 8011 7987 8028 
15139 8011 8046 3724 
15140 8028 8011 3724 
15141 1124 7785 3822 
15142 7785 5024 1940 
15143 5024 3375 1940 
15144 3375 3723 3587 
15145 7557 3824 3723 
15146 3122 5523 5524 
15147 7654 7703 7653 
15148 7121 7120 7094 
15149 7273 7322 7272 
15150 7209 7210 7227 
15151 7434 7435 7433 
15152 7493 7492 7433 
15153 7435 7493 7433 
15154 3831 3977 5484 
15155 4962 2208 6484 
15156 6803 3768 3897 
15157 6803 3843 3768 
15158 3768 3843 6413 
15159 6413 3843 236 
15160 2486 2487 2527 
15161 7244 7243 7225 
15162 7319 7353 7352 
15163 7489 7542 7518 
15164 7440 7469 7501 
15165 7469 7525 7501 
15166 100 8008 2307 
15167 7612 7611 7550 
15168 7551 7612 7550 
15169 6707 7842 7841 
15170 7815 6707 7841 
15171 7842 7865 7864 
15172 7841 7842 7864 
15173 7940 7915 7965 
15174 8011 7987 8046 
15175 8046 62 1124 
15176 3724 8046 1124 
15177 1124 3513 7785 
15178 7785 7177 5024 
15179 5024 3828 3375 
15180 3828 7818 3723 
15181 3375 3828 3723 
15182 8010 7557 3723 
15183 8023 8053 8022 
15184 8053 8052 8022 
15185 7777 7807 7756 
15186 7210 7247 7226 
15187 7227 7210 7226 
15188 7730 7756 7706 
15189 7729 7730 7706 
15190 7249 7295 7324 
15191 7612 7665 7611 
15192 3353 3379 3352 
15193 3860 2208 4962 
15194 3860 3897 2208 
15195 7269 7319 7318 
15196 6144 7058 6108 
15197 6305 7440 3534 
15198 7526 7525 7469 
15199 7526 4576 7525 
15200 4590 3784 4639 
15201 2334 7712 7665 
15202 2334 7711 7712 
15203 7842 7866 7865 
15204 7915 7941 7965 
15205 7941 7988 7987 
15206 7965 7941 7987 
15207 7987 8029 8046 
15208 62 1098 3513 
15209 1124 62 3513 
15210 3513 1098 7785 
15211 7177 6684 5024 
15212 5024 6684 3828 
15213 3828 3693 7818 
15214 7818 7763 3723 
15215 7763 8010 3723 
15216 6761 7557 8010 
15217 7763 6761 8010 
15218 5523 3122 5559 
15219 7626 7625 7599 
15220 7601 7654 7628 
15221 7654 7653 7628 
15222 7350 7402 7376 
15223 7460 7459 7405 
15224 3315 3298 7711 
15225 2334 3315 7711 
15226 1275 1317 1316 
15227 2549 3897 3860 
15228 2655 6803 3897 
15229 2549 2655 3897 
15230 7172 7210 7209 
15231 7629 7682 7655 
15232 5113 6121 5114 
15233 7058 6144 5937 
15234 6084 6305 6304 
15235 7414 7440 6305 
15236 7470 7469 7440 
15237 7414 7470 7440 
15238 7526 7586 4576 
15239 7556 3352 3378 
15240 178 2266 3296 
15241 6706 7816 6707 
15242 6707 7816 7842 
15243 7866 7891 7865 
15244 7865 7891 7915 
15245 7915 7891 7941 
15246 7987 7988 8029 
15247 8029 8057 8046 
15248 8046 8057 62 
15249 1098 7302 7785 
15250 7785 7302 7177 
15251 7177 7302 6684 
15252 449 402 403 
15253 7348 7400 7347 
15254 7515 7573 7514 
15255 7658 7729 7706 
15256 7781 7835 7810 
15257 7629 7655 7602 
15258 2835 3860 4962 
15259 2835 2549 3860 
15260 1992 3843 6803 
15261 2655 1992 6803 
15262 3843 1992 154 
15263 7835 7834 7810 
15264 7256 6168 6235 
15265 7362 6305 6084 
15266 7362 7414 6305 
15267 7470 7526 7469 
15268 7642 7641 7586 
15269 7669 7668 7583 
15270 2286 2331 2330 
15271 2166 2098 2144 
15272 7816 7843 7842 
15273 7842 7843 7866 
15274 7891 7916 7941 
15275 7988 8012 8029 
15276 8012 3004 8057 
15277 8029 8012 8057 
15278 8057 3004 62 
15279 7302 3417 6684 
15280 6684 3417 3828 
15281 3417 3895 3828 
15282 3828 3895 3693 
15283 3693 7763 7818 
15284 7761 6761 7763 
15285 7761 2815 6761 
15286 2050 2097 2049 
15287 6761 2815 4637 
15288 7903 7953 7902 
15289 7120 7121 7148 
15290 7293 7320 7353 
15291 7704 7703 7654 
15292 2835 2617 2549 
15293 7626 7680 7625 
15294 7415 7414 7362 
15295 7527 7526 7470 
15296 7527 7586 7526 
15297 4584 4557 7789 
15298 7866 7843 7891 
15299 7916 7966 7941 
15300 7941 7966 7988 
15301 3302 1098 62 
15302 3004 3302 62 
15303 1098 7812 7302 
15304 5036 7763 3693 
15305 3895 5036 3693 
15306 5036 6847 7763 
15307 402 2335 7713 
15308 7750 7751 7749 
15309 7122 7133 7121 
15310 7133 7149 7121 
15311 7830 7881 7858 
15312 7439 7438 3322 
15313 7346 7373 7312 
15314 2485 7714 7669 
15315 7950 7975 7926 
15316 6279 7107 7093 
15317 7244 7290 7243 
15318 7597 7596 7534 
15319 7141 7142 7162 
15320 7771 7825 7748 
15321 7292 7317 7351 
15322 7337 6084 6015 
15323 7337 7362 6084 
15324 7471 7470 7414 
15325 7415 7471 7414 
15326 7558 7586 7527 
15327 7558 7617 7586 
15328 7617 7642 7586 
15329 7659 7658 7606 
15330 7301 7300 7277 
15331 3307 7301 7277 
15332 7869 4558 7819 
15333 2282 2283 2328 
15334 6706 5440 7816 
15335 7843 7867 7891 
15336 7867 7916 7891 
15337 7966 7989 8012 
15338 7988 7966 8012 
15339 3302 7813 7812 
15340 1098 3302 7812 
15341 7812 7813 7302 
15342 6746 7763 6847 
15343 7763 6746 7761 
15344 6746 3790 2815 
15345 7761 6746 2815 
15346 3790 1974 4907 
15347 2815 3790 4907 
15348 7751 7801 7773 
15349 7195 7194 7148 
15350 8007 8006 7957 
15351 7301 7331 7300 
15352 7409 7408 7358 
15353 7359 7409 7358 
15354 7435 7434 7408 
15355 7409 7435 7408 
15356 7494 7493 7435 
15357 7494 7551 7493 
15358 7363 7362 7337 
15359 7363 7415 7362 
15360 7471 7527 7470 
15361 7617 7672 7642 
15362 7642 7672 4580 
15363 7816 5441 7843 
15364 7843 5441 5411 
15365 7868 7917 7916 
15366 7867 7868 7916 
15367 7917 7942 7916 
15368 7916 7942 7966 
15369 7989 8030 3004 
15370 8012 7989 3004 
15371 3004 4031 3302 
15372 7813 8027 7302 
15373 8027 3992 3417 
15374 7302 8027 3417 
15375 3992 3482 3417 
15376 3482 8043 3895 
15377 3417 3482 3895 
15378 3790 1853 1974 
15379 8037 4590 4589 
15380 7401 7456 7429 
15381 7122 7121 7095 
15382 7958 8007 7957 
15383 7860 7909 7859 
15384 7612 7688 7665 
15385 7688 2334 7665 
15386 7303 6015 6260 
15387 7303 7337 6015 
15388 7416 7415 7363 
15389 7502 7527 7471 
15390 7559 7558 7527 
15391 7502 7559 7527 
15392 7673 7672 7617 
15393 7672 7673 4580 
15394 6532 8135 8121 
15395 7677 7721 7700 
15396 5411 7868 7867 
15397 7843 5411 7867 
15398 7917 7943 7942 
15399 7943 7967 7966 
15400 7942 7943 7966 
15401 7967 7989 7966 
15402 8030 4623 4031 
15403 3004 8030 4031 
15404 4031 4623 3302 
15405 3482 6295 3895 
15406 8043 3482 3895 
15407 6295 7671 5036 
15408 3895 6295 5036 
15409 937 3934 936 
15410 7401 7429 7376 
15411 8007 2286 8006 
15412 7686 7757 7731 
15413 7709 7708 7661 
15414 7858 7880 7857 
15415 7885 7884 7834 
15416 7364 7363 7337 
15417 7303 7364 7337 
15418 7441 7471 7415 
15419 7416 7441 7415 
15420 7441 7502 7471 
15421 7618 7617 7558 
15422 7559 7618 7558 
15423 7686 7707 7659 
15424 7868 5411 5412 
15425 7556 7555 3352 
15426 7950 7996 7975 
15427 4265 7838 3741 
15428 7943 7990 7989 
15429 7967 7943 7989 
15430 2951 3302 4623 
15431 2951 7813 3302 
15432 7813 2951 8027 
15433 3482 7671 6295 
15434 7671 6605 6847 
15435 5036 7671 6847 
15436 6605 5043 6746 
15437 6847 6605 6746 
15438 5043 7738 3790 
15439 6746 5043 3790 
15440 7738 7081 1853 
15441 3790 7738 1853 
15442 7081 7811 1974 
15443 1853 7081 1974 
15444 8005 8026 7981 
15445 7686 7659 7632 
15446 7353 7320 7378 
15447 7623 7651 7596 
15448 7731 7757 7778 
15449 7296 7325 7324 
15450 7707 7686 7731 
15451 7295 7296 7324 
15452 6235 6168 6260 
15453 6168 7303 6260 
15454 7364 7416 7363 
15455 7503 7502 7441 
15456 7503 7559 7502 
15457 7618 7673 7617 
15458 1211 5018 4145 
15459 4563 8058 1382 
15460 4840 4731 5039 
15461 7868 5419 7917 
15462 7917 5419 7943 
15463 7990 8013 7989 
15464 8031 8030 7989 
15465 8013 8031 7989 
15466 8031 4623 8030 
15467 2951 7467 8027 
15468 7467 3992 8027 
15469 1313 3482 3992 
15470 7467 1313 3992 
15471 3482 3938 7671 
15472 5043 7064 7738 
15473 7738 7064 7081 
15474 7929 7978 7928 
15475 7226 7268 7246 
15476 7959 7958 7933 
15477 7633 7686 7632 
15478 7616 7615 7555 
15479 7556 7616 7555 
15480 7616 7583 7615 
15481 2486 7669 7583 
15482 7616 2486 7583 
15483 8052 8061 8038 
15484 6320 6305 3534 
15485 7667 7691 7636 
15486 2486 2485 7669 
15487 7304 7303 6168 
15488 7390 7416 7364 
15489 7442 7441 7416 
15490 7390 7442 7416 
15491 7560 7559 7503 
15492 7643 7673 7618 
15493 7643 4556 7673 
15494 4556 7717 7673 
15495 2485 2452 7714 
15496 5412 5419 7868 
15497 7316 7376 7315 
15498 5419 7918 7943 
15499 8013 7990 8031 
15500 3844 4623 8031 
15501 7741 3938 3482 
15502 1313 7741 3482 
15503 3938 7741 7671 
15504 7811 3863 1495 
15505 5599 8044 5600 
15506 6707 6742 6706 
15507 7268 7267 7246 
15508 7296 7295 7250 
15509 3306 7301 3307 
15510 7332 7331 7301 
15511 7332 7359 7331 
15512 7825 7850 7798 
15513 7338 7364 7303 
15514 7304 7338 7303 
15515 7338 7390 7364 
15516 7442 7503 7441 
15517 7587 7618 7559 
15518 7560 7587 7559 
15519 7587 7643 7618 
15520 7410 7409 7359 
15521 7436 7435 7409 
15522 7410 7436 7409 
15523 7614 7689 7635 
15524 7918 7968 7943 
15525 7943 7968 7990 
15526 3934 4623 3844 
15527 3252 2951 4623 
15528 3934 3252 4623 
15529 3252 7467 2951 
15530 7467 7499 1313 
15531 7741 6055 7671 
15532 6055 7787 7671 
15533 7671 7787 6605 
15534 7787 6846 5043 
15535 6605 7787 5043 
15536 6846 6744 7064 
15537 5043 6846 7064 
15538 6744 1352 7081 
15539 7064 6744 7081 
15540 1352 8009 7811 
15541 7081 1352 7811 
15542 7811 8009 3863 
15543 4583 4582 7717 
15544 7535 7597 7534 
15545 7677 7700 7651 
15546 7176 7213 7175 
15547 7552 7551 7494 
15548 7256 7304 6168 
15549 7391 7390 7338 
15550 7504 7503 7442 
15551 7504 7560 7503 
15552 7644 7643 7587 
15553 7613 7612 7551 
15554 7552 7613 7551 
15555 861 1184 954 
15556 8014 7990 7968 
15557 8014 8031 7990 
15558 7817 7467 3252 
15559 6199 7499 7467 
15560 7817 6199 7467 
15561 6199 1313 7499 
15562 8050 2318 8036 
15563 7903 7902 7853 
15564 7176 7175 7152 
15565 7666 7688 7612 
15566 2335 2334 7688 
15567 5673 5719 5745 
15568 7305 7304 7256 
15569 7305 7338 7304 
15570 7443 7442 7390 
15571 7391 7443 7390 
15572 7528 7560 7504 
15573 7528 7587 7560 
15574 7695 4556 7643 
15575 7644 7695 7643 
15576 936 8031 8014 
15577 4059 4056 1254 
15578 7817 3252 3934 
15579 6199 7962 1313 
15580 3566 7741 1313 
15581 7962 3566 1313 
15582 7741 3566 6055 
15583 7249 7273 7232 
15584 7292 7351 7350 
15585 7351 7377 7350 
15586 7350 7377 7402 
15587 7377 7403 7402 
15588 8051 8038 3784 
15589 7402 7401 7376 
15590 7193 7192 7171 
15591 4127 3142 4177 
15592 6348 6347 7861 
15593 5484 5262 3831 
15594 6283 6061 5116 
15595 5110 5109 7167 
15596 1935 1419 23 
15597 7892 7919 4559 
15598 2411 3671 490 
15599 7257 7256 5846 
15600 6121 7257 5846 
15601 7339 7338 7305 
15602 7339 7391 7338 
15603 7443 7504 7442 
15604 7588 7587 7528 
15605 7588 7644 7587 
15606 7718 4557 4556 
15607 7695 7718 4556 
15608 2318 2276 8036 
15609 4559 4558 7892 
15610 18 16 439 
15611 4424 3673 161 
15612 4681 161 3673 
15613 975 7817 3934 
15614 937 975 3934 
15615 3566 7962 6199 
15616 3566 6760 6055 
15617 6055 6760 7787 
15618 6760 7739 6846 
15619 7787 6760 6846 
15620 7739 1068 6744 
15621 6846 7739 6744 
15622 1068 1353 1352 
15623 6744 1068 1352 
15624 7628 7653 7627 
15625 7316 7315 7266 
15626 7403 7404 7402 
15627 7570 7535 7537 
15628 5107 7135 5109 
15629 7167 7178 7198 
15630 7198 7178 6121 
15631 7278 7256 7257 
15632 7278 7305 7256 
15633 7392 7391 7339 
15634 7472 7504 7443 
15635 7529 7528 7504 
15636 7472 7529 7504 
15637 7645 7644 7588 
15638 7718 7767 4557 
15639 4557 7767 7789 
15640 7892 7869 7919 
15641 7919 7969 4561 
15642 7608 7607 7579 
15643 7806 7858 7805 
15644 7190 7223 7206 
15645 7653 7703 7652 
15646 1092 161 4681 
15647 975 7336 7817 
15648 7336 6199 7817 
15649 6760 1068 7739 
15650 7484 7483 7427 
15651 7606 7605 7543 
15652 7211 7248 7229 
15653 7208 7245 7207 
15654 7457 7404 7486 
15655 7774 7828 7803 
15656 3304 7386 7334 
15657 7095 7121 7094 
15658 7488 7459 7516 
15659 3519 6134 7097 
15660 6134 5107 7097 
15661 7153 5109 7135 
15662 7153 7167 5109 
15663 7214 6121 7178 
15664 7340 7339 7305 
15665 7278 7340 7305 
15666 7417 7443 7391 
15667 7392 7417 7391 
15668 7417 7472 7443 
15669 7529 7588 7528 
15670 7674 7644 7645 
15671 7674 7695 7644 
15672 7674 7718 7695 
15673 7820 7819 7789 
15674 7767 7820 7789 
15675 7920 7919 7869 
15676 7919 7920 7969 
15677 4561 7969 4562 
15678 7858 7857 7805 
15679 7431 7459 7488 
15680 4958 8063 5027 
15681 1946 3566 6199 
15682 7336 1946 6199 
15683 3566 1946 6760 
15684 1068 1354 1353 
15685 7119 7132 7106 
15686 7802 7801 7751 
15687 7402 7404 7457 
15688 7702 7751 7725 
15689 7405 7431 7379 
15690 7430 7431 7488 
15691 7133 7166 7165 
15692 7459 7488 7516 
15693 7112 5107 6134 
15694 7179 7178 7167 
15695 7153 7179 7167 
15696 7235 7257 6121 
15697 7214 7235 6121 
15698 7235 7278 7257 
15699 7340 7392 7339 
15700 7473 7472 7417 
15701 7473 7529 7472 
15702 7589 7588 7529 
15703 7589 7645 7588 
15704 7719 7718 7674 
15705 7719 7767 7718 
15706 7820 7869 7819 
15707 7944 7969 7920 
15708 7969 8015 4562 
15709 7438 7466 7437 
15710 7189 7205 7188 
15711 4583 4557 4584 
15712 3735 1946 7336 
15713 1946 3449 6760 
15714 3449 5615 6760 
15715 5615 1268 1068 
15716 6760 5615 1068 
15717 1068 1268 1354 
15718 7751 7750 7724 
15719 7725 7751 7724 
15720 7107 7119 7106 
15721 7539 7603 7538 
15722 7404 7487 7486 
15723 7928 7953 7903 
15724 7726 7774 7753 
15725 7487 7458 7539 
15726 7546 7547 7579 
15727 7124 7135 5107 
15728 7112 7124 5107 
15729 7124 7153 7135 
15730 7179 7214 7178 
15731 7279 7278 7235 
15732 7365 7392 7340 
15733 7418 7417 7392 
15734 7365 7418 7392 
15735 7530 7529 7473 
15736 7619 7645 7589 
15737 7619 7674 7645 
15738 7768 7767 7719 
15739 7870 7869 7820 
15740 7870 7920 7869 
15741 7991 7969 7944 
15742 7969 7991 8015 
15743 7991 8032 4562 
15744 8015 7991 4562 
15745 4562 8032 4563 
15746 100 2307 101 
15747 8052 279 3784 
15748 7519 7546 7545 
15749 7457 7515 7456 
15750 7545 7546 7579 
15751 7142 7189 7162 
15752 977 3735 7336 
15753 5615 7938 1268 
15754 7571 7599 7570 
15755 7599 7625 7598 
15756 7680 7701 7679 
15757 7781 7810 7780 
15758 7085 7112 6134 
15759 7154 7153 7124 
15760 7215 7214 7179 
15761 7236 7235 7214 
15762 7215 7236 7214 
15763 7341 7340 7278 
15764 7279 7341 7278 
15765 7341 7365 7340 
15766 7418 7473 7417 
15767 7590 7589 7529 
15768 7530 7590 7529 
15769 7590 7619 7589 
15770 7675 7674 7619 
15771 7675 7719 7674 
15772 7790 7820 7767 
15773 7768 7790 7767 
15774 7893 7920 7870 
15775 7945 7944 7920 
15776 7893 7945 7920 
15777 8033 8032 7991 
15778 8032 8033 4563 
15779 8009 1429 3863 
15780 8033 8058 4563 
15781 7658 7730 7729 
15782 1030 3735 977 
15783 7500 1946 3735 
15784 1030 7500 3735 
15785 7500 4298 3449 
15786 1946 7500 3449 
15787 7625 7624 7598 
15788 7725 7724 7679 
15789 7701 7725 7679 
15790 7132 7119 7145 
15791 7487 7539 7486 
15792 7603 7602 7538 
15793 7800 7799 7772 
15794 7854 7853 7801 
15795 7486 7538 7515 
15796 7274 7326 7297 
15797 7148 7164 7195 
15798 7098 7112 7085 
15799 7098 7124 7112 
15800 7180 7179 7153 
15801 7154 7180 7153 
15802 7236 7279 7235 
15803 7366 7365 7341 
15804 7474 7473 7418 
15805 7474 7530 7473 
15806 7620 7619 7590 
15807 7696 7719 7675 
15808 7696 7768 7719 
15809 7844 7820 7790 
15810 7844 7870 7820 
15811 7844 7893 7870 
15812 7945 7991 7944 
15813 8033 1382 8058 
15814 8026 2282 8025 
15815 7356 7384 7326 
15816 7223 7222 7206 
15817 4579 4578 7642 
15818 4298 6696 5615 
15819 3449 4298 5615 
15820 6696 7888 7938 
15821 5615 6696 7938 
15822 7888 1315 1268 
15823 7938 7888 1268 
15824 7723 7772 7722 
15825 7599 7598 7570 
15826 7902 7952 7901 
15827 7759 7781 7780 
15828 2488 7616 7556 
15829 7086 7085 6187 
15830 7083 7086 6187 
15831 7086 7098 7085 
15832 7125 7124 7098 
15833 7125 7154 7124 
15834 7199 7179 7180 
15835 7199 7215 7179 
15836 7280 7279 7236 
15837 7280 7341 7279 
15838 7419 7418 7365 
15839 7366 7419 7365 
15840 7505 7530 7474 
15841 7505 7590 7530 
15842 7742 7768 7696 
15843 7742 7790 7768 
15844 7894 7893 7844 
15845 7992 7991 7945 
15846 7992 8033 7991 
15847 8033 8059 1382 
15848 3305 7301 3306 
15849 1030 979 3672 
15850 5438 6706 6741 
15851 1179 343 4076 
15852 7680 7679 7626 
15853 7571 7570 7537 
15854 7625 7680 7626 
15855 7682 7704 7655 
15856 7828 7827 7803 
15857 3305 7332 7301 
15858 7360 7359 7332 
15859 7099 7098 7086 
15860 7155 7154 7125 
15861 7155 7180 7154 
15862 7237 7236 7215 
15863 7199 7237 7215 
15864 7306 7341 7280 
15865 7306 7366 7341 
15866 7419 7474 7418 
15867 7591 7590 7505 
15868 7791 7790 7742 
15869 7791 7844 7790 
15870 7946 7945 7893 
15871 7894 7946 7893 
15872 8016 8033 7992 
15873 8016 8059 8033 
15874 214 2380 4164 
15875 7851 7901 7850 
15876 7360 7410 7359 
15877 7120 7147 7146 
15878 7855 7904 7879 
15879 3672 7500 1030 
15880 3672 1078 4298 
15881 7500 3672 4298 
15882 1078 309 4298 
15883 4298 309 6696 
15884 309 4048 7888 
15885 6696 309 7888 
15886 7888 4048 1315 
15887 2404 3192 2166 
15888 7108 7119 7107 
15889 8042 2282 8026 
15890 7495 7494 7435 
15891 7436 7495 7435 
15892 8005 8042 8026 
15893 5947 7086 7083 
15894 7126 7125 7098 
15895 7099 7126 7098 
15896 7181 7180 7155 
15897 7181 7199 7180 
15898 7281 7280 7236 
15899 7237 7281 7236 
15900 7281 7306 7280 
15901 7367 7366 7306 
15902 7367 7419 7366 
15903 7444 7474 7419 
15904 7506 7505 7474 
15905 7444 7506 7474 
15906 7506 7561 7505 
15907 7561 7591 7505 
15908 7743 7742 7696 
15909 7845 7844 7791 
15910 7845 7894 7844 
15911 7946 7992 7945 
15912 8048 8059 8016 
15913 8048 6922 1382 
15914 8059 8048 1382 
15915 2488 7556 3378 
15916 7635 7612 7613 
15917 7543 7605 7542 
15918 4048 7639 1315 
15919 8031 936 3844 
15920 3299 4519 1880 
15921 6278 7108 6279 
15922 7777 7831 7807 
15923 7983 2307 8008 
15924 7635 7666 7612 
15925 7689 7688 7666 
15926 7635 7689 7666 
15927 7084 7086 5947 
15928 7084 7099 7086 
15929 7156 7155 7125 
15930 7126 7156 7125 
15931 7216 7199 7181 
15932 7200 7216 7181 
15933 7258 7237 7199 
15934 7216 7258 7199 
15935 7282 7281 7237 
15936 7258 7282 7237 
15937 7307 7306 7281 
15938 7282 7307 7281 
15939 7420 7419 7367 
15940 7420 7444 7419 
15941 7506 7562 7561 
15942 7792 7791 7742 
15943 7743 7792 7742 
15944 7895 7894 7845 
15945 7970 7992 7946 
15946 8017 8016 7992 
15947 7970 8017 7992 
15948 3786 6922 8048 
15949 6922 1170 1382 
15950 3786 1170 6922 
15951 3949 4297 304 
15952 1584 1254 1607 
15953 5494 5519 5493 
15954 7960 2307 7959 
15955 5558 5557 5537 
15956 1316 1357 1356 
15957 309 7639 4048 
15958 403 7760 449 
15959 7682 7726 7704 
15960 7909 7960 7908 
15961 4369 69 1006 
15962 7327 7356 7326 
15963 644 645 741 
15964 7100 7099 7084 
15965 7182 7181 7155 
15966 7156 7182 7155 
15967 7182 7200 7181 
15968 7182 7216 7200 
15969 7259 7258 7216 
15970 7283 7282 7258 
15971 7259 7283 7258 
15972 7283 7307 7282 
15973 7283 7308 7307 
15974 7445 7444 7420 
15975 7792 7845 7791 
15976 7921 7946 7894 
15977 7895 7921 7894 
15978 7921 7970 7946 
15979 8049 8048 8016 
15980 8017 8049 8016 
15981 7547 7608 7579 
15982 3843 154 236 
15983 7639 1275 1316 
15984 7640 309 1078 
15985 1079 7640 1078 
15986 7640 2994 309 
15987 309 2994 7639 
15988 2994 1275 7639 
15989 7625 7626 7571 
15990 7245 7244 7207 
15991 7464 7463 7411 
15992 7108 7107 6279 
15993 7465 7463 7464 
15994 2307 7983 7959 
15995 7127 7126 7099 
15996 7100 7127 7099 
15997 7168 7182 7156 
15998 7238 7216 7182 
15999 7238 7259 7216 
16000 7238 7283 7259 
16001 7342 7308 7283 
16002 7308 7342 7283 
16003 7368 7393 7367 
16004 7393 7420 7367 
16005 7507 7506 7444 
16006 7445 7507 7444 
16007 7507 7563 7562 
16008 7506 7507 7562 
16009 7821 7845 7792 
16010 7821 7895 7845 
16011 7971 7970 7921 
16012 7971 8017 7970 
16013 3722 3786 8048 
16014 8049 3722 8048 
16015 3722 1170 3786 
16016 4581 4580 7673 
16017 3294 7150 7134 
16018 7543 7542 7489 
16019 7960 7959 7908 
16020 7678 7677 7623 
16021 5047 7640 1079 
16022 5047 2994 7640 
16023 490 2956 2474 
16024 7572 7571 7513 
16025 7808 7831 7777 
16026 7152 7175 7151 
16027 7778 7808 7777 
16028 4558 7869 7892 
16029 7777 7756 7730 
16030 5953 7100 7084 
16031 7136 7156 7126 
16032 7127 7136 7126 
16033 7157 7168 7156 
16034 7136 7157 7156 
16035 7168 7157 7182 
16036 7157 7201 7182 
16037 7201 7217 7182 
16038 7217 7238 7182 
16039 7284 7283 7238 
16040 7284 7308 7283 
16041 7308 7369 7342 
16042 7393 7445 7420 
16043 7871 7895 7821 
16044 7922 7921 7895 
16045 7871 7922 7895 
16046 8018 8017 7971 
16047 4564 1170 3722 
16048 7485 7514 7484 
16049 7597 7623 7596 
16050 7405 7459 7431 
16051 7232 7231 7213 
16052 2244 6553 8054 
16053 490 1102 2411 
16054 7101 7100 5953 
16055 7101 7113 7100 
16056 7113 7127 7100 
16057 7157 7136 7127 
16058 7136 7157 7127 
16059 7157 7202 7201 
16060 7202 7217 7201 
16061 7239 7238 7217 
16062 7202 7239 7217 
16063 7309 7308 7284 
16064 7309 7369 7308 
16065 7446 7445 7393 
16066 7446 7507 7445 
16067 7507 7564 7563 
16068 7822 7871 7821 
16069 7922 7971 7921 
16070 8034 8049 8017 
16071 8018 8034 8017 
16072 7333 7332 3305 
16073 7333 7360 7332 
16074 7465 7522 7463 
16075 7197 7213 7176 
16076 6109 1275 2994 
16077 1173 6109 2994 
16078 7428 7484 7427 
16079 5108 5122 5107 
16080 7411 7410 7360 
16081 7137 7136 7127 
16082 7113 7137 7127 
16083 7137 7158 7157 
16084 7136 7137 7157 
16085 7260 7238 7239 
16086 7260 7284 7238 
16087 7370 7369 7309 
16088 7370 7394 7369 
16089 7475 7507 7446 
16090 7475 7565 7564 
16091 7507 7475 7564 
16092 7872 7871 7822 
16093 7972 7971 7922 
16094 7972 8018 7971 
16095 6341 8049 8034 
16096 6341 3722 8049 
16097 2316 4564 3722 
16098 6341 2316 3722 
16099 7522 7521 7463 
16100 7829 7828 7774 
16101 7413 7464 7411 
16102 7724 7749 7723 
16103 7954 7979 7930 
16104 7134 7133 7109 
16105 7633 7632 7606 
16106 7553 7552 7494 
16107 7495 7553 7494 
16108 7087 7101 5953 
16109 7203 7202 7157 
16110 7158 7203 7157 
16111 7310 7309 7284 
16112 7260 7310 7284 
16113 7395 7394 7370 
16114 7421 7446 7393 
16115 7923 7922 7871 
16116 7872 7923 7871 
16117 7993 8018 7972 
16118 7993 8034 8018 
16119 8025 8041 8003 
16120 7775 7829 7774 
16121 7853 7852 7826 
16122 2294 2293 2263 
16123 7724 7723 7678 
16124 7679 7724 7678 
16125 7315 7375 7349 
16126 7146 7163 7171 
16127 7904 7954 7930 
16128 8025 8003 8004 
16129 8025 8054 8041 
16130 7577 7633 7606 
16131 7689 7713 2335 
16132 7688 7689 2335 
16133 7114 7113 7101 
16134 7087 7114 7101 
16135 7218 7239 7202 
16136 7203 7218 7202 
16137 7218 7260 7239 
16138 7310 7370 7309 
16139 7447 7446 7421 
16140 7476 7475 7446 
16141 7447 7476 7446 
16142 7475 7531 7565 
16143 7823 7872 7822 
16144 7923 7972 7922 
16145 8035 8034 7993 
16146 8035 6341 8034 
16147 2370 2335 402 
16148 7731 7730 7658 
16149 7904 7930 7879 
16150 7315 7349 7291 
16151 7349 7374 7348 
16152 7801 7853 7826 
16153 7773 7749 7723 
16154 7749 7773 7723 
16155 7456 7428 7429 
16156 7513 7537 7483 
16157 7905 7904 7855 
16158 7166 7173 7196 
16159 7577 7606 7544 
16160 7250 7295 7249 
16161 7250 7249 7233 
16162 7624 7623 7598 
16163 7138 7137 7113 
16164 7114 7138 7113 
16165 7138 7159 7158 
16166 7137 7138 7158 
16167 7159 7183 7158 
16168 7183 7203 7158 
16169 7261 7260 7218 
16170 7343 7370 7310 
16171 7343 7395 7370 
16172 7532 7531 7475 
16173 7476 7532 7475 
16174 7531 7532 7565 
16175 7873 7872 7823 
16176 7947 7972 7923 
16177 7994 7993 7972 
16178 7947 7994 7972 
16179 8060 6341 8035 
16180 2317 2316 6341 
16181 8060 2317 6341 
16182 2334 2335 2370 
16183 7327 7326 7274 
16184 7426 7482 7455 
16185 7232 7273 7231 
16186 7270 7248 7293 
16187 7456 7485 7428 
16188 8061 8052 3784 
16189 7801 7800 7749 
16190 7773 7801 7749 
16191 7484 7513 7483 
16192 7376 7375 7315 
16193 7210 7211 7229 
16194 7165 7166 7196 
16195 7173 7211 7210 
16196 7196 7173 7210 
16197 3322 7387 7388 
16198 7159 7184 7183 
16199 7184 7203 7183 
16200 7219 7218 7203 
16201 7184 7219 7203 
16202 7285 7310 7260 
16203 7261 7285 7260 
16204 7285 7343 7310 
16205 7396 7395 7343 
16206 7396 7422 7395 
16207 7448 7476 7447 
16208 7592 7565 7532 
16209 7896 7872 7873 
16210 7896 7923 7872 
16211 7896 7947 7923 
16212 8036 8035 7993 
16213 7994 8036 7993 
16214 7630 7706 7685 
16215 7693 7692 7667 
16216 7638 7693 7667 
16217 7691 7692 450 
16218 7930 7929 7878 
16219 7379 7378 7320 
16220 7829 7855 7828 
16221 279 4613 3784 
16222 7801 7826 7800 
16223 7573 7572 7514 
16224 7266 7315 7291 
16225 7387 7386 3304 
16226 7399 7398 7346 
16227 7351 7318 7377 
16228 7318 7352 7377 
16229 7115 7114 7087 
16230 7088 7115 7087 
16231 7219 7261 7218 
16232 7344 7343 7285 
16233 7477 7476 7448 
16234 7593 7592 7532 
16235 7794 7823 7793 
16236 7794 7846 7823 
16237 7846 7873 7823 
16238 7948 7947 7896 
16239 7948 7994 7947 
16240 5645 3616 5661 
16241 7109 7122 7095 
16242 7109 7133 7122 
16243 7602 7654 7601 
16244 7524 7523 7497 
16245 7776 7829 7775 
16246 7481 7535 7512 
16247 7349 7348 7290 
16248 7652 7703 7681 
16249 7703 7702 7681 
16250 8054 6553 6785 
16251 8054 6785 8040 
16252 8041 8054 8040 
16253 7776 7775 7727 
16254 7379 7431 7378 
16255 7096 7109 7095 
16256 6553 2244 2279 
16257 7115 7128 7138 
16258 7114 7115 7138 
16259 7128 7160 7159 
16260 7138 7128 7159 
16261 7185 7184 7159 
16262 7160 7185 7159 
16263 7262 7261 7219 
16264 7262 7285 7261 
16265 7397 7396 7343 
16266 7344 7397 7343 
16267 7508 7532 7476 
16268 7477 7508 7476 
16269 7594 7593 7532 
16270 7897 7896 7873 
16271 7846 7897 7873 
16272 7995 7994 7948 
16273 7143 7190 7142 
16274 7726 7753 7703 
16275 7683 7682 7629 
16276 7413 7412 7385 
16277 7953 7952 7902 
16278 7573 7627 7600 
16279 7191 7225 7190 
16280 7483 7537 7482 
16281 7537 7535 7482 
16282 7661 7660 7607 
16283 7089 7102 7088 
16284 7102 7115 7088 
16285 7220 7219 7184 
16286 7185 7220 7184 
16287 7286 7285 7262 
16288 7286 7344 7285 
16289 7423 7396 7397 
16290 7450 7449 7396 
16291 7423 7450 7396 
16292 7450 7478 7449 
16293 7566 7532 7508 
16294 7532 7566 7594 
16295 7566 7594 7593 
16296 7594 7566 7593 
16297 7594 7646 7593 
16298 7897 7948 7896 
16299 8019 8036 7994 
16300 7995 8019 7994 
16301 5659 5643 5660 
$EndElements
